[2026-08-26T14:35:03-03:00] [ERR-20260826-B8BC11] SQLSTATE[23000]: Integrity constraint violation: 1052 Column 'table_name' in SELECT is ambiguous in /home/appnannerbr/public_html/tools/id-sequence-status.php:7 | request=CLI - | user=- | tenant=-
#0 /home/appnannerbr/public_html/tools/id-sequence-status.php(7): PDO->prepare('SELECT table_na...')
#1 {main}

[2026-08-27T09:49:01-03:00] [ERR-20260827-3A357B] SQLSTATE[HY000] [1040] Too many connections in /home/appnannerbr/public_html/app/Core/Database.php:23 | request=CLI - | user=- | tenant=-
#0 /home/appnannerbr/public_html/app/Core/Database.php(23): PDO->__construct('mysql:host=loca...', 'appnannerbr_app', Object(SensitiveParameterValue), Array)
#1 /home/appnannerbr/public_html/app/Core/bootstrap.php(63): App\Core\Database::connection()
#2 /home/appnannerbr/public_html/cron/worker.php(4): require('/home/appnanner...')
#3 {main}

[2026-08-27T14:20:01-03:00] [ERR-20260827-8D6443] SQLSTATE[HY000] [1040] Too many connections in /home/appnannerbr/public_html/app/Core/Database.php:23 | request=CLI - | user=- | tenant=-
#0 /home/appnannerbr/public_html/app/Core/Database.php(23): PDO->__construct('mysql:host=loca...', 'appnannerbr_app', Object(SensitiveParameterValue), Array)
#1 /home/appnannerbr/public_html/app/Core/bootstrap.php(63): App\Core\Database::connection()
#2 /home/appnannerbr/public_html/cron/arena.php(4): require('/home/appnanner...')
#3 {main}

[2026-08-27T14:20:01-03:00] [ERR-20260827-361A1A] SQLSTATE[08004] [1040] Too many connections in /home/appnannerbr/public_html/app/Core/Database.php:23 | request=CLI - | user=- | tenant=-
#0 /home/appnannerbr/public_html/app/Core/Database.php(23): PDO->__construct('mysql:host=loca...', 'appnannerbr_app', Object(SensitiveParameterValue), Array)
#1 /home/appnannerbr/public_html/app/Core/bootstrap.php(63): App\Core\Database::connection()
#2 /home/appnannerbr/public_html/cron/appointment_reminders.php(4): require('/home/appnanner...')
#3 {main}

[2026-08-27T14:20:01-03:00] [ERR-20260827-26C6EC] SQLSTATE[HY000] [1040] Too many connections in /home/appnannerbr/public_html/app/Core/Database.php:23 | request=CLI - | user=- | tenant=-
#0 /home/appnannerbr/public_html/app/Core/Database.php(23): PDO->__construct('mysql:host=loca...', 'appnannerbr_app', Object(SensitiveParameterValue), Array)
#1 /home/appnannerbr/public_html/app/Core/bootstrap.php(63): App\Core\Database::connection()
#2 /home/appnannerbr/public_html/cron/worker.php(4): require('/home/appnanner...')
#3 {main}

[2026-08-27T14:20:01-03:00] [ERR-20260827-21A127] SQLSTATE[HY000] [1040] Too many connections in /home/appnannerbr/public_html/app/Core/Database.php:23 | request=CLI - | user=- | tenant=-
#0 /home/appnannerbr/public_html/app/Core/Database.php(23): PDO->__construct('mysql:host=loca...', 'appnannerbr_app', Object(SensitiveParameterValue), Array)
#1 /home/appnannerbr/public_html/app/Core/bootstrap.php(63): App\Core\Database::connection()
#2 /home/appnannerbr/public_html/cron/auto.php(3): require('/home/appnanner...')
#3 {main}

[2026-09-04T02:36:01-03:00] [ERR-20260904-847C4E] SQLSTATE[08004] [1040] Too many connections in /home/appnannerbr/public_html/app/Core/Database.php:23 | request=CLI - | user=- | tenant=-
#0 /home/appnannerbr/public_html/app/Core/Database.php(23): PDO->__construct('mysql:host=loca...', 'appnannerbr_app', Object(SensitiveParameterValue), Array)
#1 /home/appnannerbr/public_html/app/Core/bootstrap.php(63): App\Core\Database::connection()
#2 /home/appnannerbr/public_html/cron/arena.php(4): require('/home/appnanner...')
#3 {main}

[2026-09-04T02:36:01-03:00] [ERR-20260904-384148] SQLSTATE[08004] [1040] Too many connections in /home/appnannerbr/public_html/app/Core/Database.php:23 | request=CLI - | user=- | tenant=-
#0 /home/appnannerbr/public_html/app/Core/Database.php(23): PDO->__construct('mysql:host=loca...', 'appnannerbr_app', Object(SensitiveParameterValue), Array)
#1 /home/appnannerbr/public_html/app/Core/bootstrap.php(63): App\Core\Database::connection()
#2 /home/appnannerbr/public_html/cron/worker.php(4): require('/home/appnanner...')
#3 {main}

[2026-09-08T04:34:01-03:00] [ERR-20260908-304193] SQLSTATE[HY000] [1040] Too many connections in /home/appnannerbr/public_html/app/Core/Database.php:23 | request=CLI - | user=- | tenant=-
#0 /home/appnannerbr/public_html/app/Core/Database.php(23): PDO->__construct('mysql:host=loca...', 'appnannerbr_app', Object(SensitiveParameterValue), Array)
#1 /home/appnannerbr/public_html/app/Core/bootstrap.php(63): App\Core\Database::connection()
#2 /home/appnannerbr/public_html/cron/worker.php(4): require('/home/appnanner...')
#3 {main}

[2026-09-08T04:34:01-03:00] [ERR-20260908-22048E] SQLSTATE[HY000] [1040] Too many connections in /home/appnannerbr/public_html/app/Core/Database.php:23 | request=CLI - | user=- | tenant=-
#0 /home/appnannerbr/public_html/app/Core/Database.php(23): PDO->__construct('mysql:host=loca...', 'appnannerbr_app', Object(SensitiveParameterValue), Array)
#1 /home/appnannerbr/public_html/app/Core/bootstrap.php(63): App\Core\Database::connection()
#2 /home/appnannerbr/public_html/cron/arena.php(4): require('/home/appnanner...')
#3 {main}

[2026-09-08T06:01:01-03:00] [ERR-20260908-8D6A58] SQLSTATE[HY000] [1040] Too many connections in /home/appnannerbr/public_html/app/Core/Database.php:23 | request=CLI - | user=- | tenant=-
#0 /home/appnannerbr/public_html/app/Core/Database.php(23): PDO->__construct('mysql:host=loca...', 'appnannerbr_app', Object(SensitiveParameterValue), Array)
#1 /home/appnannerbr/public_html/app/Core/bootstrap.php(63): App\Core\Database::connection()
#2 /home/appnannerbr/public_html/cron/worker.php(4): require('/home/appnanner...')
#3 {main}

[2026-09-11T08:02:02-03:00] [ERR-20260911-6D38EE] SQLSTATE[22003]: Numeric value out of range: 1264 Out of range value for column 'duration_ms' at row 1 in /home/appnannerbr/public_html/cron/run.php:11 | request=CLI - | user=- | tenant=-
#0 /home/appnannerbr/public_html/cron/run.php(11): PDOStatement->execute(Array)
#1 {main}

[2026-09-11T08:12:01-03:00] [ERR-20260911-AD6C19] SQLSTATE[22003]: Numeric value out of range: 1264 Out of range value for column 'duration_ms' at row 1 in /home/appnannerbr/public_html/cron/run.php:11 | request=CLI - | user=- | tenant=-
#0 /home/appnannerbr/public_html/cron/run.php(11): PDOStatement->execute(Array)
#1 {main}

[2026-09-11T08:22:01-03:00] [ERR-20260911-E9EA38] SQLSTATE[22003]: Numeric value out of range: 1264 Out of range value for column 'duration_ms' at row 1 in /home/appnannerbr/public_html/cron/run.php:11 | request=CLI - | user=- | tenant=-
#0 /home/appnannerbr/public_html/cron/run.php(11): PDOStatement->execute(Array)
#1 {main}

[2026-09-11T08:32:02-03:00] [ERR-20260911-07F2C5] SQLSTATE[22003]: Numeric value out of range: 1264 Out of range value for column 'duration_ms' at row 1 in /home/appnannerbr/public_html/cron/run.php:11 | request=CLI - | user=- | tenant=-
#0 /home/appnannerbr/public_html/cron/run.php(11): PDOStatement->execute(Array)
#1 {main}

[2026-09-11T08:42:01-03:00] [ERR-20260911-3E3A95] SQLSTATE[22003]: Numeric value out of range: 1264 Out of range value for column 'duration_ms' at row 1 in /home/appnannerbr/public_html/cron/run.php:11 | request=CLI - | user=- | tenant=-
#0 /home/appnannerbr/public_html/cron/run.php(11): PDOStatement->execute(Array)
#1 {main}

[2026-09-11T08:52:01-03:00] [ERR-20260911-CE87E9] SQLSTATE[22003]: Numeric value out of range: 1264 Out of range value for column 'duration_ms' at row 1 in /home/appnannerbr/public_html/cron/run.php:11 | request=CLI - | user=- | tenant=-
#0 /home/appnannerbr/public_html/cron/run.php(11): PDOStatement->execute(Array)
#1 {main}

[2026-09-11T09:02:01-03:00] [ERR-20260911-A99B6F] SQLSTATE[22003]: Numeric value out of range: 1264 Out of range value for column 'duration_ms' at row 1 in /home/appnannerbr/public_html/cron/run.php:11 | request=CLI - | user=- | tenant=-
#0 /home/appnannerbr/public_html/cron/run.php(11): PDOStatement->execute(Array)
#1 {main}

[2026-09-11T09:12:01-03:00] [ERR-20260911-58A592] SQLSTATE[22003]: Numeric value out of range: 1264 Out of range value for column 'duration_ms' at row 1 in /home/appnannerbr/public_html/cron/run.php:11 | request=CLI - | user=- | tenant=-
#0 /home/appnannerbr/public_html/cron/run.php(11): PDOStatement->execute(Array)
#1 {main}

[2026-09-11T09:22:01-03:00] [ERR-20260911-CA3384] SQLSTATE[22003]: Numeric value out of range: 1264 Out of range value for column 'duration_ms' at row 1 in /home/appnannerbr/public_html/cron/run.php:11 | request=CLI - | user=- | tenant=-
#0 /home/appnannerbr/public_html/cron/run.php(11): PDOStatement->execute(Array)
#1 {main}

[2026-09-11T09:32:02-03:00] [ERR-20260911-B9A226] SQLSTATE[22003]: Numeric value out of range: 1264 Out of range value for column 'duration_ms' at row 1 in /home/appnannerbr/public_html/cron/run.php:11 | request=CLI - | user=- | tenant=-
#0 /home/appnannerbr/public_html/cron/run.php(11): PDOStatement->execute(Array)
#1 {main}

[2026-09-11T09:42:02-03:00] [ERR-20260911-A0A29B] SQLSTATE[22003]: Numeric value out of range: 1264 Out of range value for column 'duration_ms' at row 1 in /home/appnannerbr/public_html/cron/run.php:11 | request=CLI - | user=- | tenant=-
#0 /home/appnannerbr/public_html/cron/run.php(11): PDOStatement->execute(Array)
#1 {main}

[2026-09-11T09:52:02-03:00] [ERR-20260911-68A332] SQLSTATE[22003]: Numeric value out of range: 1264 Out of range value for column 'duration_ms' at row 1 in /home/appnannerbr/public_html/cron/run.php:11 | request=CLI - | user=- | tenant=-
#0 /home/appnannerbr/public_html/cron/run.php(11): PDOStatement->execute(Array)
#1 {main}

[2026-09-11T10:02:02-03:00] [ERR-20260911-3318B7] SQLSTATE[22003]: Numeric value out of range: 1264 Out of range value for column 'duration_ms' at row 1 in /home/appnannerbr/public_html/cron/run.php:11 | request=CLI - | user=- | tenant=-
#0 /home/appnannerbr/public_html/cron/run.php(11): PDOStatement->execute(Array)
#1 {main}

[2026-09-11T10:12:01-03:00] [ERR-20260911-D33AF2] SQLSTATE[22003]: Numeric value out of range: 1264 Out of range value for column 'duration_ms' at row 1 in /home/appnannerbr/public_html/cron/run.php:11 | request=CLI - | user=- | tenant=-
#0 /home/appnannerbr/public_html/cron/run.php(11): PDOStatement->execute(Array)
#1 {main}

[2026-09-11T10:22:01-03:00] [ERR-20260911-5421E6] SQLSTATE[22003]: Numeric value out of range: 1264 Out of range value for column 'duration_ms' at row 1 in /home/appnannerbr/public_html/cron/run.php:11 | request=CLI - | user=- | tenant=-
#0 /home/appnannerbr/public_html/cron/run.php(11): PDOStatement->execute(Array)
#1 {main}

[2026-09-11T10:32:01-03:00] [ERR-20260911-8C51D1] SQLSTATE[22003]: Numeric value out of range: 1264 Out of range value for column 'duration_ms' at row 1 in /home/appnannerbr/public_html/cron/run.php:11 | request=CLI - | user=- | tenant=-
#0 /home/appnannerbr/public_html/cron/run.php(11): PDOStatement->execute(Array)
#1 {main}

[2026-09-11T10:42:01-03:00] [ERR-20260911-364B60] SQLSTATE[22003]: Numeric value out of range: 1264 Out of range value for column 'duration_ms' at row 1 in /home/appnannerbr/public_html/cron/run.php:11 | request=CLI - | user=- | tenant=-
#0 /home/appnannerbr/public_html/cron/run.php(11): PDOStatement->execute(Array)
#1 {main}

[2026-09-11T10:52:01-03:00] [ERR-20260911-4FD622] SQLSTATE[22003]: Numeric value out of range: 1264 Out of range value for column 'duration_ms' at row 1 in /home/appnannerbr/public_html/cron/run.php:11 | request=CLI - | user=- | tenant=-
#0 /home/appnannerbr/public_html/cron/run.php(11): PDOStatement->execute(Array)
#1 {main}

[2026-09-11T11:02:02-03:00] [ERR-20260911-8BD171] SQLSTATE[22003]: Numeric value out of range: 1264 Out of range value for column 'duration_ms' at row 1 in /home/appnannerbr/public_html/cron/run.php:11 | request=CLI - | user=- | tenant=-
#0 /home/appnannerbr/public_html/cron/run.php(11): PDOStatement->execute(Array)
#1 {main}

[2026-09-11T11:12:01-03:00] [ERR-20260911-3B126A] SQLSTATE[22003]: Numeric value out of range: 1264 Out of range value for column 'duration_ms' at row 1 in /home/appnannerbr/public_html/cron/run.php:11 | request=CLI - | user=- | tenant=-
#0 /home/appnannerbr/public_html/cron/run.php(11): PDOStatement->execute(Array)
#1 {main}

[2026-09-11T11:22:01-03:00] [ERR-20260911-ACBD17] SQLSTATE[22003]: Numeric value out of range: 1264 Out of range value for column 'duration_ms' at row 1 in /home/appnannerbr/public_html/cron/run.php:11 | request=CLI - | user=- | tenant=-
#0 /home/appnannerbr/public_html/cron/run.php(11): PDOStatement->execute(Array)
#1 {main}

[2026-09-11T11:32:01-03:00] [ERR-20260911-80C258] SQLSTATE[22003]: Numeric value out of range: 1264 Out of range value for column 'duration_ms' at row 1 in /home/appnannerbr/public_html/cron/run.php:11 | request=CLI - | user=- | tenant=-
#0 /home/appnannerbr/public_html/cron/run.php(11): PDOStatement->execute(Array)
#1 {main}

[2026-09-11T11:42:02-03:00] [ERR-20260911-4E0E34] SQLSTATE[22003]: Numeric value out of range: 1264 Out of range value for column 'duration_ms' at row 1 in /home/appnannerbr/public_html/cron/run.php:11 | request=CLI - | user=- | tenant=-
#0 /home/appnannerbr/public_html/cron/run.php(11): PDOStatement->execute(Array)
#1 {main}

[2026-09-11T11:52:01-03:00] [ERR-20260911-53AAC1] SQLSTATE[22003]: Numeric value out of range: 1264 Out of range value for column 'duration_ms' at row 1 in /home/appnannerbr/public_html/cron/run.php:11 | request=CLI - | user=- | tenant=-
#0 /home/appnannerbr/public_html/cron/run.php(11): PDOStatement->execute(Array)
#1 {main}

[2026-09-11T12:02:01-03:00] [ERR-20260911-A27DEE] SQLSTATE[22003]: Numeric value out of range: 1264 Out of range value for column 'duration_ms' at row 1 in /home/appnannerbr/public_html/cron/run.php:11 | request=CLI - | user=- | tenant=-
#0 /home/appnannerbr/public_html/cron/run.php(11): PDOStatement->execute(Array)
#1 {main}

[2026-09-11T12:12:01-03:00] [ERR-20260911-17E31F] SQLSTATE[22003]: Numeric value out of range: 1264 Out of range value for column 'duration_ms' at row 1 in /home/appnannerbr/public_html/cron/run.php:11 | request=CLI - | user=- | tenant=-
#0 /home/appnannerbr/public_html/cron/run.php(11): PDOStatement->execute(Array)
#1 {main}

[2026-09-11T12:22:01-03:00] [ERR-20260911-9702A2] SQLSTATE[22003]: Numeric value out of range: 1264 Out of range value for column 'duration_ms' at row 1 in /home/appnannerbr/public_html/cron/run.php:11 | request=CLI - | user=- | tenant=-
#0 /home/appnannerbr/public_html/cron/run.php(11): PDOStatement->execute(Array)
#1 {main}

[2026-09-11T12:32:01-03:00] [ERR-20260911-8834B7] SQLSTATE[22003]: Numeric value out of range: 1264 Out of range value for column 'duration_ms' at row 1 in /home/appnannerbr/public_html/cron/run.php:11 | request=CLI - | user=- | tenant=-
#0 /home/appnannerbr/public_html/cron/run.php(11): PDOStatement->execute(Array)
#1 {main}

[2026-09-11T12:42:01-03:00] [ERR-20260911-49E003] SQLSTATE[22003]: Numeric value out of range: 1264 Out of range value for column 'duration_ms' at row 1 in /home/appnannerbr/public_html/cron/run.php:11 | request=CLI - | user=- | tenant=-
#0 /home/appnannerbr/public_html/cron/run.php(11): PDOStatement->execute(Array)
#1 {main}

[2026-09-11T12:52:01-03:00] [ERR-20260911-D03DE0] SQLSTATE[22003]: Numeric value out of range: 1264 Out of range value for column 'duration_ms' at row 1 in /home/appnannerbr/public_html/cron/run.php:11 | request=CLI - | user=- | tenant=-
#0 /home/appnannerbr/public_html/cron/run.php(11): PDOStatement->execute(Array)
#1 {main}

[2026-09-11T13:02:01-03:00] [ERR-20260911-6822EF] SQLSTATE[22003]: Numeric value out of range: 1264 Out of range value for column 'duration_ms' at row 1 in /home/appnannerbr/public_html/cron/run.php:11 | request=CLI - | user=- | tenant=-
#0 /home/appnannerbr/public_html/cron/run.php(11): PDOStatement->execute(Array)
#1 {main}

[2026-09-11T13:12:01-03:00] [ERR-20260911-298023] SQLSTATE[22003]: Numeric value out of range: 1264 Out of range value for column 'duration_ms' at row 1 in /home/appnannerbr/public_html/cron/run.php:11 | request=CLI - | user=- | tenant=-
#0 /home/appnannerbr/public_html/cron/run.php(11): PDOStatement->execute(Array)
#1 {main}

[2026-09-11T13:22:01-03:00] [ERR-20260911-ABCD4E] SQLSTATE[22003]: Numeric value out of range: 1264 Out of range value for column 'duration_ms' at row 1 in /home/appnannerbr/public_html/cron/run.php:11 | request=CLI - | user=- | tenant=-
#0 /home/appnannerbr/public_html/cron/run.php(11): PDOStatement->execute(Array)
#1 {main}

[2026-09-11T13:32:01-03:00] [ERR-20260911-C8A49E] SQLSTATE[22003]: Numeric value out of range: 1264 Out of range value for column 'duration_ms' at row 1 in /home/appnannerbr/public_html/cron/run.php:11 | request=CLI - | user=- | tenant=-
#0 /home/appnannerbr/public_html/cron/run.php(11): PDOStatement->execute(Array)
#1 {main}

[2026-09-11T13:42:02-03:00] [ERR-20260911-DEC13A] SQLSTATE[22003]: Numeric value out of range: 1264 Out of range value for column 'duration_ms' at row 1 in /home/appnannerbr/public_html/cron/run.php:11 | request=CLI - | user=- | tenant=-
#0 /home/appnannerbr/public_html/cron/run.php(11): PDOStatement->execute(Array)
#1 {main}

[2026-09-11T13:52:02-03:00] [ERR-20260911-85799E] SQLSTATE[22003]: Numeric value out of range: 1264 Out of range value for column 'duration_ms' at row 1 in /home/appnannerbr/public_html/cron/run.php:11 | request=CLI - | user=- | tenant=-
#0 /home/appnannerbr/public_html/cron/run.php(11): PDOStatement->execute(Array)
#1 {main}

[2026-09-11T14:02:02-03:00] [ERR-20260911-D3DB80] SQLSTATE[22003]: Numeric value out of range: 1264 Out of range value for column 'duration_ms' at row 1 in /home/appnannerbr/public_html/cron/run.php:11 | request=CLI - | user=- | tenant=-
#0 /home/appnannerbr/public_html/cron/run.php(11): PDOStatement->execute(Array)
#1 {main}

[2026-09-11T14:12:01-03:00] [ERR-20260911-0FD5FE] SQLSTATE[22003]: Numeric value out of range: 1264 Out of range value for column 'duration_ms' at row 1 in /home/appnannerbr/public_html/cron/run.php:11 | request=CLI - | user=- | tenant=-
#0 /home/appnannerbr/public_html/cron/run.php(11): PDOStatement->execute(Array)
#1 {main}

[2026-09-11T14:22:01-03:00] [ERR-20260911-B5423A] SQLSTATE[22003]: Numeric value out of range: 1264 Out of range value for column 'duration_ms' at row 1 in /home/appnannerbr/public_html/cron/run.php:11 | request=CLI - | user=- | tenant=-
#0 /home/appnannerbr/public_html/cron/run.php(11): PDOStatement->execute(Array)
#1 {main}

[2026-09-11T14:32:01-03:00] [ERR-20260911-AE05FA] SQLSTATE[22003]: Numeric value out of range: 1264 Out of range value for column 'duration_ms' at row 1 in /home/appnannerbr/public_html/cron/run.php:11 | request=CLI - | user=- | tenant=-
#0 /home/appnannerbr/public_html/cron/run.php(11): PDOStatement->execute(Array)
#1 {main}

[2026-09-11T14:42:01-03:00] [ERR-20260911-3FCE73] SQLSTATE[22003]: Numeric value out of range: 1264 Out of range value for column 'duration_ms' at row 1 in /home/appnannerbr/public_html/cron/run.php:11 | request=CLI - | user=- | tenant=-
#0 /home/appnannerbr/public_html/cron/run.php(11): PDOStatement->execute(Array)
#1 {main}

[2026-09-11T14:52:01-03:00] [ERR-20260911-9C8827] SQLSTATE[22003]: Numeric value out of range: 1264 Out of range value for column 'duration_ms' at row 1 in /home/appnannerbr/public_html/cron/run.php:11 | request=CLI - | user=- | tenant=-
#0 /home/appnannerbr/public_html/cron/run.php(11): PDOStatement->execute(Array)
#1 {main}

[2026-09-11T15:02:01-03:00] [ERR-20260911-2089B0] SQLSTATE[22003]: Numeric value out of range: 1264 Out of range value for column 'duration_ms' at row 1 in /home/appnannerbr/public_html/cron/run.php:11 | request=CLI - | user=- | tenant=-
#0 /home/appnannerbr/public_html/cron/run.php(11): PDOStatement->execute(Array)
#1 {main}

[2026-09-11T15:12:01-03:00] [ERR-20260911-EB60E5] SQLSTATE[22003]: Numeric value out of range: 1264 Out of range value for column 'duration_ms' at row 1 in /home/appnannerbr/public_html/cron/run.php:11 | request=CLI - | user=- | tenant=-
#0 /home/appnannerbr/public_html/cron/run.php(11): PDOStatement->execute(Array)
#1 {main}

[2026-09-11T15:22:02-03:00] [ERR-20260911-5621BB] SQLSTATE[22003]: Numeric value out of range: 1264 Out of range value for column 'duration_ms' at row 1 in /home/appnannerbr/public_html/cron/run.php:11 | request=CLI - | user=- | tenant=-
#0 /home/appnannerbr/public_html/cron/run.php(11): PDOStatement->execute(Array)
#1 {main}

[2026-09-11T15:32:01-03:00] [ERR-20260911-8CF2F4] SQLSTATE[22003]: Numeric value out of range: 1264 Out of range value for column 'duration_ms' at row 1 in /home/appnannerbr/public_html/cron/run.php:11 | request=CLI - | user=- | tenant=-
#0 /home/appnannerbr/public_html/cron/run.php(11): PDOStatement->execute(Array)
#1 {main}

[2026-09-11T15:42:01-03:00] [ERR-20260911-22E5E2] SQLSTATE[22003]: Numeric value out of range: 1264 Out of range value for column 'duration_ms' at row 1 in /home/appnannerbr/public_html/cron/run.php:11 | request=CLI - | user=- | tenant=-
#0 /home/appnannerbr/public_html/cron/run.php(11): PDOStatement->execute(Array)
#1 {main}

[2026-09-11T15:52:01-03:00] [ERR-20260911-B2F1FF] SQLSTATE[22003]: Numeric value out of range: 1264 Out of range value for column 'duration_ms' at row 1 in /home/appnannerbr/public_html/cron/run.php:11 | request=CLI - | user=- | tenant=-
#0 /home/appnannerbr/public_html/cron/run.php(11): PDOStatement->execute(Array)
#1 {main}

[2026-09-11T16:02:02-03:00] [ERR-20260911-510177] SQLSTATE[22003]: Numeric value out of range: 1264 Out of range value for column 'duration_ms' at row 1 in /home/appnannerbr/public_html/cron/run.php:11 | request=CLI - | user=- | tenant=-
#0 /home/appnannerbr/public_html/cron/run.php(11): PDOStatement->execute(Array)
#1 {main}

[2026-09-11T16:12:02-03:00] [ERR-20260911-D4EEE1] SQLSTATE[22003]: Numeric value out of range: 1264 Out of range value for column 'duration_ms' at row 1 in /home/appnannerbr/public_html/cron/run.php:11 | request=CLI - | user=- | tenant=-
#0 /home/appnannerbr/public_html/cron/run.php(11): PDOStatement->execute(Array)
#1 {main}

[2026-09-11T16:22:01-03:00] [ERR-20260911-59B209] SQLSTATE[22003]: Numeric value out of range: 1264 Out of range value for column 'duration_ms' at row 1 in /home/appnannerbr/public_html/cron/run.php:11 | request=CLI - | user=- | tenant=-
#0 /home/appnannerbr/public_html/cron/run.php(11): PDOStatement->execute(Array)
#1 {main}

[2026-09-11T16:32:01-03:00] [ERR-20260911-E63F8C] SQLSTATE[22003]: Numeric value out of range: 1264 Out of range value for column 'duration_ms' at row 1 in /home/appnannerbr/public_html/cron/run.php:11 | request=CLI - | user=- | tenant=-
#0 /home/appnannerbr/public_html/cron/run.php(11): PDOStatement->execute(Array)
#1 {main}

[2026-09-11T16:42:01-03:00] [ERR-20260911-93E982] SQLSTATE[22003]: Numeric value out of range: 1264 Out of range value for column 'duration_ms' at row 1 in /home/appnannerbr/public_html/cron/run.php:11 | request=CLI - | user=- | tenant=-
#0 /home/appnannerbr/public_html/cron/run.php(11): PDOStatement->execute(Array)
#1 {main}

[2026-09-11T16:52:01-03:00] [ERR-20260911-F3DECE] SQLSTATE[22003]: Numeric value out of range: 1264 Out of range value for column 'duration_ms' at row 1 in /home/appnannerbr/public_html/cron/run.php:11 | request=CLI - | user=- | tenant=-
#0 /home/appnannerbr/public_html/cron/run.php(11): PDOStatement->execute(Array)
#1 {main}

[2026-09-11T17:02:02-03:00] [ERR-20260911-3C28A3] SQLSTATE[22003]: Numeric value out of range: 1264 Out of range value for column 'duration_ms' at row 1 in /home/appnannerbr/public_html/cron/run.php:11 | request=CLI - | user=- | tenant=-
#0 /home/appnannerbr/public_html/cron/run.php(11): PDOStatement->execute(Array)
#1 {main}

[2026-09-11T17:12:01-03:00] [ERR-20260911-869B2C] SQLSTATE[22003]: Numeric value out of range: 1264 Out of range value for column 'duration_ms' at row 1 in /home/appnannerbr/public_html/cron/run.php:11 | request=CLI - | user=- | tenant=-
#0 /home/appnannerbr/public_html/cron/run.php(11): PDOStatement->execute(Array)
#1 {main}

[2026-09-11T17:22:01-03:00] [ERR-20260911-F2DB60] SQLSTATE[22003]: Numeric value out of range: 1264 Out of range value for column 'duration_ms' at row 1 in /home/appnannerbr/public_html/cron/run.php:11 | request=CLI - | user=- | tenant=-
#0 /home/appnannerbr/public_html/cron/run.php(11): PDOStatement->execute(Array)
#1 {main}

[2026-09-11T17:32:01-03:00] [ERR-20260911-3E3AEC] SQLSTATE[22003]: Numeric value out of range: 1264 Out of range value for column 'duration_ms' at row 1 in /home/appnannerbr/public_html/cron/run.php:11 | request=CLI - | user=- | tenant=-
#0 /home/appnannerbr/public_html/cron/run.php(11): PDOStatement->execute(Array)
#1 {main}

[2026-09-11T17:42:01-03:00] [ERR-20260911-2EFBBC] SQLSTATE[22003]: Numeric value out of range: 1264 Out of range value for column 'duration_ms' at row 1 in /home/appnannerbr/public_html/cron/run.php:11 | request=CLI - | user=- | tenant=-
#0 /home/appnannerbr/public_html/cron/run.php(11): PDOStatement->execute(Array)
#1 {main}

[2026-09-11T17:52:01-03:00] [ERR-20260911-416BFE] SQLSTATE[22003]: Numeric value out of range: 1264 Out of range value for column 'duration_ms' at row 1 in /home/appnannerbr/public_html/cron/run.php:11 | request=CLI - | user=- | tenant=-
#0 /home/appnannerbr/public_html/cron/run.php(11): PDOStatement->execute(Array)
#1 {main}

[2026-09-11T18:02:01-03:00] [ERR-20260911-1E096F] SQLSTATE[22003]: Numeric value out of range: 1264 Out of range value for column 'duration_ms' at row 1 in /home/appnannerbr/public_html/cron/run.php:11 | request=CLI - | user=- | tenant=-
#0 /home/appnannerbr/public_html/cron/run.php(11): PDOStatement->execute(Array)
#1 {main}

[2026-09-11T18:12:01-03:00] [ERR-20260911-DA251E] SQLSTATE[22003]: Numeric value out of range: 1264 Out of range value for column 'duration_ms' at row 1 in /home/appnannerbr/public_html/cron/run.php:11 | request=CLI - | user=- | tenant=-
#0 /home/appnannerbr/public_html/cron/run.php(11): PDOStatement->execute(Array)
#1 {main}

[2026-09-11T18:22:01-03:00] [ERR-20260911-F100E0] SQLSTATE[22003]: Numeric value out of range: 1264 Out of range value for column 'duration_ms' at row 1 in /home/appnannerbr/public_html/cron/run.php:11 | request=CLI - | user=- | tenant=-
#0 /home/appnannerbr/public_html/cron/run.php(11): PDOStatement->execute(Array)
#1 {main}

[2026-09-11T18:32:01-03:00] [ERR-20260911-35752C] SQLSTATE[22003]: Numeric value out of range: 1264 Out of range value for column 'duration_ms' at row 1 in /home/appnannerbr/public_html/cron/run.php:11 | request=CLI - | user=- | tenant=-
#0 /home/appnannerbr/public_html/cron/run.php(11): PDOStatement->execute(Array)
#1 {main}

[2026-09-11T18:42:01-03:00] [ERR-20260911-970F5E] SQLSTATE[22003]: Numeric value out of range: 1264 Out of range value for column 'duration_ms' at row 1 in /home/appnannerbr/public_html/cron/run.php:11 | request=CLI - | user=- | tenant=-
#0 /home/appnannerbr/public_html/cron/run.php(11): PDOStatement->execute(Array)
#1 {main}

[2026-09-11T18:52:01-03:00] [ERR-20260911-ED68C7] SQLSTATE[22003]: Numeric value out of range: 1264 Out of range value for column 'duration_ms' at row 1 in /home/appnannerbr/public_html/cron/run.php:11 | request=CLI - | user=- | tenant=-
#0 /home/appnannerbr/public_html/cron/run.php(11): PDOStatement->execute(Array)
#1 {main}

[2026-09-11T19:02:02-03:00] [ERR-20260911-534430] SQLSTATE[22003]: Numeric value out of range: 1264 Out of range value for column 'duration_ms' at row 1 in /home/appnannerbr/public_html/cron/run.php:11 | request=CLI - | user=- | tenant=-
#0 /home/appnannerbr/public_html/cron/run.php(11): PDOStatement->execute(Array)
#1 {main}

[2026-09-11T19:12:01-03:00] [ERR-20260911-510078] SQLSTATE[22003]: Numeric value out of range: 1264 Out of range value for column 'duration_ms' at row 1 in /home/appnannerbr/public_html/cron/run.php:11 | request=CLI - | user=- | tenant=-
#0 /home/appnannerbr/public_html/cron/run.php(11): PDOStatement->execute(Array)
#1 {main}

[2026-09-11T19:22:02-03:00] [ERR-20260911-8F6447] SQLSTATE[22003]: Numeric value out of range: 1264 Out of range value for column 'duration_ms' at row 1 in /home/appnannerbr/public_html/cron/run.php:11 | request=CLI - | user=- | tenant=-
#0 /home/appnannerbr/public_html/cron/run.php(11): PDOStatement->execute(Array)
#1 {main}

[2026-09-11T19:32:02-03:00] [ERR-20260911-44F4FE] SQLSTATE[22003]: Numeric value out of range: 1264 Out of range value for column 'duration_ms' at row 1 in /home/appnannerbr/public_html/cron/run.php:11 | request=CLI - | user=- | tenant=-
#0 /home/appnannerbr/public_html/cron/run.php(11): PDOStatement->execute(Array)
#1 {main}

[2026-09-11T19:42:01-03:00] [ERR-20260911-4A8D14] SQLSTATE[22003]: Numeric value out of range: 1264 Out of range value for column 'duration_ms' at row 1 in /home/appnannerbr/public_html/cron/run.php:11 | request=CLI - | user=- | tenant=-
#0 /home/appnannerbr/public_html/cron/run.php(11): PDOStatement->execute(Array)
#1 {main}

[2026-09-11T19:52:01-03:00] [ERR-20260911-6BCBA9] SQLSTATE[22003]: Numeric value out of range: 1264 Out of range value for column 'duration_ms' at row 1 in /home/appnannerbr/public_html/cron/run.php:11 | request=CLI - | user=- | tenant=-
#0 /home/appnannerbr/public_html/cron/run.php(11): PDOStatement->execute(Array)
#1 {main}

[2026-09-12T08:02:01-03:00] [ERR-20260912-52C58B] SQLSTATE[22003]: Numeric value out of range: 1264 Out of range value for column 'duration_ms' at row 1 in /home/appnannerbr/public_html/cron/run.php:11 | request=CLI - | user=- | tenant=-
#0 /home/appnannerbr/public_html/cron/run.php(11): PDOStatement->execute(Array)
#1 {main}

[2026-09-12T08:12:01-03:00] [ERR-20260912-A9DD00] SQLSTATE[22003]: Numeric value out of range: 1264 Out of range value for column 'duration_ms' at row 1 in /home/appnannerbr/public_html/cron/run.php:11 | request=CLI - | user=- | tenant=-
#0 /home/appnannerbr/public_html/cron/run.php(11): PDOStatement->execute(Array)
#1 {main}

[2026-09-12T08:22:01-03:00] [ERR-20260912-A3CE7F] SQLSTATE[22003]: Numeric value out of range: 1264 Out of range value for column 'duration_ms' at row 1 in /home/appnannerbr/public_html/cron/run.php:11 | request=CLI - | user=- | tenant=-
#0 /home/appnannerbr/public_html/cron/run.php(11): PDOStatement->execute(Array)
#1 {main}

[2026-09-12T08:32:01-03:00] [ERR-20260912-8559AC] SQLSTATE[22003]: Numeric value out of range: 1264 Out of range value for column 'duration_ms' at row 1 in /home/appnannerbr/public_html/cron/run.php:11 | request=CLI - | user=- | tenant=-
#0 /home/appnannerbr/public_html/cron/run.php(11): PDOStatement->execute(Array)
#1 {main}

[2026-09-12T08:42:01-03:00] [ERR-20260912-4A4195] SQLSTATE[22003]: Numeric value out of range: 1264 Out of range value for column 'duration_ms' at row 1 in /home/appnannerbr/public_html/cron/run.php:11 | request=CLI - | user=- | tenant=-
#0 /home/appnannerbr/public_html/cron/run.php(11): PDOStatement->execute(Array)
#1 {main}

[2026-09-12T08:52:02-03:00] [ERR-20260912-DEFAC5] SQLSTATE[22003]: Numeric value out of range: 1264 Out of range value for column 'duration_ms' at row 1 in /home/appnannerbr/public_html/cron/run.php:11 | request=CLI - | user=- | tenant=-
#0 /home/appnannerbr/public_html/cron/run.php(11): PDOStatement->execute(Array)
#1 {main}

[2026-09-12T09:02:02-03:00] [ERR-20260912-97662C] SQLSTATE[22003]: Numeric value out of range: 1264 Out of range value for column 'duration_ms' at row 1 in /home/appnannerbr/public_html/cron/run.php:11 | request=CLI - | user=- | tenant=-
#0 /home/appnannerbr/public_html/cron/run.php(11): PDOStatement->execute(Array)
#1 {main}

[2026-09-12T09:12:01-03:00] [ERR-20260912-1BA059] SQLSTATE[22003]: Numeric value out of range: 1264 Out of range value for column 'duration_ms' at row 1 in /home/appnannerbr/public_html/cron/run.php:11 | request=CLI - | user=- | tenant=-
#0 /home/appnannerbr/public_html/cron/run.php(11): PDOStatement->execute(Array)
#1 {main}

[2026-09-12T09:22:01-03:00] [ERR-20260912-A00658] SQLSTATE[22003]: Numeric value out of range: 1264 Out of range value for column 'duration_ms' at row 1 in /home/appnannerbr/public_html/cron/run.php:11 | request=CLI - | user=- | tenant=-
#0 /home/appnannerbr/public_html/cron/run.php(11): PDOStatement->execute(Array)
#1 {main}

[2026-09-12T09:32:01-03:00] [ERR-20260912-9E1625] SQLSTATE[22003]: Numeric value out of range: 1264 Out of range value for column 'duration_ms' at row 1 in /home/appnannerbr/public_html/cron/run.php:11 | request=CLI - | user=- | tenant=-
#0 /home/appnannerbr/public_html/cron/run.php(11): PDOStatement->execute(Array)
#1 {main}

[2026-09-12T09:42:01-03:00] [ERR-20260912-ECB1AE] SQLSTATE[22003]: Numeric value out of range: 1264 Out of range value for column 'duration_ms' at row 1 in /home/appnannerbr/public_html/cron/run.php:11 | request=CLI - | user=- | tenant=-
#0 /home/appnannerbr/public_html/cron/run.php(11): PDOStatement->execute(Array)
#1 {main}

[2026-09-12T09:52:01-03:00] [ERR-20260912-C5B7F1] SQLSTATE[22003]: Numeric value out of range: 1264 Out of range value for column 'duration_ms' at row 1 in /home/appnannerbr/public_html/cron/run.php:11 | request=CLI - | user=- | tenant=-
#0 /home/appnannerbr/public_html/cron/run.php(11): PDOStatement->execute(Array)
#1 {main}

[2026-09-12T10:02:01-03:00] [ERR-20260912-B15907] SQLSTATE[22003]: Numeric value out of range: 1264 Out of range value for column 'duration_ms' at row 1 in /home/appnannerbr/public_html/cron/run.php:11 | request=CLI - | user=- | tenant=-
#0 /home/appnannerbr/public_html/cron/run.php(11): PDOStatement->execute(Array)
#1 {main}

[2026-09-12T10:12:01-03:00] [ERR-20260912-E651D7] SQLSTATE[22003]: Numeric value out of range: 1264 Out of range value for column 'duration_ms' at row 1 in /home/appnannerbr/public_html/cron/run.php:11 | request=CLI - | user=- | tenant=-
#0 /home/appnannerbr/public_html/cron/run.php(11): PDOStatement->execute(Array)
#1 {main}

[2026-09-12T10:22:01-03:00] [ERR-20260912-9CDCAE] SQLSTATE[22003]: Numeric value out of range: 1264 Out of range value for column 'duration_ms' at row 1 in /home/appnannerbr/public_html/cron/run.php:11 | request=CLI - | user=- | tenant=-
#0 /home/appnannerbr/public_html/cron/run.php(11): PDOStatement->execute(Array)
#1 {main}

[2026-09-12T10:32:01-03:00] [ERR-20260912-99EC54] SQLSTATE[22003]: Numeric value out of range: 1264 Out of range value for column 'duration_ms' at row 1 in /home/appnannerbr/public_html/cron/run.php:11 | request=CLI - | user=- | tenant=-
#0 /home/appnannerbr/public_html/cron/run.php(11): PDOStatement->execute(Array)
#1 {main}

[2026-09-12T10:42:02-03:00] [ERR-20260912-1DE5C3] SQLSTATE[22003]: Numeric value out of range: 1264 Out of range value for column 'duration_ms' at row 1 in /home/appnannerbr/public_html/cron/run.php:11 | request=CLI - | user=- | tenant=-
#0 /home/appnannerbr/public_html/cron/run.php(11): PDOStatement->execute(Array)
#1 {main}

[2026-09-12T10:52:01-03:00] [ERR-20260912-96302D] SQLSTATE[22003]: Numeric value out of range: 1264 Out of range value for column 'duration_ms' at row 1 in /home/appnannerbr/public_html/cron/run.php:11 | request=CLI - | user=- | tenant=-
#0 /home/appnannerbr/public_html/cron/run.php(11): PDOStatement->execute(Array)
#1 {main}

[2026-09-12T11:02:01-03:00] [ERR-20260912-B07DE3] SQLSTATE[22003]: Numeric value out of range: 1264 Out of range value for column 'duration_ms' at row 1 in /home/appnannerbr/public_html/cron/run.php:11 | request=CLI - | user=- | tenant=-
#0 /home/appnannerbr/public_html/cron/run.php(11): PDOStatement->execute(Array)
#1 {main}

[2026-09-12T11:12:02-03:00] [ERR-20260912-6CD222] SQLSTATE[22003]: Numeric value out of range: 1264 Out of range value for column 'duration_ms' at row 1 in /home/appnannerbr/public_html/cron/run.php:11 | request=CLI - | user=- | tenant=-
#0 /home/appnannerbr/public_html/cron/run.php(11): PDOStatement->execute(Array)
#1 {main}

[2026-09-12T11:22:01-03:00] [ERR-20260912-88F5A2] SQLSTATE[22003]: Numeric value out of range: 1264 Out of range value for column 'duration_ms' at row 1 in /home/appnannerbr/public_html/cron/run.php:11 | request=CLI - | user=- | tenant=-
#0 /home/appnannerbr/public_html/cron/run.php(11): PDOStatement->execute(Array)
#1 {main}

[2026-09-12T11:32:02-03:00] [ERR-20260912-03E40F] SQLSTATE[22003]: Numeric value out of range: 1264 Out of range value for column 'duration_ms' at row 1 in /home/appnannerbr/public_html/cron/run.php:11 | request=CLI - | user=- | tenant=-
#0 /home/appnannerbr/public_html/cron/run.php(11): PDOStatement->execute(Array)
#1 {main}

[2026-09-12T11:42:01-03:00] [ERR-20260912-312B88] SQLSTATE[22003]: Numeric value out of range: 1264 Out of range value for column 'duration_ms' at row 1 in /home/appnannerbr/public_html/cron/run.php:11 | request=CLI - | user=- | tenant=-
#0 /home/appnannerbr/public_html/cron/run.php(11): PDOStatement->execute(Array)
#1 {main}

[2026-09-12T11:52:01-03:00] [ERR-20260912-AA2FEA] SQLSTATE[22003]: Numeric value out of range: 1264 Out of range value for column 'duration_ms' at row 1 in /home/appnannerbr/public_html/cron/run.php:11 | request=CLI - | user=- | tenant=-
#0 /home/appnannerbr/public_html/cron/run.php(11): PDOStatement->execute(Array)
#1 {main}

[2026-09-12T12:02:01-03:00] [ERR-20260912-198F76] SQLSTATE[22003]: Numeric value out of range: 1264 Out of range value for column 'duration_ms' at row 1 in /home/appnannerbr/public_html/cron/run.php:11 | request=CLI - | user=- | tenant=-
#0 /home/appnannerbr/public_html/cron/run.php(11): PDOStatement->execute(Array)
#1 {main}

[2026-09-12T12:12:01-03:00] [ERR-20260912-C97C3B] SQLSTATE[22003]: Numeric value out of range: 1264 Out of range value for column 'duration_ms' at row 1 in /home/appnannerbr/public_html/cron/run.php:11 | request=CLI - | user=- | tenant=-
#0 /home/appnannerbr/public_html/cron/run.php(11): PDOStatement->execute(Array)
#1 {main}

[2026-09-12T12:22:02-03:00] [ERR-20260912-71A523] SQLSTATE[22003]: Numeric value out of range: 1264 Out of range value for column 'duration_ms' at row 1 in /home/appnannerbr/public_html/cron/run.php:11 | request=CLI - | user=- | tenant=-
#0 /home/appnannerbr/public_html/cron/run.php(11): PDOStatement->execute(Array)
#1 {main}

[2026-09-12T12:32:01-03:00] [ERR-20260912-767830] SQLSTATE[22003]: Numeric value out of range: 1264 Out of range value for column 'duration_ms' at row 1 in /home/appnannerbr/public_html/cron/run.php:11 | request=CLI - | user=- | tenant=-
#0 /home/appnannerbr/public_html/cron/run.php(11): PDOStatement->execute(Array)
#1 {main}

[2026-09-12T12:42:01-03:00] [ERR-20260912-AB73BC] SQLSTATE[22003]: Numeric value out of range: 1264 Out of range value for column 'duration_ms' at row 1 in /home/appnannerbr/public_html/cron/run.php:11 | request=CLI - | user=- | tenant=-
#0 /home/appnannerbr/public_html/cron/run.php(11): PDOStatement->execute(Array)
#1 {main}

[2026-09-12T12:52:01-03:00] [ERR-20260912-D960F7] SQLSTATE[22003]: Numeric value out of range: 1264 Out of range value for column 'duration_ms' at row 1 in /home/appnannerbr/public_html/cron/run.php:11 | request=CLI - | user=- | tenant=-
#0 /home/appnannerbr/public_html/cron/run.php(11): PDOStatement->execute(Array)
#1 {main}

[2026-09-12T13:02:01-03:00] [ERR-20260912-393A46] SQLSTATE[22003]: Numeric value out of range: 1264 Out of range value for column 'duration_ms' at row 1 in /home/appnannerbr/public_html/cron/run.php:11 | request=CLI - | user=- | tenant=-
#0 /home/appnannerbr/public_html/cron/run.php(11): PDOStatement->execute(Array)
#1 {main}

[2026-09-12T13:12:01-03:00] [ERR-20260912-086F83] SQLSTATE[22003]: Numeric value out of range: 1264 Out of range value for column 'duration_ms' at row 1 in /home/appnannerbr/public_html/cron/run.php:11 | request=CLI - | user=- | tenant=-
#0 /home/appnannerbr/public_html/cron/run.php(11): PDOStatement->execute(Array)
#1 {main}

[2026-09-12T13:22:01-03:00] [ERR-20260912-F1EFBD] SQLSTATE[22003]: Numeric value out of range: 1264 Out of range value for column 'duration_ms' at row 1 in /home/appnannerbr/public_html/cron/run.php:11 | request=CLI - | user=- | tenant=-
#0 /home/appnannerbr/public_html/cron/run.php(11): PDOStatement->execute(Array)
#1 {main}

[2026-09-12T13:32:01-03:00] [ERR-20260912-04B6EA] SQLSTATE[22003]: Numeric value out of range: 1264 Out of range value for column 'duration_ms' at row 1 in /home/appnannerbr/public_html/cron/run.php:11 | request=CLI - | user=- | tenant=-
#0 /home/appnannerbr/public_html/cron/run.php(11): PDOStatement->execute(Array)
#1 {main}

[2026-09-12T13:42:01-03:00] [ERR-20260912-3104FC] SQLSTATE[22003]: Numeric value out of range: 1264 Out of range value for column 'duration_ms' at row 1 in /home/appnannerbr/public_html/cron/run.php:11 | request=CLI - | user=- | tenant=-
#0 /home/appnannerbr/public_html/cron/run.php(11): PDOStatement->execute(Array)
#1 {main}

[2026-09-12T13:52:01-03:00] [ERR-20260912-D7901F] SQLSTATE[22003]: Numeric value out of range: 1264 Out of range value for column 'duration_ms' at row 1 in /home/appnannerbr/public_html/cron/run.php:11 | request=CLI - | user=- | tenant=-
#0 /home/appnannerbr/public_html/cron/run.php(11): PDOStatement->execute(Array)
#1 {main}

[2026-09-12T14:02:01-03:00] [ERR-20260912-0AB987] SQLSTATE[22003]: Numeric value out of range: 1264 Out of range value for column 'duration_ms' at row 1 in /home/appnannerbr/public_html/cron/run.php:11 | request=CLI - | user=- | tenant=-
#0 /home/appnannerbr/public_html/cron/run.php(11): PDOStatement->execute(Array)
#1 {main}

[2026-09-12T14:12:01-03:00] [ERR-20260912-AB0320] SQLSTATE[22003]: Numeric value out of range: 1264 Out of range value for column 'duration_ms' at row 1 in /home/appnannerbr/public_html/cron/run.php:11 | request=CLI - | user=- | tenant=-
#0 /home/appnannerbr/public_html/cron/run.php(11): PDOStatement->execute(Array)
#1 {main}

[2026-09-12T14:22:01-03:00] [ERR-20260912-EDED3E] SQLSTATE[22003]: Numeric value out of range: 1264 Out of range value for column 'duration_ms' at row 1 in /home/appnannerbr/public_html/cron/run.php:11 | request=CLI - | user=- | tenant=-
#0 /home/appnannerbr/public_html/cron/run.php(11): PDOStatement->execute(Array)
#1 {main}

[2026-09-12T14:32:01-03:00] [ERR-20260912-A77FFB] SQLSTATE[22003]: Numeric value out of range: 1264 Out of range value for column 'duration_ms' at row 1 in /home/appnannerbr/public_html/cron/run.php:11 | request=CLI - | user=- | tenant=-
#0 /home/appnannerbr/public_html/cron/run.php(11): PDOStatement->execute(Array)
#1 {main}

[2026-09-12T14:42:01-03:00] [ERR-20260912-5E615B] SQLSTATE[22003]: Numeric value out of range: 1264 Out of range value for column 'duration_ms' at row 1 in /home/appnannerbr/public_html/cron/run.php:11 | request=CLI - | user=- | tenant=-
#0 /home/appnannerbr/public_html/cron/run.php(11): PDOStatement->execute(Array)
#1 {main}

[2026-09-12T14:52:01-03:00] [ERR-20260912-48EFB8] SQLSTATE[22003]: Numeric value out of range: 1264 Out of range value for column 'duration_ms' at row 1 in /home/appnannerbr/public_html/cron/run.php:11 | request=CLI - | user=- | tenant=-
#0 /home/appnannerbr/public_html/cron/run.php(11): PDOStatement->execute(Array)
#1 {main}

[2026-09-12T15:02:01-03:00] [ERR-20260912-44779E] SQLSTATE[22003]: Numeric value out of range: 1264 Out of range value for column 'duration_ms' at row 1 in /home/appnannerbr/public_html/cron/run.php:11 | request=CLI - | user=- | tenant=-
#0 /home/appnannerbr/public_html/cron/run.php(11): PDOStatement->execute(Array)
#1 {main}

[2026-09-12T15:12:01-03:00] [ERR-20260912-4654B4] SQLSTATE[22003]: Numeric value out of range: 1264 Out of range value for column 'duration_ms' at row 1 in /home/appnannerbr/public_html/cron/run.php:11 | request=CLI - | user=- | tenant=-
#0 /home/appnannerbr/public_html/cron/run.php(11): PDOStatement->execute(Array)
#1 {main}

[2026-09-12T15:22:02-03:00] [ERR-20260912-0E4263] SQLSTATE[22003]: Numeric value out of range: 1264 Out of range value for column 'duration_ms' at row 1 in /home/appnannerbr/public_html/cron/run.php:11 | request=CLI - | user=- | tenant=-
#0 /home/appnannerbr/public_html/cron/run.php(11): PDOStatement->execute(Array)
#1 {main}

[2026-09-12T15:32:01-03:00] [ERR-20260912-3CA8B4] SQLSTATE[22003]: Numeric value out of range: 1264 Out of range value for column 'duration_ms' at row 1 in /home/appnannerbr/public_html/cron/run.php:11 | request=CLI - | user=- | tenant=-
#0 /home/appnannerbr/public_html/cron/run.php(11): PDOStatement->execute(Array)
#1 {main}

[2026-09-12T15:42:01-03:00] [ERR-20260912-C76A9D] SQLSTATE[22003]: Numeric value out of range: 1264 Out of range value for column 'duration_ms' at row 1 in /home/appnannerbr/public_html/cron/run.php:11 | request=CLI - | user=- | tenant=-
#0 /home/appnannerbr/public_html/cron/run.php(11): PDOStatement->execute(Array)
#1 {main}

[2026-09-12T15:52:01-03:00] [ERR-20260912-FB399F] SQLSTATE[22003]: Numeric value out of range: 1264 Out of range value for column 'duration_ms' at row 1 in /home/appnannerbr/public_html/cron/run.php:11 | request=CLI - | user=- | tenant=-
#0 /home/appnannerbr/public_html/cron/run.php(11): PDOStatement->execute(Array)
#1 {main}

[2026-09-12T16:02:02-03:00] [ERR-20260912-C8FC33] SQLSTATE[22003]: Numeric value out of range: 1264 Out of range value for column 'duration_ms' at row 1 in /home/appnannerbr/public_html/cron/run.php:11 | request=CLI - | user=- | tenant=-
#0 /home/appnannerbr/public_html/cron/run.php(11): PDOStatement->execute(Array)
#1 {main}

[2026-09-12T16:12:01-03:00] [ERR-20260912-E0AF42] SQLSTATE[22003]: Numeric value out of range: 1264 Out of range value for column 'duration_ms' at row 1 in /home/appnannerbr/public_html/cron/run.php:11 | request=CLI - | user=- | tenant=-
#0 /home/appnannerbr/public_html/cron/run.php(11): PDOStatement->execute(Array)
#1 {main}

[2026-09-12T16:22:02-03:00] [ERR-20260912-FC2555] SQLSTATE[22003]: Numeric value out of range: 1264 Out of range value for column 'duration_ms' at row 1 in /home/appnannerbr/public_html/cron/run.php:11 | request=CLI - | user=- | tenant=-
#0 /home/appnannerbr/public_html/cron/run.php(11): PDOStatement->execute(Array)
#1 {main}

[2026-09-12T16:32:01-03:00] [ERR-20260912-68A905] SQLSTATE[22003]: Numeric value out of range: 1264 Out of range value for column 'duration_ms' at row 1 in /home/appnannerbr/public_html/cron/run.php:11 | request=CLI - | user=- | tenant=-
#0 /home/appnannerbr/public_html/cron/run.php(11): PDOStatement->execute(Array)
#1 {main}

[2026-09-12T16:42:01-03:00] [ERR-20260912-8E3C06] SQLSTATE[22003]: Numeric value out of range: 1264 Out of range value for column 'duration_ms' at row 1 in /home/appnannerbr/public_html/cron/run.php:11 | request=CLI - | user=- | tenant=-
#0 /home/appnannerbr/public_html/cron/run.php(11): PDOStatement->execute(Array)
#1 {main}

[2026-09-12T16:52:01-03:00] [ERR-20260912-443F5A] SQLSTATE[22003]: Numeric value out of range: 1264 Out of range value for column 'duration_ms' at row 1 in /home/appnannerbr/public_html/cron/run.php:11 | request=CLI - | user=- | tenant=-
#0 /home/appnannerbr/public_html/cron/run.php(11): PDOStatement->execute(Array)
#1 {main}

[2026-09-12T17:02:02-03:00] [ERR-20260912-82195B] SQLSTATE[22003]: Numeric value out of range: 1264 Out of range value for column 'duration_ms' at row 1 in /home/appnannerbr/public_html/cron/run.php:11 | request=CLI - | user=- | tenant=-
#0 /home/appnannerbr/public_html/cron/run.php(11): PDOStatement->execute(Array)
#1 {main}

[2026-09-12T17:12:02-03:00] [ERR-20260912-AC26ED] SQLSTATE[22003]: Numeric value out of range: 1264 Out of range value for column 'duration_ms' at row 1 in /home/appnannerbr/public_html/cron/run.php:11 | request=CLI - | user=- | tenant=-
#0 /home/appnannerbr/public_html/cron/run.php(11): PDOStatement->execute(Array)
#1 {main}

[2026-09-12T17:22:02-03:00] [ERR-20260912-802045] SQLSTATE[22003]: Numeric value out of range: 1264 Out of range value for column 'duration_ms' at row 1 in /home/appnannerbr/public_html/cron/run.php:11 | request=CLI - | user=- | tenant=-
#0 /home/appnannerbr/public_html/cron/run.php(11): PDOStatement->execute(Array)
#1 {main}

[2026-09-12T17:32:01-03:00] [ERR-20260912-05660C] SQLSTATE[22003]: Numeric value out of range: 1264 Out of range value for column 'duration_ms' at row 1 in /home/appnannerbr/public_html/cron/run.php:11 | request=CLI - | user=- | tenant=-
#0 /home/appnannerbr/public_html/cron/run.php(11): PDOStatement->execute(Array)
#1 {main}

[2026-09-12T17:42:01-03:00] [ERR-20260912-BD0592] SQLSTATE[22003]: Numeric value out of range: 1264 Out of range value for column 'duration_ms' at row 1 in /home/appnannerbr/public_html/cron/run.php:11 | request=CLI - | user=- | tenant=-
#0 /home/appnannerbr/public_html/cron/run.php(11): PDOStatement->execute(Array)
#1 {main}

[2026-09-12T17:52:01-03:00] [ERR-20260912-7BDBC5] SQLSTATE[22003]: Numeric value out of range: 1264 Out of range value for column 'duration_ms' at row 1 in /home/appnannerbr/public_html/cron/run.php:11 | request=CLI - | user=- | tenant=-
#0 /home/appnannerbr/public_html/cron/run.php(11): PDOStatement->execute(Array)
#1 {main}

[2026-09-12T18:02:01-03:00] [ERR-20260912-5581A8] SQLSTATE[22003]: Numeric value out of range: 1264 Out of range value for column 'duration_ms' at row 1 in /home/appnannerbr/public_html/cron/run.php:11 | request=CLI - | user=- | tenant=-
#0 /home/appnannerbr/public_html/cron/run.php(11): PDOStatement->execute(Array)
#1 {main}

[2026-09-12T18:12:01-03:00] [ERR-20260912-B6BFA7] SQLSTATE[22003]: Numeric value out of range: 1264 Out of range value for column 'duration_ms' at row 1 in /home/appnannerbr/public_html/cron/run.php:11 | request=CLI - | user=- | tenant=-
#0 /home/appnannerbr/public_html/cron/run.php(11): PDOStatement->execute(Array)
#1 {main}

[2026-09-12T18:22:01-03:00] [ERR-20260912-010140] SQLSTATE[22003]: Numeric value out of range: 1264 Out of range value for column 'duration_ms' at row 1 in /home/appnannerbr/public_html/cron/run.php:11 | request=CLI - | user=- | tenant=-
#0 /home/appnannerbr/public_html/cron/run.php(11): PDOStatement->execute(Array)
#1 {main}

[2026-09-12T18:32:02-03:00] [ERR-20260912-37EF04] SQLSTATE[22003]: Numeric value out of range: 1264 Out of range value for column 'duration_ms' at row 1 in /home/appnannerbr/public_html/cron/run.php:11 | request=CLI - | user=- | tenant=-
#0 /home/appnannerbr/public_html/cron/run.php(11): PDOStatement->execute(Array)
#1 {main}

[2026-09-12T18:42:01-03:00] [ERR-20260912-EC1661] SQLSTATE[22003]: Numeric value out of range: 1264 Out of range value for column 'duration_ms' at row 1 in /home/appnannerbr/public_html/cron/run.php:11 | request=CLI - | user=- | tenant=-
#0 /home/appnannerbr/public_html/cron/run.php(11): PDOStatement->execute(Array)
#1 {main}

[2026-09-12T18:52:02-03:00] [ERR-20260912-638A3D] SQLSTATE[22003]: Numeric value out of range: 1264 Out of range value for column 'duration_ms' at row 1 in /home/appnannerbr/public_html/cron/run.php:11 | request=CLI - | user=- | tenant=-
#0 /home/appnannerbr/public_html/cron/run.php(11): PDOStatement->execute(Array)
#1 {main}

[2026-09-12T19:02:01-03:00] [ERR-20260912-C6545C] SQLSTATE[22003]: Numeric value out of range: 1264 Out of range value for column 'duration_ms' at row 1 in /home/appnannerbr/public_html/cron/run.php:11 | request=CLI - | user=- | tenant=-
#0 /home/appnannerbr/public_html/cron/run.php(11): PDOStatement->execute(Array)
#1 {main}

[2026-09-12T19:12:01-03:00] [ERR-20260912-90E126] SQLSTATE[22003]: Numeric value out of range: 1264 Out of range value for column 'duration_ms' at row 1 in /home/appnannerbr/public_html/cron/run.php:11 | request=CLI - | user=- | tenant=-
#0 /home/appnannerbr/public_html/cron/run.php(11): PDOStatement->execute(Array)
#1 {main}

[2026-09-12T19:22:01-03:00] [ERR-20260912-3D1F1B] SQLSTATE[22003]: Numeric value out of range: 1264 Out of range value for column 'duration_ms' at row 1 in /home/appnannerbr/public_html/cron/run.php:11 | request=CLI - | user=- | tenant=-
#0 /home/appnannerbr/public_html/cron/run.php(11): PDOStatement->execute(Array)
#1 {main}

[2026-09-12T19:32:01-03:00] [ERR-20260912-4063A6] SQLSTATE[22003]: Numeric value out of range: 1264 Out of range value for column 'duration_ms' at row 1 in /home/appnannerbr/public_html/cron/run.php:11 | request=CLI - | user=- | tenant=-
#0 /home/appnannerbr/public_html/cron/run.php(11): PDOStatement->execute(Array)
#1 {main}

[2026-09-12T19:42:01-03:00] [ERR-20260912-60E3B0] SQLSTATE[22003]: Numeric value out of range: 1264 Out of range value for column 'duration_ms' at row 1 in /home/appnannerbr/public_html/cron/run.php:11 | request=CLI - | user=- | tenant=-
#0 /home/appnannerbr/public_html/cron/run.php(11): PDOStatement->execute(Array)
#1 {main}

[2026-09-12T19:52:01-03:00] [ERR-20260912-5A9772] SQLSTATE[22003]: Numeric value out of range: 1264 Out of range value for column 'duration_ms' at row 1 in /home/appnannerbr/public_html/cron/run.php:11 | request=CLI - | user=- | tenant=-
#0 /home/appnannerbr/public_html/cron/run.php(11): PDOStatement->execute(Array)
#1 {main}

[2026-09-13T08:02:01-03:00] [ERR-20260913-A7D34A] SQLSTATE[22003]: Numeric value out of range: 1264 Out of range value for column 'duration_ms' at row 1 in /home/appnannerbr/public_html/cron/run.php:11 | request=CLI - | user=- | tenant=-
#0 /home/appnannerbr/public_html/cron/run.php(11): PDOStatement->execute(Array)
#1 {main}

[2026-09-13T08:12:01-03:00] [ERR-20260913-70699F] SQLSTATE[22003]: Numeric value out of range: 1264 Out of range value for column 'duration_ms' at row 1 in /home/appnannerbr/public_html/cron/run.php:11 | request=CLI - | user=- | tenant=-
#0 /home/appnannerbr/public_html/cron/run.php(11): PDOStatement->execute(Array)
#1 {main}

[2026-09-13T08:22:01-03:00] [ERR-20260913-0829E3] SQLSTATE[22003]: Numeric value out of range: 1264 Out of range value for column 'duration_ms' at row 1 in /home/appnannerbr/public_html/cron/run.php:11 | request=CLI - | user=- | tenant=-
#0 /home/appnannerbr/public_html/cron/run.php(11): PDOStatement->execute(Array)
#1 {main}

[2026-09-13T08:32:01-03:00] [ERR-20260913-898D62] SQLSTATE[22003]: Numeric value out of range: 1264 Out of range value for column 'duration_ms' at row 1 in /home/appnannerbr/public_html/cron/run.php:11 | request=CLI - | user=- | tenant=-
#0 /home/appnannerbr/public_html/cron/run.php(11): PDOStatement->execute(Array)
#1 {main}

[2026-09-13T08:42:02-03:00] [ERR-20260913-17C05A] SQLSTATE[22003]: Numeric value out of range: 1264 Out of range value for column 'duration_ms' at row 1 in /home/appnannerbr/public_html/cron/run.php:11 | request=CLI - | user=- | tenant=-
#0 /home/appnannerbr/public_html/cron/run.php(11): PDOStatement->execute(Array)
#1 {main}

[2026-09-13T08:52:01-03:00] [ERR-20260913-F4A1D1] SQLSTATE[22003]: Numeric value out of range: 1264 Out of range value for column 'duration_ms' at row 1 in /home/appnannerbr/public_html/cron/run.php:11 | request=CLI - | user=- | tenant=-
#0 /home/appnannerbr/public_html/cron/run.php(11): PDOStatement->execute(Array)
#1 {main}

[2026-09-13T09:02:02-03:00] [ERR-20260913-4ABAB1] SQLSTATE[22003]: Numeric value out of range: 1264 Out of range value for column 'duration_ms' at row 1 in /home/appnannerbr/public_html/cron/run.php:11 | request=CLI - | user=- | tenant=-
#0 /home/appnannerbr/public_html/cron/run.php(11): PDOStatement->execute(Array)
#1 {main}

[2026-09-13T09:12:01-03:00] [ERR-20260913-002BF3] SQLSTATE[22003]: Numeric value out of range: 1264 Out of range value for column 'duration_ms' at row 1 in /home/appnannerbr/public_html/cron/run.php:11 | request=CLI - | user=- | tenant=-
#0 /home/appnannerbr/public_html/cron/run.php(11): PDOStatement->execute(Array)
#1 {main}

[2026-09-13T09:22:01-03:00] [ERR-20260913-E68F93] SQLSTATE[22003]: Numeric value out of range: 1264 Out of range value for column 'duration_ms' at row 1 in /home/appnannerbr/public_html/cron/run.php:11 | request=CLI - | user=- | tenant=-
#0 /home/appnannerbr/public_html/cron/run.php(11): PDOStatement->execute(Array)
#1 {main}

[2026-09-13T09:32:01-03:00] [ERR-20260913-49B260] SQLSTATE[22003]: Numeric value out of range: 1264 Out of range value for column 'duration_ms' at row 1 in /home/appnannerbr/public_html/cron/run.php:11 | request=CLI - | user=- | tenant=-
#0 /home/appnannerbr/public_html/cron/run.php(11): PDOStatement->execute(Array)
#1 {main}

[2026-09-13T09:42:02-03:00] [ERR-20260913-592BE6] SQLSTATE[22003]: Numeric value out of range: 1264 Out of range value for column 'duration_ms' at row 1 in /home/appnannerbr/public_html/cron/run.php:11 | request=CLI - | user=- | tenant=-
#0 /home/appnannerbr/public_html/cron/run.php(11): PDOStatement->execute(Array)
#1 {main}

[2026-09-13T09:52:01-03:00] [ERR-20260913-DCD7E3] SQLSTATE[22003]: Numeric value out of range: 1264 Out of range value for column 'duration_ms' at row 1 in /home/appnannerbr/public_html/cron/run.php:11 | request=CLI - | user=- | tenant=-
#0 /home/appnannerbr/public_html/cron/run.php(11): PDOStatement->execute(Array)
#1 {main}

[2026-09-13T10:02:01-03:00] [ERR-20260913-351DA3] SQLSTATE[22003]: Numeric value out of range: 1264 Out of range value for column 'duration_ms' at row 1 in /home/appnannerbr/public_html/cron/run.php:11 | request=CLI - | user=- | tenant=-
#0 /home/appnannerbr/public_html/cron/run.php(11): PDOStatement->execute(Array)
#1 {main}

[2026-09-13T10:12:01-03:00] [ERR-20260913-D707B2] SQLSTATE[22003]: Numeric value out of range: 1264 Out of range value for column 'duration_ms' at row 1 in /home/appnannerbr/public_html/cron/run.php:11 | request=CLI - | user=- | tenant=-
#0 /home/appnannerbr/public_html/cron/run.php(11): PDOStatement->execute(Array)
#1 {main}

[2026-09-13T10:22:01-03:00] [ERR-20260913-4446CF] SQLSTATE[22003]: Numeric value out of range: 1264 Out of range value for column 'duration_ms' at row 1 in /home/appnannerbr/public_html/cron/run.php:11 | request=CLI - | user=- | tenant=-
#0 /home/appnannerbr/public_html/cron/run.php(11): PDOStatement->execute(Array)
#1 {main}

[2026-09-13T10:32:01-03:00] [ERR-20260913-FECF08] SQLSTATE[22003]: Numeric value out of range: 1264 Out of range value for column 'duration_ms' at row 1 in /home/appnannerbr/public_html/cron/run.php:11 | request=CLI - | user=- | tenant=-
#0 /home/appnannerbr/public_html/cron/run.php(11): PDOStatement->execute(Array)
#1 {main}

[2026-09-13T10:42:01-03:00] [ERR-20260913-848A7E] SQLSTATE[22003]: Numeric value out of range: 1264 Out of range value for column 'duration_ms' at row 1 in /home/appnannerbr/public_html/cron/run.php:11 | request=CLI - | user=- | tenant=-
#0 /home/appnannerbr/public_html/cron/run.php(11): PDOStatement->execute(Array)
#1 {main}

[2026-09-13T10:52:01-03:00] [ERR-20260913-C26292] SQLSTATE[22003]: Numeric value out of range: 1264 Out of range value for column 'duration_ms' at row 1 in /home/appnannerbr/public_html/cron/run.php:11 | request=CLI - | user=- | tenant=-
#0 /home/appnannerbr/public_html/cron/run.php(11): PDOStatement->execute(Array)
#1 {main}

[2026-09-13T11:02:02-03:00] [ERR-20260913-5A6677] SQLSTATE[22003]: Numeric value out of range: 1264 Out of range value for column 'duration_ms' at row 1 in /home/appnannerbr/public_html/cron/run.php:11 | request=CLI - | user=- | tenant=-
#0 /home/appnannerbr/public_html/cron/run.php(11): PDOStatement->execute(Array)
#1 {main}

[2026-09-13T11:12:01-03:00] [ERR-20260913-FD6898] SQLSTATE[22003]: Numeric value out of range: 1264 Out of range value for column 'duration_ms' at row 1 in /home/appnannerbr/public_html/cron/run.php:11 | request=CLI - | user=- | tenant=-
#0 /home/appnannerbr/public_html/cron/run.php(11): PDOStatement->execute(Array)
#1 {main}

[2026-09-13T11:22:02-03:00] [ERR-20260913-05ACB3] SQLSTATE[22003]: Numeric value out of range: 1264 Out of range value for column 'duration_ms' at row 1 in /home/appnannerbr/public_html/cron/run.php:11 | request=CLI - | user=- | tenant=-
#0 /home/appnannerbr/public_html/cron/run.php(11): PDOStatement->execute(Array)
#1 {main}

[2026-09-13T11:32:02-03:00] [ERR-20260913-74CE51] SQLSTATE[22003]: Numeric value out of range: 1264 Out of range value for column 'duration_ms' at row 1 in /home/appnannerbr/public_html/cron/run.php:11 | request=CLI - | user=- | tenant=-
#0 /home/appnannerbr/public_html/cron/run.php(11): PDOStatement->execute(Array)
#1 {main}

[2026-09-13T11:42:01-03:00] [ERR-20260913-26EC08] SQLSTATE[22003]: Numeric value out of range: 1264 Out of range value for column 'duration_ms' at row 1 in /home/appnannerbr/public_html/cron/run.php:11 | request=CLI - | user=- | tenant=-
#0 /home/appnannerbr/public_html/cron/run.php(11): PDOStatement->execute(Array)
#1 {main}

[2026-09-13T11:52:02-03:00] [ERR-20260913-1E2B6E] SQLSTATE[22003]: Numeric value out of range: 1264 Out of range value for column 'duration_ms' at row 1 in /home/appnannerbr/public_html/cron/run.php:11 | request=CLI - | user=- | tenant=-
#0 /home/appnannerbr/public_html/cron/run.php(11): PDOStatement->execute(Array)
#1 {main}

[2026-09-13T12:02:01-03:00] [ERR-20260913-268B0F] SQLSTATE[22003]: Numeric value out of range: 1264 Out of range value for column 'duration_ms' at row 1 in /home/appnannerbr/public_html/cron/run.php:11 | request=CLI - | user=- | tenant=-
#0 /home/appnannerbr/public_html/cron/run.php(11): PDOStatement->execute(Array)
#1 {main}

[2026-09-13T12:12:01-03:00] [ERR-20260913-FE9F25] SQLSTATE[22003]: Numeric value out of range: 1264 Out of range value for column 'duration_ms' at row 1 in /home/appnannerbr/public_html/cron/run.php:11 | request=CLI - | user=- | tenant=-
#0 /home/appnannerbr/public_html/cron/run.php(11): PDOStatement->execute(Array)
#1 {main}

[2026-09-13T12:22:01-03:00] [ERR-20260913-3D9707] SQLSTATE[22003]: Numeric value out of range: 1264 Out of range value for column 'duration_ms' at row 1 in /home/appnannerbr/public_html/cron/run.php:11 | request=CLI - | user=- | tenant=-
#0 /home/appnannerbr/public_html/cron/run.php(11): PDOStatement->execute(Array)
#1 {main}

[2026-09-13T12:32:01-03:00] [ERR-20260913-FE2286] SQLSTATE[22003]: Numeric value out of range: 1264 Out of range value for column 'duration_ms' at row 1 in /home/appnannerbr/public_html/cron/run.php:11 | request=CLI - | user=- | tenant=-
#0 /home/appnannerbr/public_html/cron/run.php(11): PDOStatement->execute(Array)
#1 {main}

[2026-09-13T12:42:01-03:00] [ERR-20260913-6033B8] SQLSTATE[22003]: Numeric value out of range: 1264 Out of range value for column 'duration_ms' at row 1 in /home/appnannerbr/public_html/cron/run.php:11 | request=CLI - | user=- | tenant=-
#0 /home/appnannerbr/public_html/cron/run.php(11): PDOStatement->execute(Array)
#1 {main}

[2026-09-13T12:52:01-03:00] [ERR-20260913-A55C04] SQLSTATE[22003]: Numeric value out of range: 1264 Out of range value for column 'duration_ms' at row 1 in /home/appnannerbr/public_html/cron/run.php:11 | request=CLI - | user=- | tenant=-
#0 /home/appnannerbr/public_html/cron/run.php(11): PDOStatement->execute(Array)
#1 {main}

[2026-09-13T13:02:01-03:00] [ERR-20260913-11292F] SQLSTATE[22003]: Numeric value out of range: 1264 Out of range value for column 'duration_ms' at row 1 in /home/appnannerbr/public_html/cron/run.php:11 | request=CLI - | user=- | tenant=-
#0 /home/appnannerbr/public_html/cron/run.php(11): PDOStatement->execute(Array)
#1 {main}

[2026-09-13T13:12:01-03:00] [ERR-20260913-9BD6B0] SQLSTATE[22003]: Numeric value out of range: 1264 Out of range value for column 'duration_ms' at row 1 in /home/appnannerbr/public_html/cron/run.php:11 | request=CLI - | user=- | tenant=-
#0 /home/appnannerbr/public_html/cron/run.php(11): PDOStatement->execute(Array)
#1 {main}

[2026-09-13T13:22:01-03:00] [ERR-20260913-58E703] SQLSTATE[22003]: Numeric value out of range: 1264 Out of range value for column 'duration_ms' at row 1 in /home/appnannerbr/public_html/cron/run.php:11 | request=CLI - | user=- | tenant=-
#0 /home/appnannerbr/public_html/cron/run.php(11): PDOStatement->execute(Array)
#1 {main}

[2026-09-13T13:32:01-03:00] [ERR-20260913-9F83D6] SQLSTATE[22003]: Numeric value out of range: 1264 Out of range value for column 'duration_ms' at row 1 in /home/appnannerbr/public_html/cron/run.php:11 | request=CLI - | user=- | tenant=-
#0 /home/appnannerbr/public_html/cron/run.php(11): PDOStatement->execute(Array)
#1 {main}

[2026-09-13T13:42:02-03:00] [ERR-20260913-E1F56A] SQLSTATE[22003]: Numeric value out of range: 1264 Out of range value for column 'duration_ms' at row 1 in /home/appnannerbr/public_html/cron/run.php:11 | request=CLI - | user=- | tenant=-
#0 /home/appnannerbr/public_html/cron/run.php(11): PDOStatement->execute(Array)
#1 {main}

[2026-09-13T13:52:02-03:00] [ERR-20260913-C55EBC] SQLSTATE[22003]: Numeric value out of range: 1264 Out of range value for column 'duration_ms' at row 1 in /home/appnannerbr/public_html/cron/run.php:11 | request=CLI - | user=- | tenant=-
#0 /home/appnannerbr/public_html/cron/run.php(11): PDOStatement->execute(Array)
#1 {main}

[2026-09-13T14:02:01-03:00] [ERR-20260913-AD658A] SQLSTATE[22003]: Numeric value out of range: 1264 Out of range value for column 'duration_ms' at row 1 in /home/appnannerbr/public_html/cron/run.php:11 | request=CLI - | user=- | tenant=-
#0 /home/appnannerbr/public_html/cron/run.php(11): PDOStatement->execute(Array)
#1 {main}

[2026-09-13T14:12:01-03:00] [ERR-20260913-AB4590] SQLSTATE[22003]: Numeric value out of range: 1264 Out of range value for column 'duration_ms' at row 1 in /home/appnannerbr/public_html/cron/run.php:11 | request=CLI - | user=- | tenant=-
#0 /home/appnannerbr/public_html/cron/run.php(11): PDOStatement->execute(Array)
#1 {main}

[2026-09-13T14:22:01-03:00] [ERR-20260913-FB8167] SQLSTATE[22003]: Numeric value out of range: 1264 Out of range value for column 'duration_ms' at row 1 in /home/appnannerbr/public_html/cron/run.php:11 | request=CLI - | user=- | tenant=-
#0 /home/appnannerbr/public_html/cron/run.php(11): PDOStatement->execute(Array)
#1 {main}

[2026-09-13T14:32:02-03:00] [ERR-20260913-36D82E] SQLSTATE[22003]: Numeric value out of range: 1264 Out of range value for column 'duration_ms' at row 1 in /home/appnannerbr/public_html/cron/run.php:11 | request=CLI - | user=- | tenant=-
#0 /home/appnannerbr/public_html/cron/run.php(11): PDOStatement->execute(Array)
#1 {main}

[2026-09-13T14:42:02-03:00] [ERR-20260913-A88AEB] SQLSTATE[22003]: Numeric value out of range: 1264 Out of range value for column 'duration_ms' at row 1 in /home/appnannerbr/public_html/cron/run.php:11 | request=CLI - | user=- | tenant=-
#0 /home/appnannerbr/public_html/cron/run.php(11): PDOStatement->execute(Array)
#1 {main}

[2026-09-13T14:52:01-03:00] [ERR-20260913-70380B] SQLSTATE[22003]: Numeric value out of range: 1264 Out of range value for column 'duration_ms' at row 1 in /home/appnannerbr/public_html/cron/run.php:11 | request=CLI - | user=- | tenant=-
#0 /home/appnannerbr/public_html/cron/run.php(11): PDOStatement->execute(Array)
#1 {main}

[2026-09-13T15:02:01-03:00] [ERR-20260913-EE1905] SQLSTATE[22003]: Numeric value out of range: 1264 Out of range value for column 'duration_ms' at row 1 in /home/appnannerbr/public_html/cron/run.php:11 | request=CLI - | user=- | tenant=-
#0 /home/appnannerbr/public_html/cron/run.php(11): PDOStatement->execute(Array)
#1 {main}

[2026-09-13T15:12:01-03:00] [ERR-20260913-B28C82] SQLSTATE[22003]: Numeric value out of range: 1264 Out of range value for column 'duration_ms' at row 1 in /home/appnannerbr/public_html/cron/run.php:11 | request=CLI - | user=- | tenant=-
#0 /home/appnannerbr/public_html/cron/run.php(11): PDOStatement->execute(Array)
#1 {main}

[2026-09-13T15:22:01-03:00] [ERR-20260913-DEFED7] SQLSTATE[22003]: Numeric value out of range: 1264 Out of range value for column 'duration_ms' at row 1 in /home/appnannerbr/public_html/cron/run.php:11 | request=CLI - | user=- | tenant=-
#0 /home/appnannerbr/public_html/cron/run.php(11): PDOStatement->execute(Array)
#1 {main}

[2026-09-13T15:32:01-03:00] [ERR-20260913-5DE6E3] SQLSTATE[22003]: Numeric value out of range: 1264 Out of range value for column 'duration_ms' at row 1 in /home/appnannerbr/public_html/cron/run.php:11 | request=CLI - | user=- | tenant=-
#0 /home/appnannerbr/public_html/cron/run.php(11): PDOStatement->execute(Array)
#1 {main}

[2026-09-13T15:42:01-03:00] [ERR-20260913-FE96D9] SQLSTATE[22003]: Numeric value out of range: 1264 Out of range value for column 'duration_ms' at row 1 in /home/appnannerbr/public_html/cron/run.php:11 | request=CLI - | user=- | tenant=-
#0 /home/appnannerbr/public_html/cron/run.php(11): PDOStatement->execute(Array)
#1 {main}

[2026-09-13T15:52:01-03:00] [ERR-20260913-00A05D] SQLSTATE[22003]: Numeric value out of range: 1264 Out of range value for column 'duration_ms' at row 1 in /home/appnannerbr/public_html/cron/run.php:11 | request=CLI - | user=- | tenant=-
#0 /home/appnannerbr/public_html/cron/run.php(11): PDOStatement->execute(Array)
#1 {main}

[2026-09-13T16:02:02-03:00] [ERR-20260913-E536AA] SQLSTATE[22003]: Numeric value out of range: 1264 Out of range value for column 'duration_ms' at row 1 in /home/appnannerbr/public_html/cron/run.php:11 | request=CLI - | user=- | tenant=-
#0 /home/appnannerbr/public_html/cron/run.php(11): PDOStatement->execute(Array)
#1 {main}

[2026-09-13T16:12:01-03:00] [ERR-20260913-B360DF] SQLSTATE[22003]: Numeric value out of range: 1264 Out of range value for column 'duration_ms' at row 1 in /home/appnannerbr/public_html/cron/run.php:11 | request=CLI - | user=- | tenant=-
#0 /home/appnannerbr/public_html/cron/run.php(11): PDOStatement->execute(Array)
#1 {main}

[2026-09-13T16:22:01-03:00] [ERR-20260913-9442CC] SQLSTATE[22003]: Numeric value out of range: 1264 Out of range value for column 'duration_ms' at row 1 in /home/appnannerbr/public_html/cron/run.php:11 | request=CLI - | user=- | tenant=-
#0 /home/appnannerbr/public_html/cron/run.php(11): PDOStatement->execute(Array)
#1 {main}

[2026-09-13T16:32:01-03:00] [ERR-20260913-CA97A1] SQLSTATE[22003]: Numeric value out of range: 1264 Out of range value for column 'duration_ms' at row 1 in /home/appnannerbr/public_html/cron/run.php:11 | request=CLI - | user=- | tenant=-
#0 /home/appnannerbr/public_html/cron/run.php(11): PDOStatement->execute(Array)
#1 {main}

[2026-09-13T16:42:01-03:00] [ERR-20260913-9AE802] SQLSTATE[22003]: Numeric value out of range: 1264 Out of range value for column 'duration_ms' at row 1 in /home/appnannerbr/public_html/cron/run.php:11 | request=CLI - | user=- | tenant=-
#0 /home/appnannerbr/public_html/cron/run.php(11): PDOStatement->execute(Array)
#1 {main}

[2026-09-13T16:52:01-03:00] [ERR-20260913-EA5F5B] SQLSTATE[22003]: Numeric value out of range: 1264 Out of range value for column 'duration_ms' at row 1 in /home/appnannerbr/public_html/cron/run.php:11 | request=CLI - | user=- | tenant=-
#0 /home/appnannerbr/public_html/cron/run.php(11): PDOStatement->execute(Array)
#1 {main}

[2026-09-13T17:02:01-03:00] [ERR-20260913-085B84] SQLSTATE[22003]: Numeric value out of range: 1264 Out of range value for column 'duration_ms' at row 1 in /home/appnannerbr/public_html/cron/run.php:11 | request=CLI - | user=- | tenant=-
#0 /home/appnannerbr/public_html/cron/run.php(11): PDOStatement->execute(Array)
#1 {main}

[2026-09-13T17:12:02-03:00] [ERR-20260913-0625A8] SQLSTATE[22003]: Numeric value out of range: 1264 Out of range value for column 'duration_ms' at row 1 in /home/appnannerbr/public_html/cron/run.php:11 | request=CLI - | user=- | tenant=-
#0 /home/appnannerbr/public_html/cron/run.php(11): PDOStatement->execute(Array)
#1 {main}

[2026-09-13T17:22:01-03:00] [ERR-20260913-B5B8FB] SQLSTATE[22003]: Numeric value out of range: 1264 Out of range value for column 'duration_ms' at row 1 in /home/appnannerbr/public_html/cron/run.php:11 | request=CLI - | user=- | tenant=-
#0 /home/appnannerbr/public_html/cron/run.php(11): PDOStatement->execute(Array)
#1 {main}

[2026-09-13T17:32:02-03:00] [ERR-20260913-067527] SQLSTATE[22003]: Numeric value out of range: 1264 Out of range value for column 'duration_ms' at row 1 in /home/appnannerbr/public_html/cron/run.php:11 | request=CLI - | user=- | tenant=-
#0 /home/appnannerbr/public_html/cron/run.php(11): PDOStatement->execute(Array)
#1 {main}

[2026-09-13T17:42:01-03:00] [ERR-20260913-4F715C] SQLSTATE[22003]: Numeric value out of range: 1264 Out of range value for column 'duration_ms' at row 1 in /home/appnannerbr/public_html/cron/run.php:11 | request=CLI - | user=- | tenant=-
#0 /home/appnannerbr/public_html/cron/run.php(11): PDOStatement->execute(Array)
#1 {main}

[2026-09-13T17:52:01-03:00] [ERR-20260913-D74470] SQLSTATE[22003]: Numeric value out of range: 1264 Out of range value for column 'duration_ms' at row 1 in /home/appnannerbr/public_html/cron/run.php:11 | request=CLI - | user=- | tenant=-
#0 /home/appnannerbr/public_html/cron/run.php(11): PDOStatement->execute(Array)
#1 {main}

[2026-09-13T18:02:01-03:00] [ERR-20260913-57E0ED] SQLSTATE[22003]: Numeric value out of range: 1264 Out of range value for column 'duration_ms' at row 1 in /home/appnannerbr/public_html/cron/run.php:11 | request=CLI - | user=- | tenant=-
#0 /home/appnannerbr/public_html/cron/run.php(11): PDOStatement->execute(Array)
#1 {main}

[2026-09-13T18:12:01-03:00] [ERR-20260913-ED1FEE] SQLSTATE[22003]: Numeric value out of range: 1264 Out of range value for column 'duration_ms' at row 1 in /home/appnannerbr/public_html/cron/run.php:11 | request=CLI - | user=- | tenant=-
#0 /home/appnannerbr/public_html/cron/run.php(11): PDOStatement->execute(Array)
#1 {main}

[2026-09-13T18:22:02-03:00] [ERR-20260913-995E7B] SQLSTATE[22003]: Numeric value out of range: 1264 Out of range value for column 'duration_ms' at row 1 in /home/appnannerbr/public_html/cron/run.php:11 | request=CLI - | user=- | tenant=-
#0 /home/appnannerbr/public_html/cron/run.php(11): PDOStatement->execute(Array)
#1 {main}

[2026-09-13T18:32:01-03:00] [ERR-20260913-443873] SQLSTATE[22003]: Numeric value out of range: 1264 Out of range value for column 'duration_ms' at row 1 in /home/appnannerbr/public_html/cron/run.php:11 | request=CLI - | user=- | tenant=-
#0 /home/appnannerbr/public_html/cron/run.php(11): PDOStatement->execute(Array)
#1 {main}

[2026-09-13T18:42:01-03:00] [ERR-20260913-4E1D4A] SQLSTATE[22003]: Numeric value out of range: 1264 Out of range value for column 'duration_ms' at row 1 in /home/appnannerbr/public_html/cron/run.php:11 | request=CLI - | user=- | tenant=-
#0 /home/appnannerbr/public_html/cron/run.php(11): PDOStatement->execute(Array)
#1 {main}

[2026-09-13T18:52:01-03:00] [ERR-20260913-586907] SQLSTATE[22003]: Numeric value out of range: 1264 Out of range value for column 'duration_ms' at row 1 in /home/appnannerbr/public_html/cron/run.php:11 | request=CLI - | user=- | tenant=-
#0 /home/appnannerbr/public_html/cron/run.php(11): PDOStatement->execute(Array)
#1 {main}

[2026-09-13T19:02:01-03:00] [ERR-20260913-D81AA0] SQLSTATE[22003]: Numeric value out of range: 1264 Out of range value for column 'duration_ms' at row 1 in /home/appnannerbr/public_html/cron/run.php:11 | request=CLI - | user=- | tenant=-
#0 /home/appnannerbr/public_html/cron/run.php(11): PDOStatement->execute(Array)
#1 {main}

[2026-09-13T19:12:01-03:00] [ERR-20260913-C1E0AD] SQLSTATE[22003]: Numeric value out of range: 1264 Out of range value for column 'duration_ms' at row 1 in /home/appnannerbr/public_html/cron/run.php:11 | request=CLI - | user=- | tenant=-
#0 /home/appnannerbr/public_html/cron/run.php(11): PDOStatement->execute(Array)
#1 {main}

[2026-09-13T19:22:01-03:00] [ERR-20260913-63017B] SQLSTATE[22003]: Numeric value out of range: 1264 Out of range value for column 'duration_ms' at row 1 in /home/appnannerbr/public_html/cron/run.php:11 | request=CLI - | user=- | tenant=-
#0 /home/appnannerbr/public_html/cron/run.php(11): PDOStatement->execute(Array)
#1 {main}

[2026-09-13T19:32:01-03:00] [ERR-20260913-1BDFD7] SQLSTATE[22003]: Numeric value out of range: 1264 Out of range value for column 'duration_ms' at row 1 in /home/appnannerbr/public_html/cron/run.php:11 | request=CLI - | user=- | tenant=-
#0 /home/appnannerbr/public_html/cron/run.php(11): PDOStatement->execute(Array)
#1 {main}

[2026-09-13T19:42:01-03:00] [ERR-20260913-E45459] SQLSTATE[22003]: Numeric value out of range: 1264 Out of range value for column 'duration_ms' at row 1 in /home/appnannerbr/public_html/cron/run.php:11 | request=CLI - | user=- | tenant=-
#0 /home/appnannerbr/public_html/cron/run.php(11): PDOStatement->execute(Array)
#1 {main}

[2026-09-13T19:52:01-03:00] [ERR-20260913-7A13FE] SQLSTATE[22003]: Numeric value out of range: 1264 Out of range value for column 'duration_ms' at row 1 in /home/appnannerbr/public_html/cron/run.php:11 | request=CLI - | user=- | tenant=-
#0 /home/appnannerbr/public_html/cron/run.php(11): PDOStatement->execute(Array)
#1 {main}

[2026-09-14T08:02:01-03:00] [ERR-20260914-4622E4] SQLSTATE[22003]: Numeric value out of range: 1264 Out of range value for column 'duration_ms' at row 1 in /home/appnannerbr/public_html/cron/run.php:11 | request=CLI - | user=- | tenant=-
#0 /home/appnannerbr/public_html/cron/run.php(11): PDOStatement->execute(Array)
#1 {main}

[2026-09-14T08:12:01-03:00] [ERR-20260914-4837C7] SQLSTATE[22003]: Numeric value out of range: 1264 Out of range value for column 'duration_ms' at row 1 in /home/appnannerbr/public_html/cron/run.php:11 | request=CLI - | user=- | tenant=-
#0 /home/appnannerbr/public_html/cron/run.php(11): PDOStatement->execute(Array)
#1 {main}

[2026-09-14T08:22:01-03:00] [ERR-20260914-A157F4] SQLSTATE[22003]: Numeric value out of range: 1264 Out of range value for column 'duration_ms' at row 1 in /home/appnannerbr/public_html/cron/run.php:11 | request=CLI - | user=- | tenant=-
#0 /home/appnannerbr/public_html/cron/run.php(11): PDOStatement->execute(Array)
#1 {main}

[2026-09-14T08:32:01-03:00] [ERR-20260914-48E976] SQLSTATE[22003]: Numeric value out of range: 1264 Out of range value for column 'duration_ms' at row 1 in /home/appnannerbr/public_html/cron/run.php:11 | request=CLI - | user=- | tenant=-
#0 /home/appnannerbr/public_html/cron/run.php(11): PDOStatement->execute(Array)
#1 {main}

[2026-09-14T08:42:02-03:00] [ERR-20260914-A25BAB] SQLSTATE[22003]: Numeric value out of range: 1264 Out of range value for column 'duration_ms' at row 1 in /home/appnannerbr/public_html/cron/run.php:11 | request=CLI - | user=- | tenant=-
#0 /home/appnannerbr/public_html/cron/run.php(11): PDOStatement->execute(Array)
#1 {main}

[2026-09-14T08:52:01-03:00] [ERR-20260914-F3B992] SQLSTATE[22003]: Numeric value out of range: 1264 Out of range value for column 'duration_ms' at row 1 in /home/appnannerbr/public_html/cron/run.php:11 | request=CLI - | user=- | tenant=-
#0 /home/appnannerbr/public_html/cron/run.php(11): PDOStatement->execute(Array)
#1 {main}

[2026-09-14T09:02:01-03:00] [ERR-20260914-7F6287] SQLSTATE[22003]: Numeric value out of range: 1264 Out of range value for column 'duration_ms' at row 1 in /home/appnannerbr/public_html/cron/run.php:11 | request=CLI - | user=- | tenant=-
#0 /home/appnannerbr/public_html/cron/run.php(11): PDOStatement->execute(Array)
#1 {main}

[2026-09-14T09:12:01-03:00] [ERR-20260914-2CD407] SQLSTATE[22003]: Numeric value out of range: 1264 Out of range value for column 'duration_ms' at row 1 in /home/appnannerbr/public_html/cron/run.php:11 | request=CLI - | user=- | tenant=-
#0 /home/appnannerbr/public_html/cron/run.php(11): PDOStatement->execute(Array)
#1 {main}

[2026-09-14T09:22:01-03:00] [ERR-20260914-8B24C6] SQLSTATE[22003]: Numeric value out of range: 1264 Out of range value for column 'duration_ms' at row 1 in /home/appnannerbr/public_html/cron/run.php:11 | request=CLI - | user=- | tenant=-
#0 /home/appnannerbr/public_html/cron/run.php(11): PDOStatement->execute(Array)
#1 {main}

[2026-09-14T09:32:01-03:00] [ERR-20260914-46DC6A] SQLSTATE[22003]: Numeric value out of range: 1264 Out of range value for column 'duration_ms' at row 1 in /home/appnannerbr/public_html/cron/run.php:11 | request=CLI - | user=- | tenant=-
#0 /home/appnannerbr/public_html/cron/run.php(11): PDOStatement->execute(Array)
#1 {main}

[2026-09-14T09:42:01-03:00] [ERR-20260914-8D2F86] SQLSTATE[22003]: Numeric value out of range: 1264 Out of range value for column 'duration_ms' at row 1 in /home/appnannerbr/public_html/cron/run.php:11 | request=CLI - | user=- | tenant=-
#0 /home/appnannerbr/public_html/cron/run.php(11): PDOStatement->execute(Array)
#1 {main}

[2026-09-14T09:52:01-03:00] [ERR-20260914-043526] SQLSTATE[22003]: Numeric value out of range: 1264 Out of range value for column 'duration_ms' at row 1 in /home/appnannerbr/public_html/cron/run.php:11 | request=CLI - | user=- | tenant=-
#0 /home/appnannerbr/public_html/cron/run.php(11): PDOStatement->execute(Array)
#1 {main}

[2026-09-14T10:02:01-03:00] [ERR-20260914-4EFBEF] SQLSTATE[22003]: Numeric value out of range: 1264 Out of range value for column 'duration_ms' at row 1 in /home/appnannerbr/public_html/cron/run.php:11 | request=CLI - | user=- | tenant=-
#0 /home/appnannerbr/public_html/cron/run.php(11): PDOStatement->execute(Array)
#1 {main}

[2026-09-14T10:12:01-03:00] [ERR-20260914-1D76A2] SQLSTATE[22003]: Numeric value out of range: 1264 Out of range value for column 'duration_ms' at row 1 in /home/appnannerbr/public_html/cron/run.php:11 | request=CLI - | user=- | tenant=-
#0 /home/appnannerbr/public_html/cron/run.php(11): PDOStatement->execute(Array)
#1 {main}

[2026-09-14T10:22:01-03:00] [ERR-20260914-1D1372] SQLSTATE[22003]: Numeric value out of range: 1264 Out of range value for column 'duration_ms' at row 1 in /home/appnannerbr/public_html/cron/run.php:11 | request=CLI - | user=- | tenant=-
#0 /home/appnannerbr/public_html/cron/run.php(11): PDOStatement->execute(Array)
#1 {main}

[2026-09-14T10:32:02-03:00] [ERR-20260914-09F845] SQLSTATE[22003]: Numeric value out of range: 1264 Out of range value for column 'duration_ms' at row 1 in /home/appnannerbr/public_html/cron/run.php:11 | request=CLI - | user=- | tenant=-
#0 /home/appnannerbr/public_html/cron/run.php(11): PDOStatement->execute(Array)
#1 {main}

[2026-09-14T10:42:01-03:00] [ERR-20260914-E102EA] SQLSTATE[22003]: Numeric value out of range: 1264 Out of range value for column 'duration_ms' at row 1 in /home/appnannerbr/public_html/cron/run.php:11 | request=CLI - | user=- | tenant=-
#0 /home/appnannerbr/public_html/cron/run.php(11): PDOStatement->execute(Array)
#1 {main}

[2026-09-14T10:52:01-03:00] [ERR-20260914-E75C3C] SQLSTATE[22003]: Numeric value out of range: 1264 Out of range value for column 'duration_ms' at row 1 in /home/appnannerbr/public_html/cron/run.php:11 | request=CLI - | user=- | tenant=-
#0 /home/appnannerbr/public_html/cron/run.php(11): PDOStatement->execute(Array)
#1 {main}

[2026-09-14T11:02:01-03:00] [ERR-20260914-62646E] SQLSTATE[22003]: Numeric value out of range: 1264 Out of range value for column 'duration_ms' at row 1 in /home/appnannerbr/public_html/cron/run.php:11 | request=CLI - | user=- | tenant=-
#0 /home/appnannerbr/public_html/cron/run.php(11): PDOStatement->execute(Array)
#1 {main}

[2026-09-14T11:12:01-03:00] [ERR-20260914-9B7B99] SQLSTATE[22003]: Numeric value out of range: 1264 Out of range value for column 'duration_ms' at row 1 in /home/appnannerbr/public_html/cron/run.php:11 | request=CLI - | user=- | tenant=-
#0 /home/appnannerbr/public_html/cron/run.php(11): PDOStatement->execute(Array)
#1 {main}

[2026-09-14T11:22:01-03:00] [ERR-20260914-5AA3E3] SQLSTATE[22003]: Numeric value out of range: 1264 Out of range value for column 'duration_ms' at row 1 in /home/appnannerbr/public_html/cron/run.php:11 | request=CLI - | user=- | tenant=-
#0 /home/appnannerbr/public_html/cron/run.php(11): PDOStatement->execute(Array)
#1 {main}

[2026-09-14T11:32:01-03:00] [ERR-20260914-B84B29] SQLSTATE[22003]: Numeric value out of range: 1264 Out of range value for column 'duration_ms' at row 1 in /home/appnannerbr/public_html/cron/run.php:11 | request=CLI - | user=- | tenant=-
#0 /home/appnannerbr/public_html/cron/run.php(11): PDOStatement->execute(Array)
#1 {main}

[2026-09-14T11:42:02-03:00] [ERR-20260914-2AC19F] SQLSTATE[22003]: Numeric value out of range: 1264 Out of range value for column 'duration_ms' at row 1 in /home/appnannerbr/public_html/cron/run.php:11 | request=CLI - | user=- | tenant=-
#0 /home/appnannerbr/public_html/cron/run.php(11): PDOStatement->execute(Array)
#1 {main}

[2026-09-14T11:52:02-03:00] [ERR-20260914-A5D9FF] SQLSTATE[22003]: Numeric value out of range: 1264 Out of range value for column 'duration_ms' at row 1 in /home/appnannerbr/public_html/cron/run.php:11 | request=CLI - | user=- | tenant=-
#0 /home/appnannerbr/public_html/cron/run.php(11): PDOStatement->execute(Array)
#1 {main}

[2026-09-14T12:02:02-03:00] [ERR-20260914-AC8909] SQLSTATE[22003]: Numeric value out of range: 1264 Out of range value for column 'duration_ms' at row 1 in /home/appnannerbr/public_html/cron/run.php:11 | request=CLI - | user=- | tenant=-
#0 /home/appnannerbr/public_html/cron/run.php(11): PDOStatement->execute(Array)
#1 {main}

[2026-09-14T12:12:01-03:00] [ERR-20260914-B7E667] SQLSTATE[22003]: Numeric value out of range: 1264 Out of range value for column 'duration_ms' at row 1 in /home/appnannerbr/public_html/cron/run.php:11 | request=CLI - | user=- | tenant=-
#0 /home/appnannerbr/public_html/cron/run.php(11): PDOStatement->execute(Array)
#1 {main}

[2026-09-14T12:22:01-03:00] [ERR-20260914-D2F9FD] SQLSTATE[22003]: Numeric value out of range: 1264 Out of range value for column 'duration_ms' at row 1 in /home/appnannerbr/public_html/cron/run.php:11 | request=CLI - | user=- | tenant=-
#0 /home/appnannerbr/public_html/cron/run.php(11): PDOStatement->execute(Array)
#1 {main}

[2026-09-14T12:32:01-03:00] [ERR-20260914-69FB9A] SQLSTATE[22003]: Numeric value out of range: 1264 Out of range value for column 'duration_ms' at row 1 in /home/appnannerbr/public_html/cron/run.php:11 | request=CLI - | user=- | tenant=-
#0 /home/appnannerbr/public_html/cron/run.php(11): PDOStatement->execute(Array)
#1 {main}

[2026-09-14T12:42:02-03:00] [ERR-20260914-A55BCC] SQLSTATE[22003]: Numeric value out of range: 1264 Out of range value for column 'duration_ms' at row 1 in /home/appnannerbr/public_html/cron/run.php:11 | request=CLI - | user=- | tenant=-
#0 /home/appnannerbr/public_html/cron/run.php(11): PDOStatement->execute(Array)
#1 {main}

[2026-09-14T12:52:01-03:00] [ERR-20260914-06F6BF] SQLSTATE[22003]: Numeric value out of range: 1264 Out of range value for column 'duration_ms' at row 1 in /home/appnannerbr/public_html/cron/run.php:11 | request=CLI - | user=- | tenant=-
#0 /home/appnannerbr/public_html/cron/run.php(11): PDOStatement->execute(Array)
#1 {main}

[2026-09-14T13:02:01-03:00] [ERR-20260914-2D4301] SQLSTATE[22003]: Numeric value out of range: 1264 Out of range value for column 'duration_ms' at row 1 in /home/appnannerbr/public_html/cron/run.php:11 | request=CLI - | user=- | tenant=-
#0 /home/appnannerbr/public_html/cron/run.php(11): PDOStatement->execute(Array)
#1 {main}

[2026-09-14T13:12:01-03:00] [ERR-20260914-7C5E1F] SQLSTATE[22003]: Numeric value out of range: 1264 Out of range value for column 'duration_ms' at row 1 in /home/appnannerbr/public_html/cron/run.php:11 | request=CLI - | user=- | tenant=-
#0 /home/appnannerbr/public_html/cron/run.php(11): PDOStatement->execute(Array)
#1 {main}

[2026-09-14T13:22:01-03:00] [ERR-20260914-20BB58] SQLSTATE[22003]: Numeric value out of range: 1264 Out of range value for column 'duration_ms' at row 1 in /home/appnannerbr/public_html/cron/run.php:11 | request=CLI - | user=- | tenant=-
#0 /home/appnannerbr/public_html/cron/run.php(11): PDOStatement->execute(Array)
#1 {main}

[2026-09-14T13:32:01-03:00] [ERR-20260914-CD0262] SQLSTATE[22003]: Numeric value out of range: 1264 Out of range value for column 'duration_ms' at row 1 in /home/appnannerbr/public_html/cron/run.php:11 | request=CLI - | user=- | tenant=-
#0 /home/appnannerbr/public_html/cron/run.php(11): PDOStatement->execute(Array)
#1 {main}

[2026-09-14T13:42:01-03:00] [ERR-20260914-9A9473] SQLSTATE[22003]: Numeric value out of range: 1264 Out of range value for column 'duration_ms' at row 1 in /home/appnannerbr/public_html/cron/run.php:11 | request=CLI - | user=- | tenant=-
#0 /home/appnannerbr/public_html/cron/run.php(11): PDOStatement->execute(Array)
#1 {main}

[2026-09-14T13:52:02-03:00] [ERR-20260914-8956E6] SQLSTATE[22003]: Numeric value out of range: 1264 Out of range value for column 'duration_ms' at row 1 in /home/appnannerbr/public_html/cron/run.php:11 | request=CLI - | user=- | tenant=-
#0 /home/appnannerbr/public_html/cron/run.php(11): PDOStatement->execute(Array)
#1 {main}

[2026-09-14T14:02:02-03:00] [ERR-20260914-5EFC30] SQLSTATE[22003]: Numeric value out of range: 1264 Out of range value for column 'duration_ms' at row 1 in /home/appnannerbr/public_html/cron/run.php:11 | request=CLI - | user=- | tenant=-
#0 /home/appnannerbr/public_html/cron/run.php(11): PDOStatement->execute(Array)
#1 {main}

[2026-09-14T14:12:01-03:00] [ERR-20260914-A3DC5C] SQLSTATE[22003]: Numeric value out of range: 1264 Out of range value for column 'duration_ms' at row 1 in /home/appnannerbr/public_html/cron/run.php:11 | request=CLI - | user=- | tenant=-
#0 /home/appnannerbr/public_html/cron/run.php(11): PDOStatement->execute(Array)
#1 {main}

[2026-09-14T14:22:02-03:00] [ERR-20260914-CB4C8F] SQLSTATE[22003]: Numeric value out of range: 1264 Out of range value for column 'duration_ms' at row 1 in /home/appnannerbr/public_html/cron/run.php:11 | request=CLI - | user=- | tenant=-
#0 /home/appnannerbr/public_html/cron/run.php(11): PDOStatement->execute(Array)
#1 {main}

[2026-09-14T14:32:01-03:00] [ERR-20260914-F11D5D] SQLSTATE[22003]: Numeric value out of range: 1264 Out of range value for column 'duration_ms' at row 1 in /home/appnannerbr/public_html/cron/run.php:11 | request=CLI - | user=- | tenant=-
#0 /home/appnannerbr/public_html/cron/run.php(11): PDOStatement->execute(Array)
#1 {main}

[2026-09-14T14:42:01-03:00] [ERR-20260914-09C9EC] SQLSTATE[22003]: Numeric value out of range: 1264 Out of range value for column 'duration_ms' at row 1 in /home/appnannerbr/public_html/cron/run.php:11 | request=CLI - | user=- | tenant=-
#0 /home/appnannerbr/public_html/cron/run.php(11): PDOStatement->execute(Array)
#1 {main}

[2026-09-14T14:52:02-03:00] [ERR-20260914-209BDA] SQLSTATE[22003]: Numeric value out of range: 1264 Out of range value for column 'duration_ms' at row 1 in /home/appnannerbr/public_html/cron/run.php:11 | request=CLI - | user=- | tenant=-
#0 /home/appnannerbr/public_html/cron/run.php(11): PDOStatement->execute(Array)
#1 {main}

[2026-09-14T15:02:01-03:00] [ERR-20260914-7DCD5F] SQLSTATE[22003]: Numeric value out of range: 1264 Out of range value for column 'duration_ms' at row 1 in /home/appnannerbr/public_html/cron/run.php:11 | request=CLI - | user=- | tenant=-
#0 /home/appnannerbr/public_html/cron/run.php(11): PDOStatement->execute(Array)
#1 {main}

[2026-09-14T15:12:01-03:00] [ERR-20260914-E4C167] SQLSTATE[22003]: Numeric value out of range: 1264 Out of range value for column 'duration_ms' at row 1 in /home/appnannerbr/public_html/cron/run.php:11 | request=CLI - | user=- | tenant=-
#0 /home/appnannerbr/public_html/cron/run.php(11): PDOStatement->execute(Array)
#1 {main}

[2026-09-14T15:22:01-03:00] [ERR-20260914-AF3300] SQLSTATE[22003]: Numeric value out of range: 1264 Out of range value for column 'duration_ms' at row 1 in /home/appnannerbr/public_html/cron/run.php:11 | request=CLI - | user=- | tenant=-
#0 /home/appnannerbr/public_html/cron/run.php(11): PDOStatement->execute(Array)
#1 {main}

[2026-09-14T15:32:02-03:00] [ERR-20260914-FE2467] SQLSTATE[22003]: Numeric value out of range: 1264 Out of range value for column 'duration_ms' at row 1 in /home/appnannerbr/public_html/cron/run.php:11 | request=CLI - | user=- | tenant=-
#0 /home/appnannerbr/public_html/cron/run.php(11): PDOStatement->execute(Array)
#1 {main}

[2026-09-14T15:42:02-03:00] [ERR-20260914-E2D6E6] SQLSTATE[22003]: Numeric value out of range: 1264 Out of range value for column 'duration_ms' at row 1 in /home/appnannerbr/public_html/cron/run.php:11 | request=CLI - | user=- | tenant=-
#0 /home/appnannerbr/public_html/cron/run.php(11): PDOStatement->execute(Array)
#1 {main}

[2026-09-14T15:52:01-03:00] [ERR-20260914-D56CFF] SQLSTATE[22003]: Numeric value out of range: 1264 Out of range value for column 'duration_ms' at row 1 in /home/appnannerbr/public_html/cron/run.php:11 | request=CLI - | user=- | tenant=-
#0 /home/appnannerbr/public_html/cron/run.php(11): PDOStatement->execute(Array)
#1 {main}

[2026-09-14T16:02:01-03:00] [ERR-20260914-CBB49F] SQLSTATE[22003]: Numeric value out of range: 1264 Out of range value for column 'duration_ms' at row 1 in /home/appnannerbr/public_html/cron/run.php:11 | request=CLI - | user=- | tenant=-
#0 /home/appnannerbr/public_html/cron/run.php(11): PDOStatement->execute(Array)
#1 {main}

[2026-09-14T16:12:01-03:00] [ERR-20260914-885F38] SQLSTATE[22003]: Numeric value out of range: 1264 Out of range value for column 'duration_ms' at row 1 in /home/appnannerbr/public_html/cron/run.php:11 | request=CLI - | user=- | tenant=-
#0 /home/appnannerbr/public_html/cron/run.php(11): PDOStatement->execute(Array)
#1 {main}

[2026-09-14T16:22:01-03:00] [ERR-20260914-257931] SQLSTATE[22003]: Numeric value out of range: 1264 Out of range value for column 'duration_ms' at row 1 in /home/appnannerbr/public_html/cron/run.php:11 | request=CLI - | user=- | tenant=-
#0 /home/appnannerbr/public_html/cron/run.php(11): PDOStatement->execute(Array)
#1 {main}

[2026-09-14T16:32:01-03:00] [ERR-20260914-536A68] SQLSTATE[22003]: Numeric value out of range: 1264 Out of range value for column 'duration_ms' at row 1 in /home/appnannerbr/public_html/cron/run.php:11 | request=CLI - | user=- | tenant=-
#0 /home/appnannerbr/public_html/cron/run.php(11): PDOStatement->execute(Array)
#1 {main}

[2026-09-14T16:42:01-03:00] [ERR-20260914-7861C8] SQLSTATE[22003]: Numeric value out of range: 1264 Out of range value for column 'duration_ms' at row 1 in /home/appnannerbr/public_html/cron/run.php:11 | request=CLI - | user=- | tenant=-
#0 /home/appnannerbr/public_html/cron/run.php(11): PDOStatement->execute(Array)
#1 {main}

[2026-09-14T16:52:01-03:00] [ERR-20260914-703B9C] SQLSTATE[22003]: Numeric value out of range: 1264 Out of range value for column 'duration_ms' at row 1 in /home/appnannerbr/public_html/cron/run.php:11 | request=CLI - | user=- | tenant=-
#0 /home/appnannerbr/public_html/cron/run.php(11): PDOStatement->execute(Array)
#1 {main}

[2026-09-14T17:02:02-03:00] [ERR-20260914-74E5F4] SQLSTATE[22003]: Numeric value out of range: 1264 Out of range value for column 'duration_ms' at row 1 in /home/appnannerbr/public_html/cron/run.php:11 | request=CLI - | user=- | tenant=-
#0 /home/appnannerbr/public_html/cron/run.php(11): PDOStatement->execute(Array)
#1 {main}

[2026-09-14T17:12:01-03:00] [ERR-20260914-E2E8B3] SQLSTATE[22003]: Numeric value out of range: 1264 Out of range value for column 'duration_ms' at row 1 in /home/appnannerbr/public_html/cron/run.php:11 | request=CLI - | user=- | tenant=-
#0 /home/appnannerbr/public_html/cron/run.php(11): PDOStatement->execute(Array)
#1 {main}

[2026-09-14T17:22:02-03:00] [ERR-20260914-A4E00C] SQLSTATE[22003]: Numeric value out of range: 1264 Out of range value for column 'duration_ms' at row 1 in /home/appnannerbr/public_html/cron/run.php:11 | request=CLI - | user=- | tenant=-
#0 /home/appnannerbr/public_html/cron/run.php(11): PDOStatement->execute(Array)
#1 {main}

[2026-09-14T17:32:01-03:00] [ERR-20260914-1A68AA] SQLSTATE[22003]: Numeric value out of range: 1264 Out of range value for column 'duration_ms' at row 1 in /home/appnannerbr/public_html/cron/run.php:11 | request=CLI - | user=- | tenant=-
#0 /home/appnannerbr/public_html/cron/run.php(11): PDOStatement->execute(Array)
#1 {main}

[2026-09-14T17:42:01-03:00] [ERR-20260914-3E4C5E] SQLSTATE[22003]: Numeric value out of range: 1264 Out of range value for column 'duration_ms' at row 1 in /home/appnannerbr/public_html/cron/run.php:11 | request=CLI - | user=- | tenant=-
#0 /home/appnannerbr/public_html/cron/run.php(11): PDOStatement->execute(Array)
#1 {main}

[2026-09-14T17:52:01-03:00] [ERR-20260914-C07B2B] SQLSTATE[22003]: Numeric value out of range: 1264 Out of range value for column 'duration_ms' at row 1 in /home/appnannerbr/public_html/cron/run.php:11 | request=CLI - | user=- | tenant=-
#0 /home/appnannerbr/public_html/cron/run.php(11): PDOStatement->execute(Array)
#1 {main}

[2026-09-14T18:02:01-03:00] [ERR-20260914-8CD713] SQLSTATE[22003]: Numeric value out of range: 1264 Out of range value for column 'duration_ms' at row 1 in /home/appnannerbr/public_html/cron/run.php:11 | request=CLI - | user=- | tenant=-
#0 /home/appnannerbr/public_html/cron/run.php(11): PDOStatement->execute(Array)
#1 {main}

[2026-09-14T18:12:01-03:00] [ERR-20260914-FAC971] SQLSTATE[22003]: Numeric value out of range: 1264 Out of range value for column 'duration_ms' at row 1 in /home/appnannerbr/public_html/cron/run.php:11 | request=CLI - | user=- | tenant=-
#0 /home/appnannerbr/public_html/cron/run.php(11): PDOStatement->execute(Array)
#1 {main}

[2026-09-14T18:22:01-03:00] [ERR-20260914-15394D] SQLSTATE[22003]: Numeric value out of range: 1264 Out of range value for column 'duration_ms' at row 1 in /home/appnannerbr/public_html/cron/run.php:11 | request=CLI - | user=- | tenant=-
#0 /home/appnannerbr/public_html/cron/run.php(11): PDOStatement->execute(Array)
#1 {main}

[2026-09-14T18:32:01-03:00] [ERR-20260914-720703] SQLSTATE[22003]: Numeric value out of range: 1264 Out of range value for column 'duration_ms' at row 1 in /home/appnannerbr/public_html/cron/run.php:11 | request=CLI - | user=- | tenant=-
#0 /home/appnannerbr/public_html/cron/run.php(11): PDOStatement->execute(Array)
#1 {main}

[2026-09-14T18:42:02-03:00] [ERR-20260914-48F07A] SQLSTATE[22003]: Numeric value out of range: 1264 Out of range value for column 'duration_ms' at row 1 in /home/appnannerbr/public_html/cron/run.php:11 | request=CLI - | user=- | tenant=-
#0 /home/appnannerbr/public_html/cron/run.php(11): PDOStatement->execute(Array)
#1 {main}

[2026-09-14T18:52:02-03:00] [ERR-20260914-E7296B] SQLSTATE[22003]: Numeric value out of range: 1264 Out of range value for column 'duration_ms' at row 1 in /home/appnannerbr/public_html/cron/run.php:11 | request=CLI - | user=- | tenant=-
#0 /home/appnannerbr/public_html/cron/run.php(11): PDOStatement->execute(Array)
#1 {main}

[2026-09-14T19:02:02-03:00] [ERR-20260914-10C09D] SQLSTATE[22003]: Numeric value out of range: 1264 Out of range value for column 'duration_ms' at row 1 in /home/appnannerbr/public_html/cron/run.php:11 | request=CLI - | user=- | tenant=-
#0 /home/appnannerbr/public_html/cron/run.php(11): PDOStatement->execute(Array)
#1 {main}

[2026-09-14T19:12:01-03:00] [ERR-20260914-EE9BD8] SQLSTATE[22003]: Numeric value out of range: 1264 Out of range value for column 'duration_ms' at row 1 in /home/appnannerbr/public_html/cron/run.php:11 | request=CLI - | user=- | tenant=-
#0 /home/appnannerbr/public_html/cron/run.php(11): PDOStatement->execute(Array)
#1 {main}

[2026-09-14T19:22:01-03:00] [ERR-20260914-81D8C6] SQLSTATE[22003]: Numeric value out of range: 1264 Out of range value for column 'duration_ms' at row 1 in /home/appnannerbr/public_html/cron/run.php:11 | request=CLI - | user=- | tenant=-
#0 /home/appnannerbr/public_html/cron/run.php(11): PDOStatement->execute(Array)
#1 {main}

[2026-09-14T19:32:01-03:00] [ERR-20260914-AF2A29] SQLSTATE[22003]: Numeric value out of range: 1264 Out of range value for column 'duration_ms' at row 1 in /home/appnannerbr/public_html/cron/run.php:11 | request=CLI - | user=- | tenant=-
#0 /home/appnannerbr/public_html/cron/run.php(11): PDOStatement->execute(Array)
#1 {main}

[2026-09-14T19:42:01-03:00] [ERR-20260914-66D3ED] SQLSTATE[22003]: Numeric value out of range: 1264 Out of range value for column 'duration_ms' at row 1 in /home/appnannerbr/public_html/cron/run.php:11 | request=CLI - | user=- | tenant=-
#0 /home/appnannerbr/public_html/cron/run.php(11): PDOStatement->execute(Array)
#1 {main}

[2026-09-14T19:52:01-03:00] [ERR-20260914-196D71] SQLSTATE[22003]: Numeric value out of range: 1264 Out of range value for column 'duration_ms' at row 1 in /home/appnannerbr/public_html/cron/run.php:11 | request=CLI - | user=- | tenant=-
#0 /home/appnannerbr/public_html/cron/run.php(11): PDOStatement->execute(Array)
#1 {main}

[2026-09-15T08:02:01-03:00] [ERR-20260915-780346] SQLSTATE[22003]: Numeric value out of range: 1264 Out of range value for column 'duration_ms' at row 1 in /home/appnannerbr/public_html/cron/run.php:11 | request=CLI - | user=- | tenant=-
#0 /home/appnannerbr/public_html/cron/run.php(11): PDOStatement->execute(Array)
#1 {main}

[2026-09-15T08:12:01-03:00] [ERR-20260915-6D316F] SQLSTATE[22003]: Numeric value out of range: 1264 Out of range value for column 'duration_ms' at row 1 in /home/appnannerbr/public_html/cron/run.php:11 | request=CLI - | user=- | tenant=-
#0 /home/appnannerbr/public_html/cron/run.php(11): PDOStatement->execute(Array)
#1 {main}

[2026-09-15T08:22:01-03:00] [ERR-20260915-08F1D9] SQLSTATE[22003]: Numeric value out of range: 1264 Out of range value for column 'duration_ms' at row 1 in /home/appnannerbr/public_html/cron/run.php:11 | request=CLI - | user=- | tenant=-
#0 /home/appnannerbr/public_html/cron/run.php(11): PDOStatement->execute(Array)
#1 {main}

[2026-09-15T08:32:02-03:00] [ERR-20260915-4BC35E] SQLSTATE[22003]: Numeric value out of range: 1264 Out of range value for column 'duration_ms' at row 1 in /home/appnannerbr/public_html/cron/run.php:11 | request=CLI - | user=- | tenant=-
#0 /home/appnannerbr/public_html/cron/run.php(11): PDOStatement->execute(Array)
#1 {main}

[2026-09-15T08:42:02-03:00] [ERR-20260915-0ABC51] SQLSTATE[22003]: Numeric value out of range: 1264 Out of range value for column 'duration_ms' at row 1 in /home/appnannerbr/public_html/cron/run.php:11 | request=CLI - | user=- | tenant=-
#0 /home/appnannerbr/public_html/cron/run.php(11): PDOStatement->execute(Array)
#1 {main}

[2026-09-15T08:52:01-03:00] [ERR-20260915-C253C7] SQLSTATE[22003]: Numeric value out of range: 1264 Out of range value for column 'duration_ms' at row 1 in /home/appnannerbr/public_html/cron/run.php:11 | request=CLI - | user=- | tenant=-
#0 /home/appnannerbr/public_html/cron/run.php(11): PDOStatement->execute(Array)
#1 {main}

[2026-09-15T09:02:01-03:00] [ERR-20260915-6CF247] SQLSTATE[22003]: Numeric value out of range: 1264 Out of range value for column 'duration_ms' at row 1 in /home/appnannerbr/public_html/cron/run.php:11 | request=CLI - | user=- | tenant=-
#0 /home/appnannerbr/public_html/cron/run.php(11): PDOStatement->execute(Array)
#1 {main}

[2026-09-15T09:12:01-03:00] [ERR-20260915-CF3D91] SQLSTATE[22003]: Numeric value out of range: 1264 Out of range value for column 'duration_ms' at row 1 in /home/appnannerbr/public_html/cron/run.php:11 | request=CLI - | user=- | tenant=-
#0 /home/appnannerbr/public_html/cron/run.php(11): PDOStatement->execute(Array)
#1 {main}

[2026-09-15T09:22:02-03:00] [ERR-20260915-5C5486] SQLSTATE[22003]: Numeric value out of range: 1264 Out of range value for column 'duration_ms' at row 1 in /home/appnannerbr/public_html/cron/run.php:11 | request=CLI - | user=- | tenant=-
#0 /home/appnannerbr/public_html/cron/run.php(11): PDOStatement->execute(Array)
#1 {main}

[2026-09-15T09:32:02-03:00] [ERR-20260915-B9B768] SQLSTATE[22003]: Numeric value out of range: 1264 Out of range value for column 'duration_ms' at row 1 in /home/appnannerbr/public_html/cron/run.php:11 | request=CLI - | user=- | tenant=-
#0 /home/appnannerbr/public_html/cron/run.php(11): PDOStatement->execute(Array)
#1 {main}

[2026-09-15T09:42:01-03:00] [ERR-20260915-E8B744] SQLSTATE[22003]: Numeric value out of range: 1264 Out of range value for column 'duration_ms' at row 1 in /home/appnannerbr/public_html/cron/run.php:11 | request=CLI - | user=- | tenant=-
#0 /home/appnannerbr/public_html/cron/run.php(11): PDOStatement->execute(Array)
#1 {main}

[2026-09-15T09:52:01-03:00] [ERR-20260915-4FAF47] SQLSTATE[22003]: Numeric value out of range: 1264 Out of range value for column 'duration_ms' at row 1 in /home/appnannerbr/public_html/cron/run.php:11 | request=CLI - | user=- | tenant=-
#0 /home/appnannerbr/public_html/cron/run.php(11): PDOStatement->execute(Array)
#1 {main}

[2026-09-15T10:02:01-03:00] [ERR-20260915-E4273F] SQLSTATE[22003]: Numeric value out of range: 1264 Out of range value for column 'duration_ms' at row 1 in /home/appnannerbr/public_html/cron/run.php:11 | request=CLI - | user=- | tenant=-
#0 /home/appnannerbr/public_html/cron/run.php(11): PDOStatement->execute(Array)
#1 {main}

[2026-09-15T10:12:01-03:00] [ERR-20260915-F37710] SQLSTATE[22003]: Numeric value out of range: 1264 Out of range value for column 'duration_ms' at row 1 in /home/appnannerbr/public_html/cron/run.php:11 | request=CLI - | user=- | tenant=-
#0 /home/appnannerbr/public_html/cron/run.php(11): PDOStatement->execute(Array)
#1 {main}

[2026-09-15T10:22:01-03:00] [ERR-20260915-16885A] SQLSTATE[22003]: Numeric value out of range: 1264 Out of range value for column 'duration_ms' at row 1 in /home/appnannerbr/public_html/cron/run.php:11 | request=CLI - | user=- | tenant=-
#0 /home/appnannerbr/public_html/cron/run.php(11): PDOStatement->execute(Array)
#1 {main}

[2026-09-15T10:32:01-03:00] [ERR-20260915-73A207] SQLSTATE[22003]: Numeric value out of range: 1264 Out of range value for column 'duration_ms' at row 1 in /home/appnannerbr/public_html/cron/run.php:11 | request=CLI - | user=- | tenant=-
#0 /home/appnannerbr/public_html/cron/run.php(11): PDOStatement->execute(Array)
#1 {main}

[2026-09-15T10:42:01-03:00] [ERR-20260915-B325AC] SQLSTATE[22003]: Numeric value out of range: 1264 Out of range value for column 'duration_ms' at row 1 in /home/appnannerbr/public_html/cron/run.php:11 | request=CLI - | user=- | tenant=-
#0 /home/appnannerbr/public_html/cron/run.php(11): PDOStatement->execute(Array)
#1 {main}

[2026-09-15T10:52:02-03:00] [ERR-20260915-F1D7BF] SQLSTATE[22003]: Numeric value out of range: 1264 Out of range value for column 'duration_ms' at row 1 in /home/appnannerbr/public_html/cron/run.php:11 | request=CLI - | user=- | tenant=-
#0 /home/appnannerbr/public_html/cron/run.php(11): PDOStatement->execute(Array)
#1 {main}

[2026-09-15T11:02:02-03:00] [ERR-20260915-767577] SQLSTATE[22003]: Numeric value out of range: 1264 Out of range value for column 'duration_ms' at row 1 in /home/appnannerbr/public_html/cron/run.php:11 | request=CLI - | user=- | tenant=-
#0 /home/appnannerbr/public_html/cron/run.php(11): PDOStatement->execute(Array)
#1 {main}

[2026-09-15T11:12:01-03:00] [ERR-20260915-30FADC] SQLSTATE[22003]: Numeric value out of range: 1264 Out of range value for column 'duration_ms' at row 1 in /home/appnannerbr/public_html/cron/run.php:11 | request=CLI - | user=- | tenant=-
#0 /home/appnannerbr/public_html/cron/run.php(11): PDOStatement->execute(Array)
#1 {main}

[2026-09-15T11:22:01-03:00] [ERR-20260915-8605D7] SQLSTATE[22003]: Numeric value out of range: 1264 Out of range value for column 'duration_ms' at row 1 in /home/appnannerbr/public_html/cron/run.php:11 | request=CLI - | user=- | tenant=-
#0 /home/appnannerbr/public_html/cron/run.php(11): PDOStatement->execute(Array)
#1 {main}

[2026-09-15T11:32:01-03:00] [ERR-20260915-633A59] SQLSTATE[22003]: Numeric value out of range: 1264 Out of range value for column 'duration_ms' at row 1 in /home/appnannerbr/public_html/cron/run.php:11 | request=CLI - | user=- | tenant=-
#0 /home/appnannerbr/public_html/cron/run.php(11): PDOStatement->execute(Array)
#1 {main}

[2026-09-15T11:42:02-03:00] [ERR-20260915-006968] SQLSTATE[22003]: Numeric value out of range: 1264 Out of range value for column 'duration_ms' at row 1 in /home/appnannerbr/public_html/cron/run.php:11 | request=CLI - | user=- | tenant=-
#0 /home/appnannerbr/public_html/cron/run.php(11): PDOStatement->execute(Array)
#1 {main}

[2026-09-15T11:52:02-03:00] [ERR-20260915-90958C] SQLSTATE[22003]: Numeric value out of range: 1264 Out of range value for column 'duration_ms' at row 1 in /home/appnannerbr/public_html/cron/run.php:11 | request=CLI - | user=- | tenant=-
#0 /home/appnannerbr/public_html/cron/run.php(11): PDOStatement->execute(Array)
#1 {main}

[2026-09-15T12:02:02-03:00] [ERR-20260915-A3B291] SQLSTATE[22003]: Numeric value out of range: 1264 Out of range value for column 'duration_ms' at row 1 in /home/appnannerbr/public_html/cron/run.php:11 | request=CLI - | user=- | tenant=-
#0 /home/appnannerbr/public_html/cron/run.php(11): PDOStatement->execute(Array)
#1 {main}

[2026-09-15T12:12:01-03:00] [ERR-20260915-4BDF46] SQLSTATE[22003]: Numeric value out of range: 1264 Out of range value for column 'duration_ms' at row 1 in /home/appnannerbr/public_html/cron/run.php:11 | request=CLI - | user=- | tenant=-
#0 /home/appnannerbr/public_html/cron/run.php(11): PDOStatement->execute(Array)
#1 {main}

[2026-09-15T12:22:01-03:00] [ERR-20260915-11D3F3] SQLSTATE[22003]: Numeric value out of range: 1264 Out of range value for column 'duration_ms' at row 1 in /home/appnannerbr/public_html/cron/run.php:11 | request=CLI - | user=- | tenant=-
#0 /home/appnannerbr/public_html/cron/run.php(11): PDOStatement->execute(Array)
#1 {main}

[2026-09-15T12:32:01-03:00] [ERR-20260915-59E803] SQLSTATE[22003]: Numeric value out of range: 1264 Out of range value for column 'duration_ms' at row 1 in /home/appnannerbr/public_html/cron/run.php:11 | request=CLI - | user=- | tenant=-
#0 /home/appnannerbr/public_html/cron/run.php(11): PDOStatement->execute(Array)
#1 {main}

[2026-09-15T12:42:01-03:00] [ERR-20260915-0C3E1A] SQLSTATE[22003]: Numeric value out of range: 1264 Out of range value for column 'duration_ms' at row 1 in /home/appnannerbr/public_html/cron/run.php:11 | request=CLI - | user=- | tenant=-
#0 /home/appnannerbr/public_html/cron/run.php(11): PDOStatement->execute(Array)
#1 {main}

[2026-09-15T12:52:02-03:00] [ERR-20260915-66FB62] SQLSTATE[22003]: Numeric value out of range: 1264 Out of range value for column 'duration_ms' at row 1 in /home/appnannerbr/public_html/cron/run.php:11 | request=CLI - | user=- | tenant=-
#0 /home/appnannerbr/public_html/cron/run.php(11): PDOStatement->execute(Array)
#1 {main}

[2026-09-15T13:02:02-03:00] [ERR-20260915-277026] SQLSTATE[22003]: Numeric value out of range: 1264 Out of range value for column 'duration_ms' at row 1 in /home/appnannerbr/public_html/cron/run.php:11 | request=CLI - | user=- | tenant=-
#0 /home/appnannerbr/public_html/cron/run.php(11): PDOStatement->execute(Array)
#1 {main}

[2026-09-15T13:12:01-03:00] [ERR-20260915-56F198] SQLSTATE[22003]: Numeric value out of range: 1264 Out of range value for column 'duration_ms' at row 1 in /home/appnannerbr/public_html/cron/run.php:11 | request=CLI - | user=- | tenant=-
#0 /home/appnannerbr/public_html/cron/run.php(11): PDOStatement->execute(Array)
#1 {main}

[2026-09-15T13:22:01-03:00] [ERR-20260915-F29161] SQLSTATE[22003]: Numeric value out of range: 1264 Out of range value for column 'duration_ms' at row 1 in /home/appnannerbr/public_html/cron/run.php:11 | request=CLI - | user=- | tenant=-
#0 /home/appnannerbr/public_html/cron/run.php(11): PDOStatement->execute(Array)
#1 {main}

[2026-09-15T13:32:01-03:00] [ERR-20260915-F5F8D2] SQLSTATE[22003]: Numeric value out of range: 1264 Out of range value for column 'duration_ms' at row 1 in /home/appnannerbr/public_html/cron/run.php:11 | request=CLI - | user=- | tenant=-
#0 /home/appnannerbr/public_html/cron/run.php(11): PDOStatement->execute(Array)
#1 {main}

[2026-09-15T13:42:01-03:00] [ERR-20260915-4ACD21] SQLSTATE[22003]: Numeric value out of range: 1264 Out of range value for column 'duration_ms' at row 1 in /home/appnannerbr/public_html/cron/run.php:11 | request=CLI - | user=- | tenant=-
#0 /home/appnannerbr/public_html/cron/run.php(11): PDOStatement->execute(Array)
#1 {main}

[2026-09-15T13:52:01-03:00] [ERR-20260915-99AC20] SQLSTATE[22003]: Numeric value out of range: 1264 Out of range value for column 'duration_ms' at row 1 in /home/appnannerbr/public_html/cron/run.php:11 | request=CLI - | user=- | tenant=-
#0 /home/appnannerbr/public_html/cron/run.php(11): PDOStatement->execute(Array)
#1 {main}

[2026-09-15T14:02:01-03:00] [ERR-20260915-E53893] SQLSTATE[22003]: Numeric value out of range: 1264 Out of range value for column 'duration_ms' at row 1 in /home/appnannerbr/public_html/cron/run.php:11 | request=CLI - | user=- | tenant=-
#0 /home/appnannerbr/public_html/cron/run.php(11): PDOStatement->execute(Array)
#1 {main}

[2026-09-15T14:12:01-03:00] [ERR-20260915-759DC9] SQLSTATE[22003]: Numeric value out of range: 1264 Out of range value for column 'duration_ms' at row 1 in /home/appnannerbr/public_html/cron/run.php:11 | request=CLI - | user=- | tenant=-
#0 /home/appnannerbr/public_html/cron/run.php(11): PDOStatement->execute(Array)
#1 {main}

[2026-09-15T14:22:02-03:00] [ERR-20260915-7C3DA6] SQLSTATE[22003]: Numeric value out of range: 1264 Out of range value for column 'duration_ms' at row 1 in /home/appnannerbr/public_html/cron/run.php:11 | request=CLI - | user=- | tenant=-
#0 /home/appnannerbr/public_html/cron/run.php(11): PDOStatement->execute(Array)
#1 {main}

[2026-09-15T14:32:01-03:00] [ERR-20260915-DA6347] SQLSTATE[22003]: Numeric value out of range: 1264 Out of range value for column 'duration_ms' at row 1 in /home/appnannerbr/public_html/cron/run.php:11 | request=CLI - | user=- | tenant=-
#0 /home/appnannerbr/public_html/cron/run.php(11): PDOStatement->execute(Array)
#1 {main}

[2026-09-15T14:42:01-03:00] [ERR-20260915-18CEC8] SQLSTATE[22003]: Numeric value out of range: 1264 Out of range value for column 'duration_ms' at row 1 in /home/appnannerbr/public_html/cron/run.php:11 | request=CLI - | user=- | tenant=-
#0 /home/appnannerbr/public_html/cron/run.php(11): PDOStatement->execute(Array)
#1 {main}

[2026-09-15T14:52:01-03:00] [ERR-20260915-727C08] SQLSTATE[22003]: Numeric value out of range: 1264 Out of range value for column 'duration_ms' at row 1 in /home/appnannerbr/public_html/cron/run.php:11 | request=CLI - | user=- | tenant=-
#0 /home/appnannerbr/public_html/cron/run.php(11): PDOStatement->execute(Array)
#1 {main}

[2026-09-15T15:02:01-03:00] [ERR-20260915-9A8BE7] SQLSTATE[22003]: Numeric value out of range: 1264 Out of range value for column 'duration_ms' at row 1 in /home/appnannerbr/public_html/cron/run.php:11 | request=CLI - | user=- | tenant=-
#0 /home/appnannerbr/public_html/cron/run.php(11): PDOStatement->execute(Array)
#1 {main}

[2026-09-15T15:12:02-03:00] [ERR-20260915-0129B1] SQLSTATE[22003]: Numeric value out of range: 1264 Out of range value for column 'duration_ms' at row 1 in /home/appnannerbr/public_html/cron/run.php:11 | request=CLI - | user=- | tenant=-
#0 /home/appnannerbr/public_html/cron/run.php(11): PDOStatement->execute(Array)
#1 {main}

[2026-09-15T15:22:01-03:00] [ERR-20260915-ECA431] SQLSTATE[22003]: Numeric value out of range: 1264 Out of range value for column 'duration_ms' at row 1 in /home/appnannerbr/public_html/cron/run.php:11 | request=CLI - | user=- | tenant=-
#0 /home/appnannerbr/public_html/cron/run.php(11): PDOStatement->execute(Array)
#1 {main}

[2026-09-15T15:32:01-03:00] [ERR-20260915-979BB2] SQLSTATE[22003]: Numeric value out of range: 1264 Out of range value for column 'duration_ms' at row 1 in /home/appnannerbr/public_html/cron/run.php:11 | request=CLI - | user=- | tenant=-
#0 /home/appnannerbr/public_html/cron/run.php(11): PDOStatement->execute(Array)
#1 {main}

[2026-09-15T15:42:01-03:00] [ERR-20260915-C235AE] SQLSTATE[22003]: Numeric value out of range: 1264 Out of range value for column 'duration_ms' at row 1 in /home/appnannerbr/public_html/cron/run.php:11 | request=CLI - | user=- | tenant=-
#0 /home/appnannerbr/public_html/cron/run.php(11): PDOStatement->execute(Array)
#1 {main}

[2026-09-15T15:52:02-03:00] [ERR-20260915-73BD2E] SQLSTATE[22003]: Numeric value out of range: 1264 Out of range value for column 'duration_ms' at row 1 in /home/appnannerbr/public_html/cron/run.php:11 | request=CLI - | user=- | tenant=-
#0 /home/appnannerbr/public_html/cron/run.php(11): PDOStatement->execute(Array)
#1 {main}

[2026-09-15T16:02:02-03:00] [ERR-20260915-16D18D] SQLSTATE[22003]: Numeric value out of range: 1264 Out of range value for column 'duration_ms' at row 1 in /home/appnannerbr/public_html/cron/run.php:11 | request=CLI - | user=- | tenant=-
#0 /home/appnannerbr/public_html/cron/run.php(11): PDOStatement->execute(Array)
#1 {main}

[2026-09-15T16:12:01-03:00] [ERR-20260915-3FFEB9] SQLSTATE[22003]: Numeric value out of range: 1264 Out of range value for column 'duration_ms' at row 1 in /home/appnannerbr/public_html/cron/run.php:11 | request=CLI - | user=- | tenant=-
#0 /home/appnannerbr/public_html/cron/run.php(11): PDOStatement->execute(Array)
#1 {main}

[2026-09-15T16:22:02-03:00] [ERR-20260915-E1A7C7] SQLSTATE[22003]: Numeric value out of range: 1264 Out of range value for column 'duration_ms' at row 1 in /home/appnannerbr/public_html/cron/run.php:11 | request=CLI - | user=- | tenant=-
#0 /home/appnannerbr/public_html/cron/run.php(11): PDOStatement->execute(Array)
#1 {main}

[2026-09-15T16:32:01-03:00] [ERR-20260915-EBC227] SQLSTATE[22003]: Numeric value out of range: 1264 Out of range value for column 'duration_ms' at row 1 in /home/appnannerbr/public_html/cron/run.php:11 | request=CLI - | user=- | tenant=-
#0 /home/appnannerbr/public_html/cron/run.php(11): PDOStatement->execute(Array)
#1 {main}

[2026-09-15T16:42:01-03:00] [ERR-20260915-913ACA] SQLSTATE[22003]: Numeric value out of range: 1264 Out of range value for column 'duration_ms' at row 1 in /home/appnannerbr/public_html/cron/run.php:11 | request=CLI - | user=- | tenant=-
#0 /home/appnannerbr/public_html/cron/run.php(11): PDOStatement->execute(Array)
#1 {main}

[2026-09-15T16:52:01-03:00] [ERR-20260915-272FAF] SQLSTATE[22003]: Numeric value out of range: 1264 Out of range value for column 'duration_ms' at row 1 in /home/appnannerbr/public_html/cron/run.php:11 | request=CLI - | user=- | tenant=-
#0 /home/appnannerbr/public_html/cron/run.php(11): PDOStatement->execute(Array)
#1 {main}

[2026-09-15T17:02:01-03:00] [ERR-20260915-F56F21] SQLSTATE[22003]: Numeric value out of range: 1264 Out of range value for column 'duration_ms' at row 1 in /home/appnannerbr/public_html/cron/run.php:11 | request=CLI - | user=- | tenant=-
#0 /home/appnannerbr/public_html/cron/run.php(11): PDOStatement->execute(Array)
#1 {main}

[2026-09-15T17:12:01-03:00] [ERR-20260915-90C830] SQLSTATE[22003]: Numeric value out of range: 1264 Out of range value for column 'duration_ms' at row 1 in /home/appnannerbr/public_html/cron/run.php:11 | request=CLI - | user=- | tenant=-
#0 /home/appnannerbr/public_html/cron/run.php(11): PDOStatement->execute(Array)
#1 {main}

[2026-09-15T17:22:01-03:00] [ERR-20260915-4C19F1] SQLSTATE[22003]: Numeric value out of range: 1264 Out of range value for column 'duration_ms' at row 1 in /home/appnannerbr/public_html/cron/run.php:11 | request=CLI - | user=- | tenant=-
#0 /home/appnannerbr/public_html/cron/run.php(11): PDOStatement->execute(Array)
#1 {main}

[2026-09-15T17:32:01-03:00] [ERR-20260915-69D5ED] SQLSTATE[22003]: Numeric value out of range: 1264 Out of range value for column 'duration_ms' at row 1 in /home/appnannerbr/public_html/cron/run.php:11 | request=CLI - | user=- | tenant=-
#0 /home/appnannerbr/public_html/cron/run.php(11): PDOStatement->execute(Array)
#1 {main}

[2026-09-15T17:42:01-03:00] [ERR-20260915-ECEF14] SQLSTATE[22003]: Numeric value out of range: 1264 Out of range value for column 'duration_ms' at row 1 in /home/appnannerbr/public_html/cron/run.php:11 | request=CLI - | user=- | tenant=-
#0 /home/appnannerbr/public_html/cron/run.php(11): PDOStatement->execute(Array)
#1 {main}

[2026-09-15T17:52:01-03:00] [ERR-20260915-1C361A] SQLSTATE[22003]: Numeric value out of range: 1264 Out of range value for column 'duration_ms' at row 1 in /home/appnannerbr/public_html/cron/run.php:11 | request=CLI - | user=- | tenant=-
#0 /home/appnannerbr/public_html/cron/run.php(11): PDOStatement->execute(Array)
#1 {main}

[2026-09-15T18:02:01-03:00] [ERR-20260915-6055AE] SQLSTATE[22003]: Numeric value out of range: 1264 Out of range value for column 'duration_ms' at row 1 in /home/appnannerbr/public_html/cron/run.php:11 | request=CLI - | user=- | tenant=-
#0 /home/appnannerbr/public_html/cron/run.php(11): PDOStatement->execute(Array)
#1 {main}

[2026-09-15T18:12:01-03:00] [ERR-20260915-F57C94] SQLSTATE[22003]: Numeric value out of range: 1264 Out of range value for column 'duration_ms' at row 1 in /home/appnannerbr/public_html/cron/run.php:11 | request=CLI - | user=- | tenant=-
#0 /home/appnannerbr/public_html/cron/run.php(11): PDOStatement->execute(Array)
#1 {main}

[2026-09-15T18:22:01-03:00] [ERR-20260915-AD48F6] SQLSTATE[22003]: Numeric value out of range: 1264 Out of range value for column 'duration_ms' at row 1 in /home/appnannerbr/public_html/cron/run.php:11 | request=CLI - | user=- | tenant=-
#0 /home/appnannerbr/public_html/cron/run.php(11): PDOStatement->execute(Array)
#1 {main}

[2026-09-15T18:32:02-03:00] [ERR-20260915-630AF4] SQLSTATE[22003]: Numeric value out of range: 1264 Out of range value for column 'duration_ms' at row 1 in /home/appnannerbr/public_html/cron/run.php:11 | request=CLI - | user=- | tenant=-
#0 /home/appnannerbr/public_html/cron/run.php(11): PDOStatement->execute(Array)
#1 {main}

[2026-09-15T18:42:01-03:00] [ERR-20260915-6DA476] SQLSTATE[22003]: Numeric value out of range: 1264 Out of range value for column 'duration_ms' at row 1 in /home/appnannerbr/public_html/cron/run.php:11 | request=CLI - | user=- | tenant=-
#0 /home/appnannerbr/public_html/cron/run.php(11): PDOStatement->execute(Array)
#1 {main}

[2026-09-15T18:52:01-03:00] [ERR-20260915-826774] SQLSTATE[22003]: Numeric value out of range: 1264 Out of range value for column 'duration_ms' at row 1 in /home/appnannerbr/public_html/cron/run.php:11 | request=CLI - | user=- | tenant=-
#0 /home/appnannerbr/public_html/cron/run.php(11): PDOStatement->execute(Array)
#1 {main}

[2026-09-15T19:02:01-03:00] [ERR-20260915-EBC89F] SQLSTATE[22003]: Numeric value out of range: 1264 Out of range value for column 'duration_ms' at row 1 in /home/appnannerbr/public_html/cron/run.php:11 | request=CLI - | user=- | tenant=-
#0 /home/appnannerbr/public_html/cron/run.php(11): PDOStatement->execute(Array)
#1 {main}

[2026-09-15T19:12:01-03:00] [ERR-20260915-DC7703] SQLSTATE[22003]: Numeric value out of range: 1264 Out of range value for column 'duration_ms' at row 1 in /home/appnannerbr/public_html/cron/run.php:11 | request=CLI - | user=- | tenant=-
#0 /home/appnannerbr/public_html/cron/run.php(11): PDOStatement->execute(Array)
#1 {main}

[2026-09-15T19:22:01-03:00] [ERR-20260915-B2A7C5] SQLSTATE[22003]: Numeric value out of range: 1264 Out of range value for column 'duration_ms' at row 1 in /home/appnannerbr/public_html/cron/run.php:11 | request=CLI - | user=- | tenant=-
#0 /home/appnannerbr/public_html/cron/run.php(11): PDOStatement->execute(Array)
#1 {main}

[2026-09-15T19:32:01-03:00] [ERR-20260915-0200A4] SQLSTATE[22003]: Numeric value out of range: 1264 Out of range value for column 'duration_ms' at row 1 in /home/appnannerbr/public_html/cron/run.php:11 | request=CLI - | user=- | tenant=-
#0 /home/appnannerbr/public_html/cron/run.php(11): PDOStatement->execute(Array)
#1 {main}

[2026-09-15T19:42:02-03:00] [ERR-20260915-DAB860] SQLSTATE[22003]: Numeric value out of range: 1264 Out of range value for column 'duration_ms' at row 1 in /home/appnannerbr/public_html/cron/run.php:11 | request=CLI - | user=- | tenant=-
#0 /home/appnannerbr/public_html/cron/run.php(11): PDOStatement->execute(Array)
#1 {main}

[2026-09-15T19:52:02-03:00] [ERR-20260915-EA4B53] SQLSTATE[22003]: Numeric value out of range: 1264 Out of range value for column 'duration_ms' at row 1 in /home/appnannerbr/public_html/cron/run.php:11 | request=CLI - | user=- | tenant=-
#0 /home/appnannerbr/public_html/cron/run.php(11): PDOStatement->execute(Array)
#1 {main}

[2026-09-16T08:02:01-03:00] [ERR-20260916-BEBB35] SQLSTATE[22003]: Numeric value out of range: 1264 Out of range value for column 'duration_ms' at row 1 in /home/appnannerbr/public_html/cron/run.php:11 | request=CLI - | user=- | tenant=-
#0 /home/appnannerbr/public_html/cron/run.php(11): PDOStatement->execute(Array)
#1 {main}

[2026-09-16T08:12:02-03:00] [ERR-20260916-7091ED] SQLSTATE[22003]: Numeric value out of range: 1264 Out of range value for column 'duration_ms' at row 1 in /home/appnannerbr/public_html/cron/run.php:11 | request=CLI - | user=- | tenant=-
#0 /home/appnannerbr/public_html/cron/run.php(11): PDOStatement->execute(Array)
#1 {main}

[2026-09-16T08:22:02-03:00] [ERR-20260916-67CA43] SQLSTATE[22003]: Numeric value out of range: 1264 Out of range value for column 'duration_ms' at row 1 in /home/appnannerbr/public_html/cron/run.php:11 | request=CLI - | user=- | tenant=-
#0 /home/appnannerbr/public_html/cron/run.php(11): PDOStatement->execute(Array)
#1 {main}

[2026-09-16T08:32:02-03:00] [ERR-20260916-A21A2F] SQLSTATE[22003]: Numeric value out of range: 1264 Out of range value for column 'duration_ms' at row 1 in /home/appnannerbr/public_html/cron/run.php:11 | request=CLI - | user=- | tenant=-
#0 /home/appnannerbr/public_html/cron/run.php(11): PDOStatement->execute(Array)
#1 {main}

[2026-09-16T08:42:01-03:00] [ERR-20260916-7619B0] SQLSTATE[22003]: Numeric value out of range: 1264 Out of range value for column 'duration_ms' at row 1 in /home/appnannerbr/public_html/cron/run.php:11 | request=CLI - | user=- | tenant=-
#0 /home/appnannerbr/public_html/cron/run.php(11): PDOStatement->execute(Array)
#1 {main}

[2026-09-16T08:52:02-03:00] [ERR-20260916-9D8A97] SQLSTATE[22003]: Numeric value out of range: 1264 Out of range value for column 'duration_ms' at row 1 in /home/appnannerbr/public_html/cron/run.php:11 | request=CLI - | user=- | tenant=-
#0 /home/appnannerbr/public_html/cron/run.php(11): PDOStatement->execute(Array)
#1 {main}

[2026-09-16T09:02:02-03:00] [ERR-20260916-B92977] SQLSTATE[22003]: Numeric value out of range: 1264 Out of range value for column 'duration_ms' at row 1 in /home/appnannerbr/public_html/cron/run.php:11 | request=CLI - | user=- | tenant=-
#0 /home/appnannerbr/public_html/cron/run.php(11): PDOStatement->execute(Array)
#1 {main}

[2026-09-16T09:12:01-03:00] [ERR-20260916-BB6944] SQLSTATE[22003]: Numeric value out of range: 1264 Out of range value for column 'duration_ms' at row 1 in /home/appnannerbr/public_html/cron/run.php:11 | request=CLI - | user=- | tenant=-
#0 /home/appnannerbr/public_html/cron/run.php(11): PDOStatement->execute(Array)
#1 {main}

[2026-09-16T09:22:02-03:00] [ERR-20260916-B83E7E] SQLSTATE[22003]: Numeric value out of range: 1264 Out of range value for column 'duration_ms' at row 1 in /home/appnannerbr/public_html/cron/run.php:11 | request=CLI - | user=- | tenant=-
#0 /home/appnannerbr/public_html/cron/run.php(11): PDOStatement->execute(Array)
#1 {main}

[2026-09-16T09:32:01-03:00] [ERR-20260916-642F00] SQLSTATE[22003]: Numeric value out of range: 1264 Out of range value for column 'duration_ms' at row 1 in /home/appnannerbr/public_html/cron/run.php:11 | request=CLI - | user=- | tenant=-
#0 /home/appnannerbr/public_html/cron/run.php(11): PDOStatement->execute(Array)
#1 {main}

[2026-09-16T09:42:01-03:00] [ERR-20260916-785832] SQLSTATE[22003]: Numeric value out of range: 1264 Out of range value for column 'duration_ms' at row 1 in /home/appnannerbr/public_html/cron/run.php:11 | request=CLI - | user=- | tenant=-
#0 /home/appnannerbr/public_html/cron/run.php(11): PDOStatement->execute(Array)
#1 {main}

[2026-09-16T09:52:01-03:00] [ERR-20260916-56A71D] SQLSTATE[22003]: Numeric value out of range: 1264 Out of range value for column 'duration_ms' at row 1 in /home/appnannerbr/public_html/cron/run.php:11 | request=CLI - | user=- | tenant=-
#0 /home/appnannerbr/public_html/cron/run.php(11): PDOStatement->execute(Array)
#1 {main}

[2026-09-16T10:02:01-03:00] [ERR-20260916-8F1CBE] SQLSTATE[22003]: Numeric value out of range: 1264 Out of range value for column 'duration_ms' at row 1 in /home/appnannerbr/public_html/cron/run.php:11 | request=CLI - | user=- | tenant=-
#0 /home/appnannerbr/public_html/cron/run.php(11): PDOStatement->execute(Array)
#1 {main}

[2026-09-16T10:12:01-03:00] [ERR-20260916-0F80D4] SQLSTATE[22003]: Numeric value out of range: 1264 Out of range value for column 'duration_ms' at row 1 in /home/appnannerbr/public_html/cron/run.php:11 | request=CLI - | user=- | tenant=-
#0 /home/appnannerbr/public_html/cron/run.php(11): PDOStatement->execute(Array)
#1 {main}

[2026-09-16T10:22:01-03:00] [ERR-20260916-705838] SQLSTATE[22003]: Numeric value out of range: 1264 Out of range value for column 'duration_ms' at row 1 in /home/appnannerbr/public_html/cron/run.php:11 | request=CLI - | user=- | tenant=-
#0 /home/appnannerbr/public_html/cron/run.php(11): PDOStatement->execute(Array)
#1 {main}

[2026-09-16T10:32:01-03:00] [ERR-20260916-F7083C] SQLSTATE[22003]: Numeric value out of range: 1264 Out of range value for column 'duration_ms' at row 1 in /home/appnannerbr/public_html/cron/run.php:11 | request=CLI - | user=- | tenant=-
#0 /home/appnannerbr/public_html/cron/run.php(11): PDOStatement->execute(Array)
#1 {main}

[2026-09-16T10:42:01-03:00] [ERR-20260916-3EA7AA] SQLSTATE[22003]: Numeric value out of range: 1264 Out of range value for column 'duration_ms' at row 1 in /home/appnannerbr/public_html/cron/run.php:11 | request=CLI - | user=- | tenant=-
#0 /home/appnannerbr/public_html/cron/run.php(11): PDOStatement->execute(Array)
#1 {main}

[2026-09-16T10:52:01-03:00] [ERR-20260916-3F719A] SQLSTATE[22003]: Numeric value out of range: 1264 Out of range value for column 'duration_ms' at row 1 in /home/appnannerbr/public_html/cron/run.php:11 | request=CLI - | user=- | tenant=-
#0 /home/appnannerbr/public_html/cron/run.php(11): PDOStatement->execute(Array)
#1 {main}

[2026-09-16T11:02:01-03:00] [ERR-20260916-D3CA60] SQLSTATE[22003]: Numeric value out of range: 1264 Out of range value for column 'duration_ms' at row 1 in /home/appnannerbr/public_html/cron/run.php:11 | request=CLI - | user=- | tenant=-
#0 /home/appnannerbr/public_html/cron/run.php(11): PDOStatement->execute(Array)
#1 {main}

[2026-09-16T11:12:02-03:00] [ERR-20260916-BFF65D] SQLSTATE[22003]: Numeric value out of range: 1264 Out of range value for column 'duration_ms' at row 1 in /home/appnannerbr/public_html/cron/run.php:11 | request=CLI - | user=- | tenant=-
#0 /home/appnannerbr/public_html/cron/run.php(11): PDOStatement->execute(Array)
#1 {main}

[2026-09-16T11:22:01-03:00] [ERR-20260916-B4AD8F] SQLSTATE[22003]: Numeric value out of range: 1264 Out of range value for column 'duration_ms' at row 1 in /home/appnannerbr/public_html/cron/run.php:11 | request=CLI - | user=- | tenant=-
#0 /home/appnannerbr/public_html/cron/run.php(11): PDOStatement->execute(Array)
#1 {main}

[2026-09-16T11:32:02-03:00] [ERR-20260916-5D8F4B] SQLSTATE[22003]: Numeric value out of range: 1264 Out of range value for column 'duration_ms' at row 1 in /home/appnannerbr/public_html/cron/run.php:11 | request=CLI - | user=- | tenant=-
#0 /home/appnannerbr/public_html/cron/run.php(11): PDOStatement->execute(Array)
#1 {main}

[2026-09-16T11:42:01-03:00] [ERR-20260916-692ED9] SQLSTATE[22003]: Numeric value out of range: 1264 Out of range value for column 'duration_ms' at row 1 in /home/appnannerbr/public_html/cron/run.php:11 | request=CLI - | user=- | tenant=-
#0 /home/appnannerbr/public_html/cron/run.php(11): PDOStatement->execute(Array)
#1 {main}

[2026-09-16T11:52:02-03:00] [ERR-20260916-769490] SQLSTATE[22003]: Numeric value out of range: 1264 Out of range value for column 'duration_ms' at row 1 in /home/appnannerbr/public_html/cron/run.php:11 | request=CLI - | user=- | tenant=-
#0 /home/appnannerbr/public_html/cron/run.php(11): PDOStatement->execute(Array)
#1 {main}

[2026-09-16T12:02:01-03:00] [ERR-20260916-575ECF] SQLSTATE[22003]: Numeric value out of range: 1264 Out of range value for column 'duration_ms' at row 1 in /home/appnannerbr/public_html/cron/run.php:11 | request=CLI - | user=- | tenant=-
#0 /home/appnannerbr/public_html/cron/run.php(11): PDOStatement->execute(Array)
#1 {main}

[2026-09-16T12:12:01-03:00] [ERR-20260916-0F01F7] SQLSTATE[22003]: Numeric value out of range: 1264 Out of range value for column 'duration_ms' at row 1 in /home/appnannerbr/public_html/cron/run.php:11 | request=CLI - | user=- | tenant=-
#0 /home/appnannerbr/public_html/cron/run.php(11): PDOStatement->execute(Array)
#1 {main}

[2026-09-16T12:22:01-03:00] [ERR-20260916-4C3F64] SQLSTATE[22003]: Numeric value out of range: 1264 Out of range value for column 'duration_ms' at row 1 in /home/appnannerbr/public_html/cron/run.php:11 | request=CLI - | user=- | tenant=-
#0 /home/appnannerbr/public_html/cron/run.php(11): PDOStatement->execute(Array)
#1 {main}

[2026-09-16T12:32:02-03:00] [ERR-20260916-547E4D] SQLSTATE[22003]: Numeric value out of range: 1264 Out of range value for column 'duration_ms' at row 1 in /home/appnannerbr/public_html/cron/run.php:11 | request=CLI - | user=- | tenant=-
#0 /home/appnannerbr/public_html/cron/run.php(11): PDOStatement->execute(Array)
#1 {main}

[2026-09-16T12:42:01-03:00] [ERR-20260916-4A8328] SQLSTATE[22003]: Numeric value out of range: 1264 Out of range value for column 'duration_ms' at row 1 in /home/appnannerbr/public_html/cron/run.php:11 | request=CLI - | user=- | tenant=-
#0 /home/appnannerbr/public_html/cron/run.php(11): PDOStatement->execute(Array)
#1 {main}

[2026-09-16T12:52:01-03:00] [ERR-20260916-86557E] SQLSTATE[22003]: Numeric value out of range: 1264 Out of range value for column 'duration_ms' at row 1 in /home/appnannerbr/public_html/cron/run.php:11 | request=CLI - | user=- | tenant=-
#0 /home/appnannerbr/public_html/cron/run.php(11): PDOStatement->execute(Array)
#1 {main}

[2026-09-16T13:02:01-03:00] [ERR-20260916-403303] SQLSTATE[22003]: Numeric value out of range: 1264 Out of range value for column 'duration_ms' at row 1 in /home/appnannerbr/public_html/cron/run.php:11 | request=CLI - | user=- | tenant=-
#0 /home/appnannerbr/public_html/cron/run.php(11): PDOStatement->execute(Array)
#1 {main}

[2026-09-16T13:12:01-03:00] [ERR-20260916-5C7B7A] SQLSTATE[22003]: Numeric value out of range: 1264 Out of range value for column 'duration_ms' at row 1 in /home/appnannerbr/public_html/cron/run.php:11 | request=CLI - | user=- | tenant=-
#0 /home/appnannerbr/public_html/cron/run.php(11): PDOStatement->execute(Array)
#1 {main}

[2026-09-16T13:22:01-03:00] [ERR-20260916-EC3B32] SQLSTATE[22003]: Numeric value out of range: 1264 Out of range value for column 'duration_ms' at row 1 in /home/appnannerbr/public_html/cron/run.php:11 | request=CLI - | user=- | tenant=-
#0 /home/appnannerbr/public_html/cron/run.php(11): PDOStatement->execute(Array)
#1 {main}

[2026-09-16T13:32:01-03:00] [ERR-20260916-2B0D5A] SQLSTATE[22003]: Numeric value out of range: 1264 Out of range value for column 'duration_ms' at row 1 in /home/appnannerbr/public_html/cron/run.php:11 | request=CLI - | user=- | tenant=-
#0 /home/appnannerbr/public_html/cron/run.php(11): PDOStatement->execute(Array)
#1 {main}

[2026-09-16T13:42:02-03:00] [ERR-20260916-E75A78] SQLSTATE[22003]: Numeric value out of range: 1264 Out of range value for column 'duration_ms' at row 1 in /home/appnannerbr/public_html/cron/run.php:11 | request=CLI - | user=- | tenant=-
#0 /home/appnannerbr/public_html/cron/run.php(11): PDOStatement->execute(Array)
#1 {main}

[2026-09-16T13:52:02-03:00] [ERR-20260916-FCF766] SQLSTATE[22003]: Numeric value out of range: 1264 Out of range value for column 'duration_ms' at row 1 in /home/appnannerbr/public_html/cron/run.php:11 | request=CLI - | user=- | tenant=-
#0 /home/appnannerbr/public_html/cron/run.php(11): PDOStatement->execute(Array)
#1 {main}

[2026-09-16T14:02:02-03:00] [ERR-20260916-D1CE47] SQLSTATE[22003]: Numeric value out of range: 1264 Out of range value for column 'duration_ms' at row 1 in /home/appnannerbr/public_html/cron/run.php:11 | request=CLI - | user=- | tenant=-
#0 /home/appnannerbr/public_html/cron/run.php(11): PDOStatement->execute(Array)
#1 {main}

[2026-09-16T14:12:01-03:00] [ERR-20260916-502714] SQLSTATE[22003]: Numeric value out of range: 1264 Out of range value for column 'duration_ms' at row 1 in /home/appnannerbr/public_html/cron/run.php:11 | request=CLI - | user=- | tenant=-
#0 /home/appnannerbr/public_html/cron/run.php(11): PDOStatement->execute(Array)
#1 {main}

[2026-09-16T14:22:01-03:00] [ERR-20260916-A6EA48] SQLSTATE[22003]: Numeric value out of range: 1264 Out of range value for column 'duration_ms' at row 1 in /home/appnannerbr/public_html/cron/run.php:11 | request=CLI - | user=- | tenant=-
#0 /home/appnannerbr/public_html/cron/run.php(11): PDOStatement->execute(Array)
#1 {main}

[2026-09-16T14:32:01-03:00] [ERR-20260916-A906EF] SQLSTATE[22003]: Numeric value out of range: 1264 Out of range value for column 'duration_ms' at row 1 in /home/appnannerbr/public_html/cron/run.php:11 | request=CLI - | user=- | tenant=-
#0 /home/appnannerbr/public_html/cron/run.php(11): PDOStatement->execute(Array)
#1 {main}

[2026-09-16T14:42:01-03:00] [ERR-20260916-D104F6] SQLSTATE[22003]: Numeric value out of range: 1264 Out of range value for column 'duration_ms' at row 1 in /home/appnannerbr/public_html/cron/run.php:11 | request=CLI - | user=- | tenant=-
#0 /home/appnannerbr/public_html/cron/run.php(11): PDOStatement->execute(Array)
#1 {main}

[2026-09-16T14:52:01-03:00] [ERR-20260916-5DE490] SQLSTATE[22003]: Numeric value out of range: 1264 Out of range value for column 'duration_ms' at row 1 in /home/appnannerbr/public_html/cron/run.php:11 | request=CLI - | user=- | tenant=-
#0 /home/appnannerbr/public_html/cron/run.php(11): PDOStatement->execute(Array)
#1 {main}

[2026-09-16T15:02:01-03:00] [ERR-20260916-D6EA94] SQLSTATE[22003]: Numeric value out of range: 1264 Out of range value for column 'duration_ms' at row 1 in /home/appnannerbr/public_html/cron/run.php:11 | request=CLI - | user=- | tenant=-
#0 /home/appnannerbr/public_html/cron/run.php(11): PDOStatement->execute(Array)
#1 {main}

[2026-09-16T15:12:02-03:00] [ERR-20260916-6CDAA6] SQLSTATE[22003]: Numeric value out of range: 1264 Out of range value for column 'duration_ms' at row 1 in /home/appnannerbr/public_html/cron/run.php:11 | request=CLI - | user=- | tenant=-
#0 /home/appnannerbr/public_html/cron/run.php(11): PDOStatement->execute(Array)
#1 {main}

[2026-09-16T15:22:02-03:00] [ERR-20260916-E3A4C8] SQLSTATE[22003]: Numeric value out of range: 1264 Out of range value for column 'duration_ms' at row 1 in /home/appnannerbr/public_html/cron/run.php:11 | request=CLI - | user=- | tenant=-
#0 /home/appnannerbr/public_html/cron/run.php(11): PDOStatement->execute(Array)
#1 {main}

[2026-09-16T15:32:01-03:00] [ERR-20260916-501179] SQLSTATE[22003]: Numeric value out of range: 1264 Out of range value for column 'duration_ms' at row 1 in /home/appnannerbr/public_html/cron/run.php:11 | request=CLI - | user=- | tenant=-
#0 /home/appnannerbr/public_html/cron/run.php(11): PDOStatement->execute(Array)
#1 {main}

[2026-09-16T15:42:01-03:00] [ERR-20260916-C1C3B7] SQLSTATE[22003]: Numeric value out of range: 1264 Out of range value for column 'duration_ms' at row 1 in /home/appnannerbr/public_html/cron/run.php:11 | request=CLI - | user=- | tenant=-
#0 /home/appnannerbr/public_html/cron/run.php(11): PDOStatement->execute(Array)
#1 {main}

[2026-09-16T15:52:02-03:00] [ERR-20260916-B5018D] SQLSTATE[22003]: Numeric value out of range: 1264 Out of range value for column 'duration_ms' at row 1 in /home/appnannerbr/public_html/cron/run.php:11 | request=CLI - | user=- | tenant=-
#0 /home/appnannerbr/public_html/cron/run.php(11): PDOStatement->execute(Array)
#1 {main}

[2026-09-16T16:02:02-03:00] [ERR-20260916-906954] SQLSTATE[22003]: Numeric value out of range: 1264 Out of range value for column 'duration_ms' at row 1 in /home/appnannerbr/public_html/cron/run.php:11 | request=CLI - | user=- | tenant=-
#0 /home/appnannerbr/public_html/cron/run.php(11): PDOStatement->execute(Array)
#1 {main}

[2026-09-16T16:12:01-03:00] [ERR-20260916-F76003] SQLSTATE[22003]: Numeric value out of range: 1264 Out of range value for column 'duration_ms' at row 1 in /home/appnannerbr/public_html/cron/run.php:11 | request=CLI - | user=- | tenant=-
#0 /home/appnannerbr/public_html/cron/run.php(11): PDOStatement->execute(Array)
#1 {main}

[2026-09-16T16:22:01-03:00] [ERR-20260916-39A8CC] SQLSTATE[22003]: Numeric value out of range: 1264 Out of range value for column 'duration_ms' at row 1 in /home/appnannerbr/public_html/cron/run.php:11 | request=CLI - | user=- | tenant=-
#0 /home/appnannerbr/public_html/cron/run.php(11): PDOStatement->execute(Array)
#1 {main}

[2026-09-16T16:32:01-03:00] [ERR-20260916-CF7B19] SQLSTATE[22003]: Numeric value out of range: 1264 Out of range value for column 'duration_ms' at row 1 in /home/appnannerbr/public_html/cron/run.php:11 | request=CLI - | user=- | tenant=-
#0 /home/appnannerbr/public_html/cron/run.php(11): PDOStatement->execute(Array)
#1 {main}

[2026-09-16T16:42:01-03:00] [ERR-20260916-BBA226] SQLSTATE[22003]: Numeric value out of range: 1264 Out of range value for column 'duration_ms' at row 1 in /home/appnannerbr/public_html/cron/run.php:11 | request=CLI - | user=- | tenant=-
#0 /home/appnannerbr/public_html/cron/run.php(11): PDOStatement->execute(Array)
#1 {main}

[2026-09-16T16:52:01-03:00] [ERR-20260916-0790D9] SQLSTATE[22003]: Numeric value out of range: 1264 Out of range value for column 'duration_ms' at row 1 in /home/appnannerbr/public_html/cron/run.php:11 | request=CLI - | user=- | tenant=-
#0 /home/appnannerbr/public_html/cron/run.php(11): PDOStatement->execute(Array)
#1 {main}

[2026-09-16T17:02:01-03:00] [ERR-20260916-5AAEC7] SQLSTATE[22003]: Numeric value out of range: 1264 Out of range value for column 'duration_ms' at row 1 in /home/appnannerbr/public_html/cron/run.php:11 | request=CLI - | user=- | tenant=-
#0 /home/appnannerbr/public_html/cron/run.php(11): PDOStatement->execute(Array)
#1 {main}

[2026-09-16T17:12:02-03:00] [ERR-20260916-2374BD] SQLSTATE[22003]: Numeric value out of range: 1264 Out of range value for column 'duration_ms' at row 1 in /home/appnannerbr/public_html/cron/run.php:11 | request=CLI - | user=- | tenant=-
#0 /home/appnannerbr/public_html/cron/run.php(11): PDOStatement->execute(Array)
#1 {main}

[2026-09-16T17:22:01-03:00] [ERR-20260916-4142BB] SQLSTATE[22003]: Numeric value out of range: 1264 Out of range value for column 'duration_ms' at row 1 in /home/appnannerbr/public_html/cron/run.php:11 | request=CLI - | user=- | tenant=-
#0 /home/appnannerbr/public_html/cron/run.php(11): PDOStatement->execute(Array)
#1 {main}

[2026-09-16T17:32:02-03:00] [ERR-20260916-9EB36F] SQLSTATE[22003]: Numeric value out of range: 1264 Out of range value for column 'duration_ms' at row 1 in /home/appnannerbr/public_html/cron/run.php:11 | request=CLI - | user=- | tenant=-
#0 /home/appnannerbr/public_html/cron/run.php(11): PDOStatement->execute(Array)
#1 {main}

[2026-09-16T17:42:01-03:00] [ERR-20260916-2185EE] SQLSTATE[22003]: Numeric value out of range: 1264 Out of range value for column 'duration_ms' at row 1 in /home/appnannerbr/public_html/cron/run.php:11 | request=CLI - | user=- | tenant=-
#0 /home/appnannerbr/public_html/cron/run.php(11): PDOStatement->execute(Array)
#1 {main}

[2026-09-16T17:52:01-03:00] [ERR-20260916-2B0EBF] SQLSTATE[22003]: Numeric value out of range: 1264 Out of range value for column 'duration_ms' at row 1 in /home/appnannerbr/public_html/cron/run.php:11 | request=CLI - | user=- | tenant=-
#0 /home/appnannerbr/public_html/cron/run.php(11): PDOStatement->execute(Array)
#1 {main}

[2026-09-16T18:02:01-03:00] [ERR-20260916-02D67D] SQLSTATE[22003]: Numeric value out of range: 1264 Out of range value for column 'duration_ms' at row 1 in /home/appnannerbr/public_html/cron/run.php:11 | request=CLI - | user=- | tenant=-
#0 /home/appnannerbr/public_html/cron/run.php(11): PDOStatement->execute(Array)
#1 {main}

[2026-09-16T18:12:01-03:00] [ERR-20260916-61A271] SQLSTATE[22003]: Numeric value out of range: 1264 Out of range value for column 'duration_ms' at row 1 in /home/appnannerbr/public_html/cron/run.php:11 | request=CLI - | user=- | tenant=-
#0 /home/appnannerbr/public_html/cron/run.php(11): PDOStatement->execute(Array)
#1 {main}

[2026-09-16T18:22:01-03:00] [ERR-20260916-F1F50F] SQLSTATE[22003]: Numeric value out of range: 1264 Out of range value for column 'duration_ms' at row 1 in /home/appnannerbr/public_html/cron/run.php:11 | request=CLI - | user=- | tenant=-
#0 /home/appnannerbr/public_html/cron/run.php(11): PDOStatement->execute(Array)
#1 {main}

[2026-09-16T18:32:01-03:00] [ERR-20260916-944AC5] SQLSTATE[22003]: Numeric value out of range: 1264 Out of range value for column 'duration_ms' at row 1 in /home/appnannerbr/public_html/cron/run.php:11 | request=CLI - | user=- | tenant=-
#0 /home/appnannerbr/public_html/cron/run.php(11): PDOStatement->execute(Array)
#1 {main}

[2026-09-16T18:42:01-03:00] [ERR-20260916-690FD0] SQLSTATE[22003]: Numeric value out of range: 1264 Out of range value for column 'duration_ms' at row 1 in /home/appnannerbr/public_html/cron/run.php:11 | request=CLI - | user=- | tenant=-
#0 /home/appnannerbr/public_html/cron/run.php(11): PDOStatement->execute(Array)
#1 {main}

[2026-09-16T18:52:01-03:00] [ERR-20260916-B2275F] SQLSTATE[22003]: Numeric value out of range: 1264 Out of range value for column 'duration_ms' at row 1 in /home/appnannerbr/public_html/cron/run.php:11 | request=CLI - | user=- | tenant=-
#0 /home/appnannerbr/public_html/cron/run.php(11): PDOStatement->execute(Array)
#1 {main}

[2026-09-16T19:02:01-03:00] [ERR-20260916-EE4D2A] SQLSTATE[22003]: Numeric value out of range: 1264 Out of range value for column 'duration_ms' at row 1 in /home/appnannerbr/public_html/cron/run.php:11 | request=CLI - | user=- | tenant=-
#0 /home/appnannerbr/public_html/cron/run.php(11): PDOStatement->execute(Array)
#1 {main}

[2026-09-16T19:12:01-03:00] [ERR-20260916-697125] SQLSTATE[22003]: Numeric value out of range: 1264 Out of range value for column 'duration_ms' at row 1 in /home/appnannerbr/public_html/cron/run.php:11 | request=CLI - | user=- | tenant=-
#0 /home/appnannerbr/public_html/cron/run.php(11): PDOStatement->execute(Array)
#1 {main}

[2026-09-16T19:22:01-03:00] [ERR-20260916-68B080] SQLSTATE[22003]: Numeric value out of range: 1264 Out of range value for column 'duration_ms' at row 1 in /home/appnannerbr/public_html/cron/run.php:11 | request=CLI - | user=- | tenant=-
#0 /home/appnannerbr/public_html/cron/run.php(11): PDOStatement->execute(Array)
#1 {main}

[2026-09-16T19:32:01-03:00] [ERR-20260916-2B5F9A] SQLSTATE[22003]: Numeric value out of range: 1264 Out of range value for column 'duration_ms' at row 1 in /home/appnannerbr/public_html/cron/run.php:11 | request=CLI - | user=- | tenant=-
#0 /home/appnannerbr/public_html/cron/run.php(11): PDOStatement->execute(Array)
#1 {main}

[2026-09-16T19:42:02-03:00] [ERR-20260916-FC7F00] SQLSTATE[22003]: Numeric value out of range: 1264 Out of range value for column 'duration_ms' at row 1 in /home/appnannerbr/public_html/cron/run.php:11 | request=CLI - | user=- | tenant=-
#0 /home/appnannerbr/public_html/cron/run.php(11): PDOStatement->execute(Array)
#1 {main}

[2026-09-16T19:52:02-03:00] [ERR-20260916-642AA4] SQLSTATE[22003]: Numeric value out of range: 1264 Out of range value for column 'duration_ms' at row 1 in /home/appnannerbr/public_html/cron/run.php:11 | request=CLI - | user=- | tenant=-
#0 /home/appnannerbr/public_html/cron/run.php(11): PDOStatement->execute(Array)
#1 {main}

[2026-09-17T08:02:01-03:00] [ERR-20260917-5B11C9] SQLSTATE[22003]: Numeric value out of range: 1264 Out of range value for column 'duration_ms' at row 1 in /home/appnannerbr/public_html/cron/run.php:11 | request=CLI - | user=- | tenant=-
#0 /home/appnannerbr/public_html/cron/run.php(11): PDOStatement->execute(Array)
#1 {main}

[2026-09-17T08:12:01-03:00] [ERR-20260917-9ECE92] SQLSTATE[22003]: Numeric value out of range: 1264 Out of range value for column 'duration_ms' at row 1 in /home/appnannerbr/public_html/cron/run.php:11 | request=CLI - | user=- | tenant=-
#0 /home/appnannerbr/public_html/cron/run.php(11): PDOStatement->execute(Array)
#1 {main}

[2026-09-17T08:22:01-03:00] [ERR-20260917-54D068] SQLSTATE[22003]: Numeric value out of range: 1264 Out of range value for column 'duration_ms' at row 1 in /home/appnannerbr/public_html/cron/run.php:11 | request=CLI - | user=- | tenant=-
#0 /home/appnannerbr/public_html/cron/run.php(11): PDOStatement->execute(Array)
#1 {main}

[2026-09-17T08:32:01-03:00] [ERR-20260917-BF14BE] SQLSTATE[22003]: Numeric value out of range: 1264 Out of range value for column 'duration_ms' at row 1 in /home/appnannerbr/public_html/cron/run.php:11 | request=CLI - | user=- | tenant=-
#0 /home/appnannerbr/public_html/cron/run.php(11): PDOStatement->execute(Array)
#1 {main}

[2026-09-17T08:42:01-03:00] [ERR-20260917-CE883C] SQLSTATE[22003]: Numeric value out of range: 1264 Out of range value for column 'duration_ms' at row 1 in /home/appnannerbr/public_html/cron/run.php:11 | request=CLI - | user=- | tenant=-
#0 /home/appnannerbr/public_html/cron/run.php(11): PDOStatement->execute(Array)
#1 {main}

[2026-09-17T08:52:01-03:00] [ERR-20260917-70C90D] SQLSTATE[22003]: Numeric value out of range: 1264 Out of range value for column 'duration_ms' at row 1 in /home/appnannerbr/public_html/cron/run.php:11 | request=CLI - | user=- | tenant=-
#0 /home/appnannerbr/public_html/cron/run.php(11): PDOStatement->execute(Array)
#1 {main}

[2026-09-17T09:02:01-03:00] [ERR-20260917-9A1F5A] SQLSTATE[22003]: Numeric value out of range: 1264 Out of range value for column 'duration_ms' at row 1 in /home/appnannerbr/public_html/cron/run.php:11 | request=CLI - | user=- | tenant=-
#0 /home/appnannerbr/public_html/cron/run.php(11): PDOStatement->execute(Array)
#1 {main}

[2026-09-17T09:12:01-03:00] [ERR-20260917-77A513] SQLSTATE[22003]: Numeric value out of range: 1264 Out of range value for column 'duration_ms' at row 1 in /home/appnannerbr/public_html/cron/run.php:11 | request=CLI - | user=- | tenant=-
#0 /home/appnannerbr/public_html/cron/run.php(11): PDOStatement->execute(Array)
#1 {main}

[2026-09-17T09:22:01-03:00] [ERR-20260917-8940B4] SQLSTATE[22003]: Numeric value out of range: 1264 Out of range value for column 'duration_ms' at row 1 in /home/appnannerbr/public_html/cron/run.php:11 | request=CLI - | user=- | tenant=-
#0 /home/appnannerbr/public_html/cron/run.php(11): PDOStatement->execute(Array)
#1 {main}

[2026-09-17T09:32:01-03:00] [ERR-20260917-EC0736] SQLSTATE[22003]: Numeric value out of range: 1264 Out of range value for column 'duration_ms' at row 1 in /home/appnannerbr/public_html/cron/run.php:11 | request=CLI - | user=- | tenant=-
#0 /home/appnannerbr/public_html/cron/run.php(11): PDOStatement->execute(Array)
#1 {main}

[2026-09-17T09:42:02-03:00] [ERR-20260917-14BD5B] SQLSTATE[22003]: Numeric value out of range: 1264 Out of range value for column 'duration_ms' at row 1 in /home/appnannerbr/public_html/cron/run.php:11 | request=CLI - | user=- | tenant=-
#0 /home/appnannerbr/public_html/cron/run.php(11): PDOStatement->execute(Array)
#1 {main}

[2026-09-17T09:52:02-03:00] [ERR-20260917-DE74F1] SQLSTATE[22003]: Numeric value out of range: 1264 Out of range value for column 'duration_ms' at row 1 in /home/appnannerbr/public_html/cron/run.php:11 | request=CLI - | user=- | tenant=-
#0 /home/appnannerbr/public_html/cron/run.php(11): PDOStatement->execute(Array)
#1 {main}

[2026-09-17T10:02:01-03:00] [ERR-20260917-20724E] SQLSTATE[22003]: Numeric value out of range: 1264 Out of range value for column 'duration_ms' at row 1 in /home/appnannerbr/public_html/cron/run.php:11 | request=CLI - | user=- | tenant=-
#0 /home/appnannerbr/public_html/cron/run.php(11): PDOStatement->execute(Array)
#1 {main}

[2026-09-17T10:12:02-03:00] [ERR-20260917-B062FE] SQLSTATE[22003]: Numeric value out of range: 1264 Out of range value for column 'duration_ms' at row 1 in /home/appnannerbr/public_html/cron/run.php:11 | request=CLI - | user=- | tenant=-
#0 /home/appnannerbr/public_html/cron/run.php(11): PDOStatement->execute(Array)
#1 {main}

[2026-09-17T10:22:02-03:00] [ERR-20260917-FF5B39] SQLSTATE[22003]: Numeric value out of range: 1264 Out of range value for column 'duration_ms' at row 1 in /home/appnannerbr/public_html/cron/run.php:11 | request=CLI - | user=- | tenant=-
#0 /home/appnannerbr/public_html/cron/run.php(11): PDOStatement->execute(Array)
#1 {main}

[2026-09-17T10:32:02-03:00] [ERR-20260917-0D19C3] SQLSTATE[22003]: Numeric value out of range: 1264 Out of range value for column 'duration_ms' at row 1 in /home/appnannerbr/public_html/cron/run.php:11 | request=CLI - | user=- | tenant=-
#0 /home/appnannerbr/public_html/cron/run.php(11): PDOStatement->execute(Array)
#1 {main}

[2026-09-17T10:42:02-03:00] [ERR-20260917-088AB1] SQLSTATE[22003]: Numeric value out of range: 1264 Out of range value for column 'duration_ms' at row 1 in /home/appnannerbr/public_html/cron/run.php:11 | request=CLI - | user=- | tenant=-
#0 /home/appnannerbr/public_html/cron/run.php(11): PDOStatement->execute(Array)
#1 {main}

[2026-09-17T10:52:01-03:00] [ERR-20260917-0A19E6] SQLSTATE[22003]: Numeric value out of range: 1264 Out of range value for column 'duration_ms' at row 1 in /home/appnannerbr/public_html/cron/run.php:11 | request=CLI - | user=- | tenant=-
#0 /home/appnannerbr/public_html/cron/run.php(11): PDOStatement->execute(Array)
#1 {main}

[2026-09-17T11:02:01-03:00] [ERR-20260917-D64F97] SQLSTATE[22003]: Numeric value out of range: 1264 Out of range value for column 'duration_ms' at row 1 in /home/appnannerbr/public_html/cron/run.php:11 | request=CLI - | user=- | tenant=-
#0 /home/appnannerbr/public_html/cron/run.php(11): PDOStatement->execute(Array)
#1 {main}

[2026-09-17T11:12:01-03:00] [ERR-20260917-FFE97C] SQLSTATE[22003]: Numeric value out of range: 1264 Out of range value for column 'duration_ms' at row 1 in /home/appnannerbr/public_html/cron/run.php:11 | request=CLI - | user=- | tenant=-
#0 /home/appnannerbr/public_html/cron/run.php(11): PDOStatement->execute(Array)
#1 {main}

[2026-09-17T11:22:01-03:00] [ERR-20260917-BEAC30] SQLSTATE[22003]: Numeric value out of range: 1264 Out of range value for column 'duration_ms' at row 1 in /home/appnannerbr/public_html/cron/run.php:11 | request=CLI - | user=- | tenant=-
#0 /home/appnannerbr/public_html/cron/run.php(11): PDOStatement->execute(Array)
#1 {main}

[2026-09-17T11:32:01-03:00] [ERR-20260917-3CBAEE] SQLSTATE[22003]: Numeric value out of range: 1264 Out of range value for column 'duration_ms' at row 1 in /home/appnannerbr/public_html/cron/run.php:11 | request=CLI - | user=- | tenant=-
#0 /home/appnannerbr/public_html/cron/run.php(11): PDOStatement->execute(Array)
#1 {main}

[2026-09-17T11:42:01-03:00] [ERR-20260917-A5616A] SQLSTATE[22003]: Numeric value out of range: 1264 Out of range value for column 'duration_ms' at row 1 in /home/appnannerbr/public_html/cron/run.php:11 | request=CLI - | user=- | tenant=-
#0 /home/appnannerbr/public_html/cron/run.php(11): PDOStatement->execute(Array)
#1 {main}

[2026-09-17T11:52:02-03:00] [ERR-20260917-993E5D] SQLSTATE[22003]: Numeric value out of range: 1264 Out of range value for column 'duration_ms' at row 1 in /home/appnannerbr/public_html/cron/run.php:11 | request=CLI - | user=- | tenant=-
#0 /home/appnannerbr/public_html/cron/run.php(11): PDOStatement->execute(Array)
#1 {main}

[2026-09-17T12:02:01-03:00] [ERR-20260917-E05FA6] SQLSTATE[22003]: Numeric value out of range: 1264 Out of range value for column 'duration_ms' at row 1 in /home/appnannerbr/public_html/cron/run.php:11 | request=CLI - | user=- | tenant=-
#0 /home/appnannerbr/public_html/cron/run.php(11): PDOStatement->execute(Array)
#1 {main}

[2026-09-17T12:12:02-03:00] [ERR-20260917-69C2D7] SQLSTATE[22003]: Numeric value out of range: 1264 Out of range value for column 'duration_ms' at row 1 in /home/appnannerbr/public_html/cron/run.php:11 | request=CLI - | user=- | tenant=-
#0 /home/appnannerbr/public_html/cron/run.php(11): PDOStatement->execute(Array)
#1 {main}

[2026-09-17T12:22:02-03:00] [ERR-20260917-CD842F] SQLSTATE[22003]: Numeric value out of range: 1264 Out of range value for column 'duration_ms' at row 1 in /home/appnannerbr/public_html/cron/run.php:11 | request=CLI - | user=- | tenant=-
#0 /home/appnannerbr/public_html/cron/run.php(11): PDOStatement->execute(Array)
#1 {main}

[2026-09-17T12:32:01-03:00] [ERR-20260917-C9F8B5] SQLSTATE[22003]: Numeric value out of range: 1264 Out of range value for column 'duration_ms' at row 1 in /home/appnannerbr/public_html/cron/run.php:11 | request=CLI - | user=- | tenant=-
#0 /home/appnannerbr/public_html/cron/run.php(11): PDOStatement->execute(Array)
#1 {main}

[2026-09-17T12:42:02-03:00] [ERR-20260917-690DBE] SQLSTATE[22003]: Numeric value out of range: 1264 Out of range value for column 'duration_ms' at row 1 in /home/appnannerbr/public_html/cron/run.php:11 | request=CLI - | user=- | tenant=-
#0 /home/appnannerbr/public_html/cron/run.php(11): PDOStatement->execute(Array)
#1 {main}

[2026-09-17T12:52:01-03:00] [ERR-20260917-700753] SQLSTATE[22003]: Numeric value out of range: 1264 Out of range value for column 'duration_ms' at row 1 in /home/appnannerbr/public_html/cron/run.php:11 | request=CLI - | user=- | tenant=-
#0 /home/appnannerbr/public_html/cron/run.php(11): PDOStatement->execute(Array)
#1 {main}

[2026-09-17T13:02:01-03:00] [ERR-20260917-23969A] SQLSTATE[22003]: Numeric value out of range: 1264 Out of range value for column 'duration_ms' at row 1 in /home/appnannerbr/public_html/cron/run.php:11 | request=CLI - | user=- | tenant=-
#0 /home/appnannerbr/public_html/cron/run.php(11): PDOStatement->execute(Array)
#1 {main}

[2026-09-17T13:12:01-03:00] [ERR-20260917-E6C744] SQLSTATE[22003]: Numeric value out of range: 1264 Out of range value for column 'duration_ms' at row 1 in /home/appnannerbr/public_html/cron/run.php:11 | request=CLI - | user=- | tenant=-
#0 /home/appnannerbr/public_html/cron/run.php(11): PDOStatement->execute(Array)
#1 {main}

[2026-09-17T13:22:01-03:00] [ERR-20260917-EB7FF4] SQLSTATE[22003]: Numeric value out of range: 1264 Out of range value for column 'duration_ms' at row 1 in /home/appnannerbr/public_html/cron/run.php:11 | request=CLI - | user=- | tenant=-
#0 /home/appnannerbr/public_html/cron/run.php(11): PDOStatement->execute(Array)
#1 {main}

[2026-09-17T13:32:01-03:00] [ERR-20260917-7F4D50] SQLSTATE[22003]: Numeric value out of range: 1264 Out of range value for column 'duration_ms' at row 1 in /home/appnannerbr/public_html/cron/run.php:11 | request=CLI - | user=- | tenant=-
#0 /home/appnannerbr/public_html/cron/run.php(11): PDOStatement->execute(Array)
#1 {main}

[2026-09-17T13:42:02-03:00] [ERR-20260917-727E1F] SQLSTATE[22003]: Numeric value out of range: 1264 Out of range value for column 'duration_ms' at row 1 in /home/appnannerbr/public_html/cron/run.php:11 | request=CLI - | user=- | tenant=-
#0 /home/appnannerbr/public_html/cron/run.php(11): PDOStatement->execute(Array)
#1 {main}

[2026-09-17T13:52:02-03:00] [ERR-20260917-5E9076] SQLSTATE[22003]: Numeric value out of range: 1264 Out of range value for column 'duration_ms' at row 1 in /home/appnannerbr/public_html/cron/run.php:11 | request=CLI - | user=- | tenant=-
#0 /home/appnannerbr/public_html/cron/run.php(11): PDOStatement->execute(Array)
#1 {main}

[2026-09-17T14:02:02-03:00] [ERR-20260917-0C1433] SQLSTATE[22003]: Numeric value out of range: 1264 Out of range value for column 'duration_ms' at row 1 in /home/appnannerbr/public_html/cron/run.php:11 | request=CLI - | user=- | tenant=-
#0 /home/appnannerbr/public_html/cron/run.php(11): PDOStatement->execute(Array)
#1 {main}

[2026-09-17T14:12:02-03:00] [ERR-20260917-55C444] SQLSTATE[22003]: Numeric value out of range: 1264 Out of range value for column 'duration_ms' at row 1 in /home/appnannerbr/public_html/cron/run.php:11 | request=CLI - | user=- | tenant=-
#0 /home/appnannerbr/public_html/cron/run.php(11): PDOStatement->execute(Array)
#1 {main}

[2026-09-17T14:22:01-03:00] [ERR-20260917-4A4B57] SQLSTATE[22003]: Numeric value out of range: 1264 Out of range value for column 'duration_ms' at row 1 in /home/appnannerbr/public_html/cron/run.php:11 | request=CLI - | user=- | tenant=-
#0 /home/appnannerbr/public_html/cron/run.php(11): PDOStatement->execute(Array)
#1 {main}

[2026-09-17T14:32:02-03:00] [ERR-20260917-34AA0F] SQLSTATE[22003]: Numeric value out of range: 1264 Out of range value for column 'duration_ms' at row 1 in /home/appnannerbr/public_html/cron/run.php:11 | request=CLI - | user=- | tenant=-
#0 /home/appnannerbr/public_html/cron/run.php(11): PDOStatement->execute(Array)
#1 {main}

[2026-09-17T14:42:01-03:00] [ERR-20260917-4080A0] SQLSTATE[22003]: Numeric value out of range: 1264 Out of range value for column 'duration_ms' at row 1 in /home/appnannerbr/public_html/cron/run.php:11 | request=CLI - | user=- | tenant=-
#0 /home/appnannerbr/public_html/cron/run.php(11): PDOStatement->execute(Array)
#1 {main}

[2026-09-17T14:52:01-03:00] [ERR-20260917-4E144C] SQLSTATE[22003]: Numeric value out of range: 1264 Out of range value for column 'duration_ms' at row 1 in /home/appnannerbr/public_html/cron/run.php:11 | request=CLI - | user=- | tenant=-
#0 /home/appnannerbr/public_html/cron/run.php(11): PDOStatement->execute(Array)
#1 {main}

[2026-09-17T15:02:02-03:00] [ERR-20260917-390786] SQLSTATE[22003]: Numeric value out of range: 1264 Out of range value for column 'duration_ms' at row 1 in /home/appnannerbr/public_html/cron/run.php:11 | request=CLI - | user=- | tenant=-
#0 /home/appnannerbr/public_html/cron/run.php(11): PDOStatement->execute(Array)
#1 {main}

[2026-09-17T15:12:02-03:00] [ERR-20260917-CFD8A9] SQLSTATE[22003]: Numeric value out of range: 1264 Out of range value for column 'duration_ms' at row 1 in /home/appnannerbr/public_html/cron/run.php:11 | request=CLI - | user=- | tenant=-
#0 /home/appnannerbr/public_html/cron/run.php(11): PDOStatement->execute(Array)
#1 {main}

[2026-09-17T15:22:02-03:00] [ERR-20260917-1FB064] SQLSTATE[22003]: Numeric value out of range: 1264 Out of range value for column 'duration_ms' at row 1 in /home/appnannerbr/public_html/cron/run.php:11 | request=CLI - | user=- | tenant=-
#0 /home/appnannerbr/public_html/cron/run.php(11): PDOStatement->execute(Array)
#1 {main}

[2026-09-17T15:32:01-03:00] [ERR-20260917-52F8BC] SQLSTATE[22003]: Numeric value out of range: 1264 Out of range value for column 'duration_ms' at row 1 in /home/appnannerbr/public_html/cron/run.php:11 | request=CLI - | user=- | tenant=-
#0 /home/appnannerbr/public_html/cron/run.php(11): PDOStatement->execute(Array)
#1 {main}

[2026-09-17T15:42:02-03:00] [ERR-20260917-923004] SQLSTATE[22003]: Numeric value out of range: 1264 Out of range value for column 'duration_ms' at row 1 in /home/appnannerbr/public_html/cron/run.php:11 | request=CLI - | user=- | tenant=-
#0 /home/appnannerbr/public_html/cron/run.php(11): PDOStatement->execute(Array)
#1 {main}

[2026-09-17T15:52:01-03:00] [ERR-20260917-C75F89] SQLSTATE[22003]: Numeric value out of range: 1264 Out of range value for column 'duration_ms' at row 1 in /home/appnannerbr/public_html/cron/run.php:11 | request=CLI - | user=- | tenant=-
#0 /home/appnannerbr/public_html/cron/run.php(11): PDOStatement->execute(Array)
#1 {main}

[2026-09-17T16:02:01-03:00] [ERR-20260917-89740A] SQLSTATE[22003]: Numeric value out of range: 1264 Out of range value for column 'duration_ms' at row 1 in /home/appnannerbr/public_html/cron/run.php:11 | request=CLI - | user=- | tenant=-
#0 /home/appnannerbr/public_html/cron/run.php(11): PDOStatement->execute(Array)
#1 {main}

[2026-09-17T16:12:01-03:00] [ERR-20260917-1E6736] SQLSTATE[22003]: Numeric value out of range: 1264 Out of range value for column 'duration_ms' at row 1 in /home/appnannerbr/public_html/cron/run.php:11 | request=CLI - | user=- | tenant=-
#0 /home/appnannerbr/public_html/cron/run.php(11): PDOStatement->execute(Array)
#1 {main}

[2026-09-17T16:22:01-03:00] [ERR-20260917-3A36C2] SQLSTATE[22003]: Numeric value out of range: 1264 Out of range value for column 'duration_ms' at row 1 in /home/appnannerbr/public_html/cron/run.php:11 | request=CLI - | user=- | tenant=-
#0 /home/appnannerbr/public_html/cron/run.php(11): PDOStatement->execute(Array)
#1 {main}

[2026-09-17T16:32:01-03:00] [ERR-20260917-CE74A2] SQLSTATE[22003]: Numeric value out of range: 1264 Out of range value for column 'duration_ms' at row 1 in /home/appnannerbr/public_html/cron/run.php:11 | request=CLI - | user=- | tenant=-
#0 /home/appnannerbr/public_html/cron/run.php(11): PDOStatement->execute(Array)
#1 {main}

[2026-09-17T16:42:02-03:00] [ERR-20260917-837BC3] SQLSTATE[22003]: Numeric value out of range: 1264 Out of range value for column 'duration_ms' at row 1 in /home/appnannerbr/public_html/cron/run.php:11 | request=CLI - | user=- | tenant=-
#0 /home/appnannerbr/public_html/cron/run.php(11): PDOStatement->execute(Array)
#1 {main}

[2026-09-17T16:52:02-03:00] [ERR-20260917-2A7B4B] SQLSTATE[22003]: Numeric value out of range: 1264 Out of range value for column 'duration_ms' at row 1 in /home/appnannerbr/public_html/cron/run.php:11 | request=CLI - | user=- | tenant=-
#0 /home/appnannerbr/public_html/cron/run.php(11): PDOStatement->execute(Array)
#1 {main}

[2026-09-17T17:02:01-03:00] [ERR-20260917-5002A0] SQLSTATE[22003]: Numeric value out of range: 1264 Out of range value for column 'duration_ms' at row 1 in /home/appnannerbr/public_html/cron/run.php:11 | request=CLI - | user=- | tenant=-
#0 /home/appnannerbr/public_html/cron/run.php(11): PDOStatement->execute(Array)
#1 {main}

[2026-09-17T17:12:01-03:00] [ERR-20260917-B3B17B] SQLSTATE[22003]: Numeric value out of range: 1264 Out of range value for column 'duration_ms' at row 1 in /home/appnannerbr/public_html/cron/run.php:11 | request=CLI - | user=- | tenant=-
#0 /home/appnannerbr/public_html/cron/run.php(11): PDOStatement->execute(Array)
#1 {main}

[2026-09-17T17:22:02-03:00] [ERR-20260917-A57940] SQLSTATE[22003]: Numeric value out of range: 1264 Out of range value for column 'duration_ms' at row 1 in /home/appnannerbr/public_html/cron/run.php:11 | request=CLI - | user=- | tenant=-
#0 /home/appnannerbr/public_html/cron/run.php(11): PDOStatement->execute(Array)
#1 {main}

[2026-09-17T17:32:01-03:00] [ERR-20260917-8BBB4C] SQLSTATE[22003]: Numeric value out of range: 1264 Out of range value for column 'duration_ms' at row 1 in /home/appnannerbr/public_html/cron/run.php:11 | request=CLI - | user=- | tenant=-
#0 /home/appnannerbr/public_html/cron/run.php(11): PDOStatement->execute(Array)
#1 {main}

[2026-09-17T17:42:01-03:00] [ERR-20260917-884D46] SQLSTATE[22003]: Numeric value out of range: 1264 Out of range value for column 'duration_ms' at row 1 in /home/appnannerbr/public_html/cron/run.php:11 | request=CLI - | user=- | tenant=-
#0 /home/appnannerbr/public_html/cron/run.php(11): PDOStatement->execute(Array)
#1 {main}

[2026-09-17T17:52:01-03:00] [ERR-20260917-11C40F] SQLSTATE[22003]: Numeric value out of range: 1264 Out of range value for column 'duration_ms' at row 1 in /home/appnannerbr/public_html/cron/run.php:11 | request=CLI - | user=- | tenant=-
#0 /home/appnannerbr/public_html/cron/run.php(11): PDOStatement->execute(Array)
#1 {main}

[2026-09-17T18:02:01-03:00] [ERR-20260917-0E8AD4] SQLSTATE[22003]: Numeric value out of range: 1264 Out of range value for column 'duration_ms' at row 1 in /home/appnannerbr/public_html/cron/run.php:11 | request=CLI - | user=- | tenant=-
#0 /home/appnannerbr/public_html/cron/run.php(11): PDOStatement->execute(Array)
#1 {main}

[2026-09-17T18:12:01-03:00] [ERR-20260917-10DA51] SQLSTATE[22003]: Numeric value out of range: 1264 Out of range value for column 'duration_ms' at row 1 in /home/appnannerbr/public_html/cron/run.php:11 | request=CLI - | user=- | tenant=-
#0 /home/appnannerbr/public_html/cron/run.php(11): PDOStatement->execute(Array)
#1 {main}

[2026-09-17T18:22:01-03:00] [ERR-20260917-74AB57] SQLSTATE[22003]: Numeric value out of range: 1264 Out of range value for column 'duration_ms' at row 1 in /home/appnannerbr/public_html/cron/run.php:11 | request=CLI - | user=- | tenant=-
#0 /home/appnannerbr/public_html/cron/run.php(11): PDOStatement->execute(Array)
#1 {main}

[2026-09-17T18:32:02-03:00] [ERR-20260917-E08DCC] SQLSTATE[22003]: Numeric value out of range: 1264 Out of range value for column 'duration_ms' at row 1 in /home/appnannerbr/public_html/cron/run.php:11 | request=CLI - | user=- | tenant=-
#0 /home/appnannerbr/public_html/cron/run.php(11): PDOStatement->execute(Array)
#1 {main}

[2026-09-17T18:42:01-03:00] [ERR-20260917-90A156] SQLSTATE[22003]: Numeric value out of range: 1264 Out of range value for column 'duration_ms' at row 1 in /home/appnannerbr/public_html/cron/run.php:11 | request=CLI - | user=- | tenant=-
#0 /home/appnannerbr/public_html/cron/run.php(11): PDOStatement->execute(Array)
#1 {main}

[2026-09-17T18:52:01-03:00] [ERR-20260917-556AF7] SQLSTATE[22003]: Numeric value out of range: 1264 Out of range value for column 'duration_ms' at row 1 in /home/appnannerbr/public_html/cron/run.php:11 | request=CLI - | user=- | tenant=-
#0 /home/appnannerbr/public_html/cron/run.php(11): PDOStatement->execute(Array)
#1 {main}

[2026-09-17T19:02:01-03:00] [ERR-20260917-4F24B7] SQLSTATE[22003]: Numeric value out of range: 1264 Out of range value for column 'duration_ms' at row 1 in /home/appnannerbr/public_html/cron/run.php:11 | request=CLI - | user=- | tenant=-
#0 /home/appnannerbr/public_html/cron/run.php(11): PDOStatement->execute(Array)
#1 {main}

[2026-09-17T19:12:01-03:00] [ERR-20260917-ED3DF4] SQLSTATE[22003]: Numeric value out of range: 1264 Out of range value for column 'duration_ms' at row 1 in /home/appnannerbr/public_html/cron/run.php:11 | request=CLI - | user=- | tenant=-
#0 /home/appnannerbr/public_html/cron/run.php(11): PDOStatement->execute(Array)
#1 {main}

[2026-09-17T19:22:01-03:00] [ERR-20260917-C07E73] SQLSTATE[22003]: Numeric value out of range: 1264 Out of range value for column 'duration_ms' at row 1 in /home/appnannerbr/public_html/cron/run.php:11 | request=CLI - | user=- | tenant=-
#0 /home/appnannerbr/public_html/cron/run.php(11): PDOStatement->execute(Array)
#1 {main}

[2026-09-17T19:32:01-03:00] [ERR-20260917-372A92] SQLSTATE[22003]: Numeric value out of range: 1264 Out of range value for column 'duration_ms' at row 1 in /home/appnannerbr/public_html/cron/run.php:11 | request=CLI - | user=- | tenant=-
#0 /home/appnannerbr/public_html/cron/run.php(11): PDOStatement->execute(Array)
#1 {main}

[2026-09-17T19:42:01-03:00] [ERR-20260917-AD7485] SQLSTATE[22003]: Numeric value out of range: 1264 Out of range value for column 'duration_ms' at row 1 in /home/appnannerbr/public_html/cron/run.php:11 | request=CLI - | user=- | tenant=-
#0 /home/appnannerbr/public_html/cron/run.php(11): PDOStatement->execute(Array)
#1 {main}

[2026-09-17T19:52:01-03:00] [ERR-20260917-A620D7] SQLSTATE[22003]: Numeric value out of range: 1264 Out of range value for column 'duration_ms' at row 1 in /home/appnannerbr/public_html/cron/run.php:11 | request=CLI - | user=- | tenant=-
#0 /home/appnannerbr/public_html/cron/run.php(11): PDOStatement->execute(Array)
#1 {main}

[2026-09-18T08:02:01-03:00] [ERR-20260918-5DA299] SQLSTATE[22003]: Numeric value out of range: 1264 Out of range value for column 'duration_ms' at row 1 in /home/appnannerbr/public_html/cron/run.php:11 | request=CLI - | user=- | tenant=-
#0 /home/appnannerbr/public_html/cron/run.php(11): PDOStatement->execute(Array)
#1 {main}

[2026-09-18T08:12:02-03:00] [ERR-20260918-40F896] SQLSTATE[22003]: Numeric value out of range: 1264 Out of range value for column 'duration_ms' at row 1 in /home/appnannerbr/public_html/cron/run.php:11 | request=CLI - | user=- | tenant=-
#0 /home/appnannerbr/public_html/cron/run.php(11): PDOStatement->execute(Array)
#1 {main}

[2026-09-18T08:22:02-03:00] [ERR-20260918-F73D4B] SQLSTATE[22003]: Numeric value out of range: 1264 Out of range value for column 'duration_ms' at row 1 in /home/appnannerbr/public_html/cron/run.php:11 | request=CLI - | user=- | tenant=-
#0 /home/appnannerbr/public_html/cron/run.php(11): PDOStatement->execute(Array)
#1 {main}

[2026-09-18T08:32:01-03:00] [ERR-20260918-A7101A] SQLSTATE[22003]: Numeric value out of range: 1264 Out of range value for column 'duration_ms' at row 1 in /home/appnannerbr/public_html/cron/run.php:11 | request=CLI - | user=- | tenant=-
#0 /home/appnannerbr/public_html/cron/run.php(11): PDOStatement->execute(Array)
#1 {main}

[2026-09-18T08:42:02-03:00] [ERR-20260918-DB846D] SQLSTATE[22003]: Numeric value out of range: 1264 Out of range value for column 'duration_ms' at row 1 in /home/appnannerbr/public_html/cron/run.php:11 | request=CLI - | user=- | tenant=-
#0 /home/appnannerbr/public_html/cron/run.php(11): PDOStatement->execute(Array)
#1 {main}

[2026-09-18T08:52:02-03:00] [ERR-20260918-C97EF0] SQLSTATE[22003]: Numeric value out of range: 1264 Out of range value for column 'duration_ms' at row 1 in /home/appnannerbr/public_html/cron/run.php:11 | request=CLI - | user=- | tenant=-
#0 /home/appnannerbr/public_html/cron/run.php(11): PDOStatement->execute(Array)
#1 {main}

[2026-09-18T09:02:02-03:00] [ERR-20260918-E5C74D] SQLSTATE[22003]: Numeric value out of range: 1264 Out of range value for column 'duration_ms' at row 1 in /home/appnannerbr/public_html/cron/run.php:11 | request=CLI - | user=- | tenant=-
#0 /home/appnannerbr/public_html/cron/run.php(11): PDOStatement->execute(Array)
#1 {main}

[2026-09-18T09:12:02-03:00] [ERR-20260918-ACF601] SQLSTATE[22003]: Numeric value out of range: 1264 Out of range value for column 'duration_ms' at row 1 in /home/appnannerbr/public_html/cron/run.php:11 | request=CLI - | user=- | tenant=-
#0 /home/appnannerbr/public_html/cron/run.php(11): PDOStatement->execute(Array)
#1 {main}

[2026-09-18T09:22:01-03:00] [ERR-20260918-39A611] SQLSTATE[22003]: Numeric value out of range: 1264 Out of range value for column 'duration_ms' at row 1 in /home/appnannerbr/public_html/cron/run.php:11 | request=CLI - | user=- | tenant=-
#0 /home/appnannerbr/public_html/cron/run.php(11): PDOStatement->execute(Array)
#1 {main}

[2026-09-18T09:32:01-03:00] [ERR-20260918-279640] SQLSTATE[22003]: Numeric value out of range: 1264 Out of range value for column 'duration_ms' at row 1 in /home/appnannerbr/public_html/cron/run.php:11 | request=CLI - | user=- | tenant=-
#0 /home/appnannerbr/public_html/cron/run.php(11): PDOStatement->execute(Array)
#1 {main}

[2026-09-18T09:42:01-03:00] [ERR-20260918-BA2915] SQLSTATE[22003]: Numeric value out of range: 1264 Out of range value for column 'duration_ms' at row 1 in /home/appnannerbr/public_html/cron/run.php:11 | request=CLI - | user=- | tenant=-
#0 /home/appnannerbr/public_html/cron/run.php(11): PDOStatement->execute(Array)
#1 {main}

[2026-09-18T09:52:01-03:00] [ERR-20260918-B2A9BD] SQLSTATE[22003]: Numeric value out of range: 1264 Out of range value for column 'duration_ms' at row 1 in /home/appnannerbr/public_html/cron/run.php:11 | request=CLI - | user=- | tenant=-
#0 /home/appnannerbr/public_html/cron/run.php(11): PDOStatement->execute(Array)
#1 {main}

[2026-09-18T10:02:01-03:00] [ERR-20260918-A1A288] SQLSTATE[22003]: Numeric value out of range: 1264 Out of range value for column 'duration_ms' at row 1 in /home/appnannerbr/public_html/cron/run.php:11 | request=CLI - | user=- | tenant=-
#0 /home/appnannerbr/public_html/cron/run.php(11): PDOStatement->execute(Array)
#1 {main}

[2026-09-18T10:12:01-03:00] [ERR-20260918-17C4B7] SQLSTATE[22003]: Numeric value out of range: 1264 Out of range value for column 'duration_ms' at row 1 in /home/appnannerbr/public_html/cron/run.php:11 | request=CLI - | user=- | tenant=-
#0 /home/appnannerbr/public_html/cron/run.php(11): PDOStatement->execute(Array)
#1 {main}

[2026-09-18T10:22:01-03:00] [ERR-20260918-850F98] SQLSTATE[22003]: Numeric value out of range: 1264 Out of range value for column 'duration_ms' at row 1 in /home/appnannerbr/public_html/cron/run.php:11 | request=CLI - | user=- | tenant=-
#0 /home/appnannerbr/public_html/cron/run.php(11): PDOStatement->execute(Array)
#1 {main}

[2026-09-18T10:32:02-03:00] [ERR-20260918-CAB227] SQLSTATE[22003]: Numeric value out of range: 1264 Out of range value for column 'duration_ms' at row 1 in /home/appnannerbr/public_html/cron/run.php:11 | request=CLI - | user=- | tenant=-
#0 /home/appnannerbr/public_html/cron/run.php(11): PDOStatement->execute(Array)
#1 {main}

[2026-09-18T10:42:01-03:00] [ERR-20260918-5516BB] SQLSTATE[22003]: Numeric value out of range: 1264 Out of range value for column 'duration_ms' at row 1 in /home/appnannerbr/public_html/cron/run.php:11 | request=CLI - | user=- | tenant=-
#0 /home/appnannerbr/public_html/cron/run.php(11): PDOStatement->execute(Array)
#1 {main}

[2026-09-18T10:52:01-03:00] [ERR-20260918-C54CEA] SQLSTATE[22003]: Numeric value out of range: 1264 Out of range value for column 'duration_ms' at row 1 in /home/appnannerbr/public_html/cron/run.php:11 | request=CLI - | user=- | tenant=-
#0 /home/appnannerbr/public_html/cron/run.php(11): PDOStatement->execute(Array)
#1 {main}

[2026-09-18T11:02:01-03:00] [ERR-20260918-1E6610] SQLSTATE[22003]: Numeric value out of range: 1264 Out of range value for column 'duration_ms' at row 1 in /home/appnannerbr/public_html/cron/run.php:11 | request=CLI - | user=- | tenant=-
#0 /home/appnannerbr/public_html/cron/run.php(11): PDOStatement->execute(Array)
#1 {main}

[2026-09-18T11:12:01-03:00] [ERR-20260918-77E102] SQLSTATE[22003]: Numeric value out of range: 1264 Out of range value for column 'duration_ms' at row 1 in /home/appnannerbr/public_html/cron/run.php:11 | request=CLI - | user=- | tenant=-
#0 /home/appnannerbr/public_html/cron/run.php(11): PDOStatement->execute(Array)
#1 {main}

[2026-09-18T11:22:01-03:00] [ERR-20260918-D4792E] SQLSTATE[22003]: Numeric value out of range: 1264 Out of range value for column 'duration_ms' at row 1 in /home/appnannerbr/public_html/cron/run.php:11 | request=CLI - | user=- | tenant=-
#0 /home/appnannerbr/public_html/cron/run.php(11): PDOStatement->execute(Array)
#1 {main}

[2026-09-18T11:32:01-03:00] [ERR-20260918-BC151D] SQLSTATE[22003]: Numeric value out of range: 1264 Out of range value for column 'duration_ms' at row 1 in /home/appnannerbr/public_html/cron/run.php:11 | request=CLI - | user=- | tenant=-
#0 /home/appnannerbr/public_html/cron/run.php(11): PDOStatement->execute(Array)
#1 {main}

[2026-09-18T11:42:02-03:00] [ERR-20260918-333C03] SQLSTATE[22003]: Numeric value out of range: 1264 Out of range value for column 'duration_ms' at row 1 in /home/appnannerbr/public_html/cron/run.php:11 | request=CLI - | user=- | tenant=-
#0 /home/appnannerbr/public_html/cron/run.php(11): PDOStatement->execute(Array)
#1 {main}

[2026-09-18T11:52:02-03:00] [ERR-20260918-8EF4EF] SQLSTATE[22003]: Numeric value out of range: 1264 Out of range value for column 'duration_ms' at row 1 in /home/appnannerbr/public_html/cron/run.php:11 | request=CLI - | user=- | tenant=-
#0 /home/appnannerbr/public_html/cron/run.php(11): PDOStatement->execute(Array)
#1 {main}

[2026-09-18T12:02:01-03:00] [ERR-20260918-062FD7] SQLSTATE[22003]: Numeric value out of range: 1264 Out of range value for column 'duration_ms' at row 1 in /home/appnannerbr/public_html/cron/run.php:11 | request=CLI - | user=- | tenant=-
#0 /home/appnannerbr/public_html/cron/run.php(11): PDOStatement->execute(Array)
#1 {main}

[2026-09-18T12:12:01-03:00] [ERR-20260918-05A87E] SQLSTATE[22003]: Numeric value out of range: 1264 Out of range value for column 'duration_ms' at row 1 in /home/appnannerbr/public_html/cron/run.php:11 | request=CLI - | user=- | tenant=-
#0 /home/appnannerbr/public_html/cron/run.php(11): PDOStatement->execute(Array)
#1 {main}

[2026-09-18T12:22:01-03:00] [ERR-20260918-1135CC] SQLSTATE[22003]: Numeric value out of range: 1264 Out of range value for column 'duration_ms' at row 1 in /home/appnannerbr/public_html/cron/run.php:11 | request=CLI - | user=- | tenant=-
#0 /home/appnannerbr/public_html/cron/run.php(11): PDOStatement->execute(Array)
#1 {main}

[2026-09-18T12:32:01-03:00] [ERR-20260918-7C37D8] SQLSTATE[22003]: Numeric value out of range: 1264 Out of range value for column 'duration_ms' at row 1 in /home/appnannerbr/public_html/cron/run.php:11 | request=CLI - | user=- | tenant=-
#0 /home/appnannerbr/public_html/cron/run.php(11): PDOStatement->execute(Array)
#1 {main}

[2026-09-18T12:42:02-03:00] [ERR-20260918-262E30] SQLSTATE[22003]: Numeric value out of range: 1264 Out of range value for column 'duration_ms' at row 1 in /home/appnannerbr/public_html/cron/run.php:11 | request=CLI - | user=- | tenant=-
#0 /home/appnannerbr/public_html/cron/run.php(11): PDOStatement->execute(Array)
#1 {main}

[2026-09-18T12:52:02-03:00] [ERR-20260918-5BFCCD] SQLSTATE[22003]: Numeric value out of range: 1264 Out of range value for column 'duration_ms' at row 1 in /home/appnannerbr/public_html/cron/run.php:11 | request=CLI - | user=- | tenant=-
#0 /home/appnannerbr/public_html/cron/run.php(11): PDOStatement->execute(Array)
#1 {main}

[2026-09-18T13:02:02-03:00] [ERR-20260918-9E260B] SQLSTATE[22003]: Numeric value out of range: 1264 Out of range value for column 'duration_ms' at row 1 in /home/appnannerbr/public_html/cron/run.php:11 | request=CLI - | user=- | tenant=-
#0 /home/appnannerbr/public_html/cron/run.php(11): PDOStatement->execute(Array)
#1 {main}

[2026-09-18T13:12:01-03:00] [ERR-20260918-76793C] SQLSTATE[22003]: Numeric value out of range: 1264 Out of range value for column 'duration_ms' at row 1 in /home/appnannerbr/public_html/cron/run.php:11 | request=CLI - | user=- | tenant=-
#0 /home/appnannerbr/public_html/cron/run.php(11): PDOStatement->execute(Array)
#1 {main}

[2026-09-18T13:22:01-03:00] [ERR-20260918-86FA9C] SQLSTATE[22003]: Numeric value out of range: 1264 Out of range value for column 'duration_ms' at row 1 in /home/appnannerbr/public_html/cron/run.php:11 | request=CLI - | user=- | tenant=-
#0 /home/appnannerbr/public_html/cron/run.php(11): PDOStatement->execute(Array)
#1 {main}

[2026-09-18T13:32:02-03:00] [ERR-20260918-84AE65] SQLSTATE[22003]: Numeric value out of range: 1264 Out of range value for column 'duration_ms' at row 1 in /home/appnannerbr/public_html/cron/run.php:11 | request=CLI - | user=- | tenant=-
#0 /home/appnannerbr/public_html/cron/run.php(11): PDOStatement->execute(Array)
#1 {main}

[2026-09-18T13:42:01-03:00] [ERR-20260918-C60057] SQLSTATE[22003]: Numeric value out of range: 1264 Out of range value for column 'duration_ms' at row 1 in /home/appnannerbr/public_html/cron/run.php:11 | request=CLI - | user=- | tenant=-
#0 /home/appnannerbr/public_html/cron/run.php(11): PDOStatement->execute(Array)
#1 {main}

[2026-09-18T13:52:01-03:00] [ERR-20260918-D77DDA] SQLSTATE[22003]: Numeric value out of range: 1264 Out of range value for column 'duration_ms' at row 1 in /home/appnannerbr/public_html/cron/run.php:11 | request=CLI - | user=- | tenant=-
#0 /home/appnannerbr/public_html/cron/run.php(11): PDOStatement->execute(Array)
#1 {main}

[2026-09-18T14:02:02-03:00] [ERR-20260918-0617EA] SQLSTATE[22003]: Numeric value out of range: 1264 Out of range value for column 'duration_ms' at row 1 in /home/appnannerbr/public_html/cron/run.php:11 | request=CLI - | user=- | tenant=-
#0 /home/appnannerbr/public_html/cron/run.php(11): PDOStatement->execute(Array)
#1 {main}

[2026-09-18T14:12:01-03:00] [ERR-20260918-F8F65D] SQLSTATE[22003]: Numeric value out of range: 1264 Out of range value for column 'duration_ms' at row 1 in /home/appnannerbr/public_html/cron/run.php:11 | request=CLI - | user=- | tenant=-
#0 /home/appnannerbr/public_html/cron/run.php(11): PDOStatement->execute(Array)
#1 {main}

[2026-09-18T14:22:01-03:00] [ERR-20260918-66D3BD] SQLSTATE[22003]: Numeric value out of range: 1264 Out of range value for column 'duration_ms' at row 1 in /home/appnannerbr/public_html/cron/run.php:11 | request=CLI - | user=- | tenant=-
#0 /home/appnannerbr/public_html/cron/run.php(11): PDOStatement->execute(Array)
#1 {main}

[2026-09-18T14:32:01-03:00] [ERR-20260918-90A88E] SQLSTATE[22003]: Numeric value out of range: 1264 Out of range value for column 'duration_ms' at row 1 in /home/appnannerbr/public_html/cron/run.php:11 | request=CLI - | user=- | tenant=-
#0 /home/appnannerbr/public_html/cron/run.php(11): PDOStatement->execute(Array)
#1 {main}

[2026-09-18T14:42:01-03:00] [ERR-20260918-E51F1B] SQLSTATE[22003]: Numeric value out of range: 1264 Out of range value for column 'duration_ms' at row 1 in /home/appnannerbr/public_html/cron/run.php:11 | request=CLI - | user=- | tenant=-
#0 /home/appnannerbr/public_html/cron/run.php(11): PDOStatement->execute(Array)
#1 {main}

[2026-09-18T14:52:01-03:00] [ERR-20260918-D5D41D] SQLSTATE[22003]: Numeric value out of range: 1264 Out of range value for column 'duration_ms' at row 1 in /home/appnannerbr/public_html/cron/run.php:11 | request=CLI - | user=- | tenant=-
#0 /home/appnannerbr/public_html/cron/run.php(11): PDOStatement->execute(Array)
#1 {main}

[2026-09-18T15:02:01-03:00] [ERR-20260918-B7F02C] SQLSTATE[22003]: Numeric value out of range: 1264 Out of range value for column 'duration_ms' at row 1 in /home/appnannerbr/public_html/cron/run.php:11 | request=CLI - | user=- | tenant=-
#0 /home/appnannerbr/public_html/cron/run.php(11): PDOStatement->execute(Array)
#1 {main}

[2026-09-18T15:12:01-03:00] [ERR-20260918-6BA12B] SQLSTATE[22003]: Numeric value out of range: 1264 Out of range value for column 'duration_ms' at row 1 in /home/appnannerbr/public_html/cron/run.php:11 | request=CLI - | user=- | tenant=-
#0 /home/appnannerbr/public_html/cron/run.php(11): PDOStatement->execute(Array)
#1 {main}

[2026-09-18T15:22:01-03:00] [ERR-20260918-EB9BE1] SQLSTATE[22003]: Numeric value out of range: 1264 Out of range value for column 'duration_ms' at row 1 in /home/appnannerbr/public_html/cron/run.php:11 | request=CLI - | user=- | tenant=-
#0 /home/appnannerbr/public_html/cron/run.php(11): PDOStatement->execute(Array)
#1 {main}

[2026-09-18T15:32:01-03:00] [ERR-20260918-0E1A31] SQLSTATE[22003]: Numeric value out of range: 1264 Out of range value for column 'duration_ms' at row 1 in /home/appnannerbr/public_html/cron/run.php:11 | request=CLI - | user=- | tenant=-
#0 /home/appnannerbr/public_html/cron/run.php(11): PDOStatement->execute(Array)
#1 {main}

[2026-09-18T15:42:01-03:00] [ERR-20260918-A8316D] SQLSTATE[22003]: Numeric value out of range: 1264 Out of range value for column 'duration_ms' at row 1 in /home/appnannerbr/public_html/cron/run.php:11 | request=CLI - | user=- | tenant=-
#0 /home/appnannerbr/public_html/cron/run.php(11): PDOStatement->execute(Array)
#1 {main}

[2026-09-18T15:52:02-03:00] [ERR-20260918-628C78] SQLSTATE[22003]: Numeric value out of range: 1264 Out of range value for column 'duration_ms' at row 1 in /home/appnannerbr/public_html/cron/run.php:11 | request=CLI - | user=- | tenant=-
#0 /home/appnannerbr/public_html/cron/run.php(11): PDOStatement->execute(Array)
#1 {main}

[2026-09-18T16:02:02-03:00] [ERR-20260918-306570] SQLSTATE[22003]: Numeric value out of range: 1264 Out of range value for column 'duration_ms' at row 1 in /home/appnannerbr/public_html/cron/run.php:11 | request=CLI - | user=- | tenant=-
#0 /home/appnannerbr/public_html/cron/run.php(11): PDOStatement->execute(Array)
#1 {main}

[2026-09-18T16:12:01-03:00] [ERR-20260918-887BDA] SQLSTATE[22003]: Numeric value out of range: 1264 Out of range value for column 'duration_ms' at row 1 in /home/appnannerbr/public_html/cron/run.php:11 | request=CLI - | user=- | tenant=-
#0 /home/appnannerbr/public_html/cron/run.php(11): PDOStatement->execute(Array)
#1 {main}

[2026-09-18T16:22:01-03:00] [ERR-20260918-849181] SQLSTATE[22003]: Numeric value out of range: 1264 Out of range value for column 'duration_ms' at row 1 in /home/appnannerbr/public_html/cron/run.php:11 | request=CLI - | user=- | tenant=-
#0 /home/appnannerbr/public_html/cron/run.php(11): PDOStatement->execute(Array)
#1 {main}

[2026-09-18T16:32:01-03:00] [ERR-20260918-7EA6E6] SQLSTATE[22003]: Numeric value out of range: 1264 Out of range value for column 'duration_ms' at row 1 in /home/appnannerbr/public_html/cron/run.php:11 | request=CLI - | user=- | tenant=-
#0 /home/appnannerbr/public_html/cron/run.php(11): PDOStatement->execute(Array)
#1 {main}

[2026-09-18T16:42:01-03:00] [ERR-20260918-033ABF] SQLSTATE[22003]: Numeric value out of range: 1264 Out of range value for column 'duration_ms' at row 1 in /home/appnannerbr/public_html/cron/run.php:11 | request=CLI - | user=- | tenant=-
#0 /home/appnannerbr/public_html/cron/run.php(11): PDOStatement->execute(Array)
#1 {main}

[2026-09-18T16:52:01-03:00] [ERR-20260918-48EBF0] SQLSTATE[22003]: Numeric value out of range: 1264 Out of range value for column 'duration_ms' at row 1 in /home/appnannerbr/public_html/cron/run.php:11 | request=CLI - | user=- | tenant=-
#0 /home/appnannerbr/public_html/cron/run.php(11): PDOStatement->execute(Array)
#1 {main}

[2026-09-18T17:02:01-03:00] [ERR-20260918-88BBDA] SQLSTATE[22003]: Numeric value out of range: 1264 Out of range value for column 'duration_ms' at row 1 in /home/appnannerbr/public_html/cron/run.php:11 | request=CLI - | user=- | tenant=-
#0 /home/appnannerbr/public_html/cron/run.php(11): PDOStatement->execute(Array)
#1 {main}

[2026-09-18T17:12:02-03:00] [ERR-20260918-8DB60C] SQLSTATE[22003]: Numeric value out of range: 1264 Out of range value for column 'duration_ms' at row 1 in /home/appnannerbr/public_html/cron/run.php:11 | request=CLI - | user=- | tenant=-
#0 /home/appnannerbr/public_html/cron/run.php(11): PDOStatement->execute(Array)
#1 {main}

[2026-09-18T17:22:02-03:00] [ERR-20260918-83E7BF] SQLSTATE[22003]: Numeric value out of range: 1264 Out of range value for column 'duration_ms' at row 1 in /home/appnannerbr/public_html/cron/run.php:11 | request=CLI - | user=- | tenant=-
#0 /home/appnannerbr/public_html/cron/run.php(11): PDOStatement->execute(Array)
#1 {main}

[2026-09-18T17:32:02-03:00] [ERR-20260918-0F20E8] SQLSTATE[22003]: Numeric value out of range: 1264 Out of range value for column 'duration_ms' at row 1 in /home/appnannerbr/public_html/cron/run.php:11 | request=CLI - | user=- | tenant=-
#0 /home/appnannerbr/public_html/cron/run.php(11): PDOStatement->execute(Array)
#1 {main}

[2026-09-18T17:42:01-03:00] [ERR-20260918-340CB3] SQLSTATE[22003]: Numeric value out of range: 1264 Out of range value for column 'duration_ms' at row 1 in /home/appnannerbr/public_html/cron/run.php:11 | request=CLI - | user=- | tenant=-
#0 /home/appnannerbr/public_html/cron/run.php(11): PDOStatement->execute(Array)
#1 {main}

[2026-09-18T17:52:01-03:00] [ERR-20260918-3F001E] SQLSTATE[22003]: Numeric value out of range: 1264 Out of range value for column 'duration_ms' at row 1 in /home/appnannerbr/public_html/cron/run.php:11 | request=CLI - | user=- | tenant=-
#0 /home/appnannerbr/public_html/cron/run.php(11): PDOStatement->execute(Array)
#1 {main}

[2026-09-18T18:02:01-03:00] [ERR-20260918-7B4988] SQLSTATE[22003]: Numeric value out of range: 1264 Out of range value for column 'duration_ms' at row 1 in /home/appnannerbr/public_html/cron/run.php:11 | request=CLI - | user=- | tenant=-
#0 /home/appnannerbr/public_html/cron/run.php(11): PDOStatement->execute(Array)
#1 {main}

[2026-09-18T18:12:01-03:00] [ERR-20260918-601F12] SQLSTATE[22003]: Numeric value out of range: 1264 Out of range value for column 'duration_ms' at row 1 in /home/appnannerbr/public_html/cron/run.php:11 | request=CLI - | user=- | tenant=-
#0 /home/appnannerbr/public_html/cron/run.php(11): PDOStatement->execute(Array)
#1 {main}

[2026-09-18T18:22:01-03:00] [ERR-20260918-1E101F] SQLSTATE[22003]: Numeric value out of range: 1264 Out of range value for column 'duration_ms' at row 1 in /home/appnannerbr/public_html/cron/run.php:11 | request=CLI - | user=- | tenant=-
#0 /home/appnannerbr/public_html/cron/run.php(11): PDOStatement->execute(Array)
#1 {main}

[2026-09-18T18:32:01-03:00] [ERR-20260918-DC6F2A] SQLSTATE[22003]: Numeric value out of range: 1264 Out of range value for column 'duration_ms' at row 1 in /home/appnannerbr/public_html/cron/run.php:11 | request=CLI - | user=- | tenant=-
#0 /home/appnannerbr/public_html/cron/run.php(11): PDOStatement->execute(Array)
#1 {main}

[2026-09-18T18:42:01-03:00] [ERR-20260918-23AC25] SQLSTATE[22003]: Numeric value out of range: 1264 Out of range value for column 'duration_ms' at row 1 in /home/appnannerbr/public_html/cron/run.php:11 | request=CLI - | user=- | tenant=-
#0 /home/appnannerbr/public_html/cron/run.php(11): PDOStatement->execute(Array)
#1 {main}

[2026-09-18T18:52:02-03:00] [ERR-20260918-2239B0] SQLSTATE[22003]: Numeric value out of range: 1264 Out of range value for column 'duration_ms' at row 1 in /home/appnannerbr/public_html/cron/run.php:11 | request=CLI - | user=- | tenant=-
#0 /home/appnannerbr/public_html/cron/run.php(11): PDOStatement->execute(Array)
#1 {main}

[2026-09-18T19:02:02-03:00] [ERR-20260918-5E10B6] SQLSTATE[22003]: Numeric value out of range: 1264 Out of range value for column 'duration_ms' at row 1 in /home/appnannerbr/public_html/cron/run.php:11 | request=CLI - | user=- | tenant=-
#0 /home/appnannerbr/public_html/cron/run.php(11): PDOStatement->execute(Array)
#1 {main}

[2026-09-18T19:12:01-03:00] [ERR-20260918-0EF9C0] SQLSTATE[22003]: Numeric value out of range: 1264 Out of range value for column 'duration_ms' at row 1 in /home/appnannerbr/public_html/cron/run.php:11 | request=CLI - | user=- | tenant=-
#0 /home/appnannerbr/public_html/cron/run.php(11): PDOStatement->execute(Array)
#1 {main}

[2026-09-18T19:22:01-03:00] [ERR-20260918-B41432] SQLSTATE[22003]: Numeric value out of range: 1264 Out of range value for column 'duration_ms' at row 1 in /home/appnannerbr/public_html/cron/run.php:11 | request=CLI - | user=- | tenant=-
#0 /home/appnannerbr/public_html/cron/run.php(11): PDOStatement->execute(Array)
#1 {main}

[2026-09-18T19:32:01-03:00] [ERR-20260918-07CFA7] SQLSTATE[22003]: Numeric value out of range: 1264 Out of range value for column 'duration_ms' at row 1 in /home/appnannerbr/public_html/cron/run.php:11 | request=CLI - | user=- | tenant=-
#0 /home/appnannerbr/public_html/cron/run.php(11): PDOStatement->execute(Array)
#1 {main}

[2026-09-18T19:42:01-03:00] [ERR-20260918-EE51B6] SQLSTATE[22003]: Numeric value out of range: 1264 Out of range value for column 'duration_ms' at row 1 in /home/appnannerbr/public_html/cron/run.php:11 | request=CLI - | user=- | tenant=-
#0 /home/appnannerbr/public_html/cron/run.php(11): PDOStatement->execute(Array)
#1 {main}

[2026-09-18T19:52:01-03:00] [ERR-20260918-3113DA] SQLSTATE[22003]: Numeric value out of range: 1264 Out of range value for column 'duration_ms' at row 1 in /home/appnannerbr/public_html/cron/run.php:11 | request=CLI - | user=- | tenant=-
#0 /home/appnannerbr/public_html/cron/run.php(11): PDOStatement->execute(Array)
#1 {main}

[2026-09-19T08:02:02-03:00] [ERR-20260919-006509] SQLSTATE[22003]: Numeric value out of range: 1264 Out of range value for column 'duration_ms' at row 1 in /home/appnannerbr/public_html/cron/run.php:11 | request=CLI - | user=- | tenant=-
#0 /home/appnannerbr/public_html/cron/run.php(11): PDOStatement->execute(Array)
#1 {main}

[2026-09-19T08:12:01-03:00] [ERR-20260919-80FB23] SQLSTATE[22003]: Numeric value out of range: 1264 Out of range value for column 'duration_ms' at row 1 in /home/appnannerbr/public_html/cron/run.php:11 | request=CLI - | user=- | tenant=-
#0 /home/appnannerbr/public_html/cron/run.php(11): PDOStatement->execute(Array)
#1 {main}

[2026-09-19T08:22:01-03:00] [ERR-20260919-F86419] SQLSTATE[22003]: Numeric value out of range: 1264 Out of range value for column 'duration_ms' at row 1 in /home/appnannerbr/public_html/cron/run.php:11 | request=CLI - | user=- | tenant=-
#0 /home/appnannerbr/public_html/cron/run.php(11): PDOStatement->execute(Array)
#1 {main}

[2026-09-19T08:32:02-03:00] [ERR-20260919-AA147C] SQLSTATE[22003]: Numeric value out of range: 1264 Out of range value for column 'duration_ms' at row 1 in /home/appnannerbr/public_html/cron/run.php:11 | request=CLI - | user=- | tenant=-
#0 /home/appnannerbr/public_html/cron/run.php(11): PDOStatement->execute(Array)
#1 {main}

[2026-09-19T08:42:01-03:00] [ERR-20260919-4C155A] SQLSTATE[22003]: Numeric value out of range: 1264 Out of range value for column 'duration_ms' at row 1 in /home/appnannerbr/public_html/cron/run.php:11 | request=CLI - | user=- | tenant=-
#0 /home/appnannerbr/public_html/cron/run.php(11): PDOStatement->execute(Array)
#1 {main}

[2026-09-19T08:52:01-03:00] [ERR-20260919-CBD25D] SQLSTATE[22003]: Numeric value out of range: 1264 Out of range value for column 'duration_ms' at row 1 in /home/appnannerbr/public_html/cron/run.php:11 | request=CLI - | user=- | tenant=-
#0 /home/appnannerbr/public_html/cron/run.php(11): PDOStatement->execute(Array)
#1 {main}

[2026-09-19T09:02:01-03:00] [ERR-20260919-D23745] SQLSTATE[22003]: Numeric value out of range: 1264 Out of range value for column 'duration_ms' at row 1 in /home/appnannerbr/public_html/cron/run.php:11 | request=CLI - | user=- | tenant=-
#0 /home/appnannerbr/public_html/cron/run.php(11): PDOStatement->execute(Array)
#1 {main}

[2026-09-19T09:12:02-03:00] [ERR-20260919-EEF62A] SQLSTATE[22003]: Numeric value out of range: 1264 Out of range value for column 'duration_ms' at row 1 in /home/appnannerbr/public_html/cron/run.php:11 | request=CLI - | user=- | tenant=-
#0 /home/appnannerbr/public_html/cron/run.php(11): PDOStatement->execute(Array)
#1 {main}

[2026-09-19T09:22:02-03:00] [ERR-20260919-38BA13] SQLSTATE[22003]: Numeric value out of range: 1264 Out of range value for column 'duration_ms' at row 1 in /home/appnannerbr/public_html/cron/run.php:11 | request=CLI - | user=- | tenant=-
#0 /home/appnannerbr/public_html/cron/run.php(11): PDOStatement->execute(Array)
#1 {main}

[2026-09-19T09:32:01-03:00] [ERR-20260919-8A040F] SQLSTATE[22003]: Numeric value out of range: 1264 Out of range value for column 'duration_ms' at row 1 in /home/appnannerbr/public_html/cron/run.php:11 | request=CLI - | user=- | tenant=-
#0 /home/appnannerbr/public_html/cron/run.php(11): PDOStatement->execute(Array)
#1 {main}

[2026-09-19T09:42:01-03:00] [ERR-20260919-4C0BAD] SQLSTATE[22003]: Numeric value out of range: 1264 Out of range value for column 'duration_ms' at row 1 in /home/appnannerbr/public_html/cron/run.php:11 | request=CLI - | user=- | tenant=-
#0 /home/appnannerbr/public_html/cron/run.php(11): PDOStatement->execute(Array)
#1 {main}

[2026-09-19T09:52:02-03:00] [ERR-20260919-A4608F] SQLSTATE[22003]: Numeric value out of range: 1264 Out of range value for column 'duration_ms' at row 1 in /home/appnannerbr/public_html/cron/run.php:11 | request=CLI - | user=- | tenant=-
#0 /home/appnannerbr/public_html/cron/run.php(11): PDOStatement->execute(Array)
#1 {main}

[2026-09-19T10:02:01-03:00] [ERR-20260919-DC3619] SQLSTATE[22003]: Numeric value out of range: 1264 Out of range value for column 'duration_ms' at row 1 in /home/appnannerbr/public_html/cron/run.php:11 | request=CLI - | user=- | tenant=-
#0 /home/appnannerbr/public_html/cron/run.php(11): PDOStatement->execute(Array)
#1 {main}

[2026-09-19T10:12:01-03:00] [ERR-20260919-A94F9C] SQLSTATE[22003]: Numeric value out of range: 1264 Out of range value for column 'duration_ms' at row 1 in /home/appnannerbr/public_html/cron/run.php:11 | request=CLI - | user=- | tenant=-
#0 /home/appnannerbr/public_html/cron/run.php(11): PDOStatement->execute(Array)
#1 {main}

[2026-09-19T10:22:02-03:00] [ERR-20260919-1026F6] SQLSTATE[22003]: Numeric value out of range: 1264 Out of range value for column 'duration_ms' at row 1 in /home/appnannerbr/public_html/cron/run.php:11 | request=CLI - | user=- | tenant=-
#0 /home/appnannerbr/public_html/cron/run.php(11): PDOStatement->execute(Array)
#1 {main}

[2026-09-19T10:32:01-03:00] [ERR-20260919-7B4C85] SQLSTATE[22003]: Numeric value out of range: 1264 Out of range value for column 'duration_ms' at row 1 in /home/appnannerbr/public_html/cron/run.php:11 | request=CLI - | user=- | tenant=-
#0 /home/appnannerbr/public_html/cron/run.php(11): PDOStatement->execute(Array)
#1 {main}

[2026-09-19T10:42:01-03:00] [ERR-20260919-13E4A9] SQLSTATE[22003]: Numeric value out of range: 1264 Out of range value for column 'duration_ms' at row 1 in /home/appnannerbr/public_html/cron/run.php:11 | request=CLI - | user=- | tenant=-
#0 /home/appnannerbr/public_html/cron/run.php(11): PDOStatement->execute(Array)
#1 {main}

[2026-09-19T10:52:01-03:00] [ERR-20260919-6473CD] SQLSTATE[22003]: Numeric value out of range: 1264 Out of range value for column 'duration_ms' at row 1 in /home/appnannerbr/public_html/cron/run.php:11 | request=CLI - | user=- | tenant=-
#0 /home/appnannerbr/public_html/cron/run.php(11): PDOStatement->execute(Array)
#1 {main}

[2026-09-19T11:02:01-03:00] [ERR-20260919-8D8014] SQLSTATE[22003]: Numeric value out of range: 1264 Out of range value for column 'duration_ms' at row 1 in /home/appnannerbr/public_html/cron/run.php:11 | request=CLI - | user=- | tenant=-
#0 /home/appnannerbr/public_html/cron/run.php(11): PDOStatement->execute(Array)
#1 {main}

[2026-09-19T11:12:01-03:00] [ERR-20260919-277348] SQLSTATE[22003]: Numeric value out of range: 1264 Out of range value for column 'duration_ms' at row 1 in /home/appnannerbr/public_html/cron/run.php:11 | request=CLI - | user=- | tenant=-
#0 /home/appnannerbr/public_html/cron/run.php(11): PDOStatement->execute(Array)
#1 {main}

[2026-09-19T11:22:01-03:00] [ERR-20260919-D43B49] SQLSTATE[22003]: Numeric value out of range: 1264 Out of range value for column 'duration_ms' at row 1 in /home/appnannerbr/public_html/cron/run.php:11 | request=CLI - | user=- | tenant=-
#0 /home/appnannerbr/public_html/cron/run.php(11): PDOStatement->execute(Array)
#1 {main}

[2026-09-19T11:32:02-03:00] [ERR-20260919-3E0327] SQLSTATE[22003]: Numeric value out of range: 1264 Out of range value for column 'duration_ms' at row 1 in /home/appnannerbr/public_html/cron/run.php:11 | request=CLI - | user=- | tenant=-
#0 /home/appnannerbr/public_html/cron/run.php(11): PDOStatement->execute(Array)
#1 {main}

[2026-09-19T11:42:02-03:00] [ERR-20260919-5BE65D] SQLSTATE[22003]: Numeric value out of range: 1264 Out of range value for column 'duration_ms' at row 1 in /home/appnannerbr/public_html/cron/run.php:11 | request=CLI - | user=- | tenant=-
#0 /home/appnannerbr/public_html/cron/run.php(11): PDOStatement->execute(Array)
#1 {main}

[2026-09-19T11:52:02-03:00] [ERR-20260919-B3A840] SQLSTATE[22003]: Numeric value out of range: 1264 Out of range value for column 'duration_ms' at row 1 in /home/appnannerbr/public_html/cron/run.php:11 | request=CLI - | user=- | tenant=-
#0 /home/appnannerbr/public_html/cron/run.php(11): PDOStatement->execute(Array)
#1 {main}

[2026-09-19T12:02:01-03:00] [ERR-20260919-B1A1D9] SQLSTATE[22003]: Numeric value out of range: 1264 Out of range value for column 'duration_ms' at row 1 in /home/appnannerbr/public_html/cron/run.php:11 | request=CLI - | user=- | tenant=-
#0 /home/appnannerbr/public_html/cron/run.php(11): PDOStatement->execute(Array)
#1 {main}

[2026-09-19T12:12:02-03:00] [ERR-20260919-49BA0D] SQLSTATE[22003]: Numeric value out of range: 1264 Out of range value for column 'duration_ms' at row 1 in /home/appnannerbr/public_html/cron/run.php:11 | request=CLI - | user=- | tenant=-
#0 /home/appnannerbr/public_html/cron/run.php(11): PDOStatement->execute(Array)
#1 {main}

[2026-09-19T12:22:02-03:00] [ERR-20260919-9161FC] SQLSTATE[22003]: Numeric value out of range: 1264 Out of range value for column 'duration_ms' at row 1 in /home/appnannerbr/public_html/cron/run.php:11 | request=CLI - | user=- | tenant=-
#0 /home/appnannerbr/public_html/cron/run.php(11): PDOStatement->execute(Array)
#1 {main}

[2026-09-19T12:32:01-03:00] [ERR-20260919-FF96B0] SQLSTATE[22003]: Numeric value out of range: 1264 Out of range value for column 'duration_ms' at row 1 in /home/appnannerbr/public_html/cron/run.php:11 | request=CLI - | user=- | tenant=-
#0 /home/appnannerbr/public_html/cron/run.php(11): PDOStatement->execute(Array)
#1 {main}

[2026-09-19T12:42:01-03:00] [ERR-20260919-28FD1A] SQLSTATE[22003]: Numeric value out of range: 1264 Out of range value for column 'duration_ms' at row 1 in /home/appnannerbr/public_html/cron/run.php:11 | request=CLI - | user=- | tenant=-
#0 /home/appnannerbr/public_html/cron/run.php(11): PDOStatement->execute(Array)
#1 {main}

[2026-09-19T12:52:01-03:00] [ERR-20260919-309FB5] SQLSTATE[22003]: Numeric value out of range: 1264 Out of range value for column 'duration_ms' at row 1 in /home/appnannerbr/public_html/cron/run.php:11 | request=CLI - | user=- | tenant=-
#0 /home/appnannerbr/public_html/cron/run.php(11): PDOStatement->execute(Array)
#1 {main}

[2026-09-19T13:02:02-03:00] [ERR-20260919-0C6485] SQLSTATE[22003]: Numeric value out of range: 1264 Out of range value for column 'duration_ms' at row 1 in /home/appnannerbr/public_html/cron/run.php:11 | request=CLI - | user=- | tenant=-
#0 /home/appnannerbr/public_html/cron/run.php(11): PDOStatement->execute(Array)
#1 {main}

[2026-09-19T13:12:01-03:00] [ERR-20260919-57736D] SQLSTATE[22003]: Numeric value out of range: 1264 Out of range value for column 'duration_ms' at row 1 in /home/appnannerbr/public_html/cron/run.php:11 | request=CLI - | user=- | tenant=-
#0 /home/appnannerbr/public_html/cron/run.php(11): PDOStatement->execute(Array)
#1 {main}

[2026-09-19T13:22:02-03:00] [ERR-20260919-64ED2C] SQLSTATE[22003]: Numeric value out of range: 1264 Out of range value for column 'duration_ms' at row 1 in /home/appnannerbr/public_html/cron/run.php:11 | request=CLI - | user=- | tenant=-
#0 /home/appnannerbr/public_html/cron/run.php(11): PDOStatement->execute(Array)
#1 {main}

[2026-09-19T13:32:01-03:00] [ERR-20260919-040C34] SQLSTATE[22003]: Numeric value out of range: 1264 Out of range value for column 'duration_ms' at row 1 in /home/appnannerbr/public_html/cron/run.php:11 | request=CLI - | user=- | tenant=-
#0 /home/appnannerbr/public_html/cron/run.php(11): PDOStatement->execute(Array)
#1 {main}

[2026-09-19T13:42:01-03:00] [ERR-20260919-D2F8C1] SQLSTATE[22003]: Numeric value out of range: 1264 Out of range value for column 'duration_ms' at row 1 in /home/appnannerbr/public_html/cron/run.php:11 | request=CLI - | user=- | tenant=-
#0 /home/appnannerbr/public_html/cron/run.php(11): PDOStatement->execute(Array)
#1 {main}

[2026-09-19T13:52:01-03:00] [ERR-20260919-D17009] SQLSTATE[22003]: Numeric value out of range: 1264 Out of range value for column 'duration_ms' at row 1 in /home/appnannerbr/public_html/cron/run.php:11 | request=CLI - | user=- | tenant=-
#0 /home/appnannerbr/public_html/cron/run.php(11): PDOStatement->execute(Array)
#1 {main}

[2026-09-19T14:02:01-03:00] [ERR-20260919-0E1087] SQLSTATE[22003]: Numeric value out of range: 1264 Out of range value for column 'duration_ms' at row 1 in /home/appnannerbr/public_html/cron/run.php:11 | request=CLI - | user=- | tenant=-
#0 /home/appnannerbr/public_html/cron/run.php(11): PDOStatement->execute(Array)
#1 {main}

[2026-09-19T14:12:01-03:00] [ERR-20260919-03AF5B] SQLSTATE[22003]: Numeric value out of range: 1264 Out of range value for column 'duration_ms' at row 1 in /home/appnannerbr/public_html/cron/run.php:11 | request=CLI - | user=- | tenant=-
#0 /home/appnannerbr/public_html/cron/run.php(11): PDOStatement->execute(Array)
#1 {main}

[2026-09-19T14:22:01-03:00] [ERR-20260919-D37F45] SQLSTATE[22003]: Numeric value out of range: 1264 Out of range value for column 'duration_ms' at row 1 in /home/appnannerbr/public_html/cron/run.php:11 | request=CLI - | user=- | tenant=-
#0 /home/appnannerbr/public_html/cron/run.php(11): PDOStatement->execute(Array)
#1 {main}

[2026-09-19T14:32:01-03:00] [ERR-20260919-149F37] SQLSTATE[22003]: Numeric value out of range: 1264 Out of range value for column 'duration_ms' at row 1 in /home/appnannerbr/public_html/cron/run.php:11 | request=CLI - | user=- | tenant=-
#0 /home/appnannerbr/public_html/cron/run.php(11): PDOStatement->execute(Array)
#1 {main}

[2026-09-19T14:42:02-03:00] [ERR-20260919-CF6525] SQLSTATE[22003]: Numeric value out of range: 1264 Out of range value for column 'duration_ms' at row 1 in /home/appnannerbr/public_html/cron/run.php:11 | request=CLI - | user=- | tenant=-
#0 /home/appnannerbr/public_html/cron/run.php(11): PDOStatement->execute(Array)
#1 {main}

[2026-09-19T14:52:02-03:00] [ERR-20260919-F9C4A1] SQLSTATE[22003]: Numeric value out of range: 1264 Out of range value for column 'duration_ms' at row 1 in /home/appnannerbr/public_html/cron/run.php:11 | request=CLI - | user=- | tenant=-
#0 /home/appnannerbr/public_html/cron/run.php(11): PDOStatement->execute(Array)
#1 {main}

[2026-09-19T15:02:01-03:00] [ERR-20260919-5DA128] SQLSTATE[22003]: Numeric value out of range: 1264 Out of range value for column 'duration_ms' at row 1 in /home/appnannerbr/public_html/cron/run.php:11 | request=CLI - | user=- | tenant=-
#0 /home/appnannerbr/public_html/cron/run.php(11): PDOStatement->execute(Array)
#1 {main}

[2026-09-19T15:12:01-03:00] [ERR-20260919-24F812] SQLSTATE[22003]: Numeric value out of range: 1264 Out of range value for column 'duration_ms' at row 1 in /home/appnannerbr/public_html/cron/run.php:11 | request=CLI - | user=- | tenant=-
#0 /home/appnannerbr/public_html/cron/run.php(11): PDOStatement->execute(Array)
#1 {main}

[2026-09-19T15:22:01-03:00] [ERR-20260919-796D34] SQLSTATE[22003]: Numeric value out of range: 1264 Out of range value for column 'duration_ms' at row 1 in /home/appnannerbr/public_html/cron/run.php:11 | request=CLI - | user=- | tenant=-
#0 /home/appnannerbr/public_html/cron/run.php(11): PDOStatement->execute(Array)
#1 {main}

[2026-09-19T15:32:01-03:00] [ERR-20260919-A2F5DC] SQLSTATE[22003]: Numeric value out of range: 1264 Out of range value for column 'duration_ms' at row 1 in /home/appnannerbr/public_html/cron/run.php:11 | request=CLI - | user=- | tenant=-
#0 /home/appnannerbr/public_html/cron/run.php(11): PDOStatement->execute(Array)
#1 {main}

[2026-09-19T15:42:01-03:00] [ERR-20260919-AF9050] SQLSTATE[22003]: Numeric value out of range: 1264 Out of range value for column 'duration_ms' at row 1 in /home/appnannerbr/public_html/cron/run.php:11 | request=CLI - | user=- | tenant=-
#0 /home/appnannerbr/public_html/cron/run.php(11): PDOStatement->execute(Array)
#1 {main}

[2026-09-19T15:52:01-03:00] [ERR-20260919-FC0526] SQLSTATE[22003]: Numeric value out of range: 1264 Out of range value for column 'duration_ms' at row 1 in /home/appnannerbr/public_html/cron/run.php:11 | request=CLI - | user=- | tenant=-
#0 /home/appnannerbr/public_html/cron/run.php(11): PDOStatement->execute(Array)
#1 {main}

[2026-09-19T16:02:01-03:00] [ERR-20260919-6BDF4B] SQLSTATE[22003]: Numeric value out of range: 1264 Out of range value for column 'duration_ms' at row 1 in /home/appnannerbr/public_html/cron/run.php:11 | request=CLI - | user=- | tenant=-
#0 /home/appnannerbr/public_html/cron/run.php(11): PDOStatement->execute(Array)
#1 {main}

[2026-09-19T16:12:01-03:00] [ERR-20260919-EBBE3E] SQLSTATE[22003]: Numeric value out of range: 1264 Out of range value for column 'duration_ms' at row 1 in /home/appnannerbr/public_html/cron/run.php:11 | request=CLI - | user=- | tenant=-
#0 /home/appnannerbr/public_html/cron/run.php(11): PDOStatement->execute(Array)
#1 {main}

[2026-09-19T16:22:01-03:00] [ERR-20260919-05F3D1] SQLSTATE[22003]: Numeric value out of range: 1264 Out of range value for column 'duration_ms' at row 1 in /home/appnannerbr/public_html/cron/run.php:11 | request=CLI - | user=- | tenant=-
#0 /home/appnannerbr/public_html/cron/run.php(11): PDOStatement->execute(Array)
#1 {main}

[2026-09-19T16:32:01-03:00] [ERR-20260919-26177A] SQLSTATE[22003]: Numeric value out of range: 1264 Out of range value for column 'duration_ms' at row 1 in /home/appnannerbr/public_html/cron/run.php:11 | request=CLI - | user=- | tenant=-
#0 /home/appnannerbr/public_html/cron/run.php(11): PDOStatement->execute(Array)
#1 {main}

[2026-09-19T16:42:01-03:00] [ERR-20260919-E5B7C3] SQLSTATE[22003]: Numeric value out of range: 1264 Out of range value for column 'duration_ms' at row 1 in /home/appnannerbr/public_html/cron/run.php:11 | request=CLI - | user=- | tenant=-
#0 /home/appnannerbr/public_html/cron/run.php(11): PDOStatement->execute(Array)
#1 {main}

[2026-09-19T16:52:01-03:00] [ERR-20260919-616EBE] SQLSTATE[22003]: Numeric value out of range: 1264 Out of range value for column 'duration_ms' at row 1 in /home/appnannerbr/public_html/cron/run.php:11 | request=CLI - | user=- | tenant=-
#0 /home/appnannerbr/public_html/cron/run.php(11): PDOStatement->execute(Array)
#1 {main}

[2026-09-19T17:02:01-03:00] [ERR-20260919-21FB90] SQLSTATE[22003]: Numeric value out of range: 1264 Out of range value for column 'duration_ms' at row 1 in /home/appnannerbr/public_html/cron/run.php:11 | request=CLI - | user=- | tenant=-
#0 /home/appnannerbr/public_html/cron/run.php(11): PDOStatement->execute(Array)
#1 {main}

[2026-09-19T17:12:01-03:00] [ERR-20260919-64F20E] SQLSTATE[22003]: Numeric value out of range: 1264 Out of range value for column 'duration_ms' at row 1 in /home/appnannerbr/public_html/cron/run.php:11 | request=CLI - | user=- | tenant=-
#0 /home/appnannerbr/public_html/cron/run.php(11): PDOStatement->execute(Array)
#1 {main}

[2026-09-19T17:22:01-03:00] [ERR-20260919-EA8DDD] SQLSTATE[22003]: Numeric value out of range: 1264 Out of range value for column 'duration_ms' at row 1 in /home/appnannerbr/public_html/cron/run.php:11 | request=CLI - | user=- | tenant=-
#0 /home/appnannerbr/public_html/cron/run.php(11): PDOStatement->execute(Array)
#1 {main}

[2026-09-19T17:32:01-03:00] [ERR-20260919-82BC46] SQLSTATE[22003]: Numeric value out of range: 1264 Out of range value for column 'duration_ms' at row 1 in /home/appnannerbr/public_html/cron/run.php:11 | request=CLI - | user=- | tenant=-
#0 /home/appnannerbr/public_html/cron/run.php(11): PDOStatement->execute(Array)
#1 {main}

[2026-09-19T17:42:02-03:00] [ERR-20260919-43A50C] SQLSTATE[22003]: Numeric value out of range: 1264 Out of range value for column 'duration_ms' at row 1 in /home/appnannerbr/public_html/cron/run.php:11 | request=CLI - | user=- | tenant=-
#0 /home/appnannerbr/public_html/cron/run.php(11): PDOStatement->execute(Array)
#1 {main}

[2026-09-19T17:52:01-03:00] [ERR-20260919-AA786E] SQLSTATE[22003]: Numeric value out of range: 1264 Out of range value for column 'duration_ms' at row 1 in /home/appnannerbr/public_html/cron/run.php:11 | request=CLI - | user=- | tenant=-
#0 /home/appnannerbr/public_html/cron/run.php(11): PDOStatement->execute(Array)
#1 {main}

[2026-09-19T18:02:02-03:00] [ERR-20260919-2296AF] SQLSTATE[22003]: Numeric value out of range: 1264 Out of range value for column 'duration_ms' at row 1 in /home/appnannerbr/public_html/cron/run.php:11 | request=CLI - | user=- | tenant=-
#0 /home/appnannerbr/public_html/cron/run.php(11): PDOStatement->execute(Array)
#1 {main}

[2026-09-19T18:12:02-03:00] [ERR-20260919-C1B5C0] SQLSTATE[22003]: Numeric value out of range: 1264 Out of range value for column 'duration_ms' at row 1 in /home/appnannerbr/public_html/cron/run.php:11 | request=CLI - | user=- | tenant=-
#0 /home/appnannerbr/public_html/cron/run.php(11): PDOStatement->execute(Array)
#1 {main}

[2026-09-19T18:22:02-03:00] [ERR-20260919-5B4EC1] SQLSTATE[22003]: Numeric value out of range: 1264 Out of range value for column 'duration_ms' at row 1 in /home/appnannerbr/public_html/cron/run.php:11 | request=CLI - | user=- | tenant=-
#0 /home/appnannerbr/public_html/cron/run.php(11): PDOStatement->execute(Array)
#1 {main}

[2026-09-19T18:32:01-03:00] [ERR-20260919-55D2D9] SQLSTATE[22003]: Numeric value out of range: 1264 Out of range value for column 'duration_ms' at row 1 in /home/appnannerbr/public_html/cron/run.php:11 | request=CLI - | user=- | tenant=-
#0 /home/appnannerbr/public_html/cron/run.php(11): PDOStatement->execute(Array)
#1 {main}

[2026-09-19T18:42:01-03:00] [ERR-20260919-C1C580] SQLSTATE[22003]: Numeric value out of range: 1264 Out of range value for column 'duration_ms' at row 1 in /home/appnannerbr/public_html/cron/run.php:11 | request=CLI - | user=- | tenant=-
#0 /home/appnannerbr/public_html/cron/run.php(11): PDOStatement->execute(Array)
#1 {main}

[2026-09-19T18:52:01-03:00] [ERR-20260919-B65B6B] SQLSTATE[22003]: Numeric value out of range: 1264 Out of range value for column 'duration_ms' at row 1 in /home/appnannerbr/public_html/cron/run.php:11 | request=CLI - | user=- | tenant=-
#0 /home/appnannerbr/public_html/cron/run.php(11): PDOStatement->execute(Array)
#1 {main}

[2026-09-19T19:02:01-03:00] [ERR-20260919-5EA57F] SQLSTATE[22003]: Numeric value out of range: 1264 Out of range value for column 'duration_ms' at row 1 in /home/appnannerbr/public_html/cron/run.php:11 | request=CLI - | user=- | tenant=-
#0 /home/appnannerbr/public_html/cron/run.php(11): PDOStatement->execute(Array)
#1 {main}

[2026-09-19T19:12:01-03:00] [ERR-20260919-8887A7] SQLSTATE[22003]: Numeric value out of range: 1264 Out of range value for column 'duration_ms' at row 1 in /home/appnannerbr/public_html/cron/run.php:11 | request=CLI - | user=- | tenant=-
#0 /home/appnannerbr/public_html/cron/run.php(11): PDOStatement->execute(Array)
#1 {main}

[2026-09-19T19:22:01-03:00] [ERR-20260919-08A0EC] SQLSTATE[22003]: Numeric value out of range: 1264 Out of range value for column 'duration_ms' at row 1 in /home/appnannerbr/public_html/cron/run.php:11 | request=CLI - | user=- | tenant=-
#0 /home/appnannerbr/public_html/cron/run.php(11): PDOStatement->execute(Array)
#1 {main}

[2026-09-19T19:32:01-03:00] [ERR-20260919-99029C] SQLSTATE[22003]: Numeric value out of range: 1264 Out of range value for column 'duration_ms' at row 1 in /home/appnannerbr/public_html/cron/run.php:11 | request=CLI - | user=- | tenant=-
#0 /home/appnannerbr/public_html/cron/run.php(11): PDOStatement->execute(Array)
#1 {main}

[2026-09-19T19:42:01-03:00] [ERR-20260919-D6FE84] SQLSTATE[22003]: Numeric value out of range: 1264 Out of range value for column 'duration_ms' at row 1 in /home/appnannerbr/public_html/cron/run.php:11 | request=CLI - | user=- | tenant=-
#0 /home/appnannerbr/public_html/cron/run.php(11): PDOStatement->execute(Array)
#1 {main}

[2026-09-19T19:52:02-03:00] [ERR-20260919-CB1F35] SQLSTATE[22003]: Numeric value out of range: 1264 Out of range value for column 'duration_ms' at row 1 in /home/appnannerbr/public_html/cron/run.php:11 | request=CLI - | user=- | tenant=-
#0 /home/appnannerbr/public_html/cron/run.php(11): PDOStatement->execute(Array)
#1 {main}

[2026-09-20T08:02:01-03:00] [ERR-20260920-79D40E] SQLSTATE[22003]: Numeric value out of range: 1264 Out of range value for column 'duration_ms' at row 1 in /home/appnannerbr/public_html/cron/run.php:11 | request=CLI - | user=- | tenant=-
#0 /home/appnannerbr/public_html/cron/run.php(11): PDOStatement->execute(Array)
#1 {main}

[2026-09-20T08:12:01-03:00] [ERR-20260920-FCBF25] SQLSTATE[22003]: Numeric value out of range: 1264 Out of range value for column 'duration_ms' at row 1 in /home/appnannerbr/public_html/cron/run.php:11 | request=CLI - | user=- | tenant=-
#0 /home/appnannerbr/public_html/cron/run.php(11): PDOStatement->execute(Array)
#1 {main}

[2026-09-20T08:22:01-03:00] [ERR-20260920-3811AC] SQLSTATE[22003]: Numeric value out of range: 1264 Out of range value for column 'duration_ms' at row 1 in /home/appnannerbr/public_html/cron/run.php:11 | request=CLI - | user=- | tenant=-
#0 /home/appnannerbr/public_html/cron/run.php(11): PDOStatement->execute(Array)
#1 {main}

[2026-09-20T08:32:01-03:00] [ERR-20260920-659766] SQLSTATE[22003]: Numeric value out of range: 1264 Out of range value for column 'duration_ms' at row 1 in /home/appnannerbr/public_html/cron/run.php:11 | request=CLI - | user=- | tenant=-
#0 /home/appnannerbr/public_html/cron/run.php(11): PDOStatement->execute(Array)
#1 {main}

[2026-09-20T08:42:02-03:00] [ERR-20260920-EBC973] SQLSTATE[22003]: Numeric value out of range: 1264 Out of range value for column 'duration_ms' at row 1 in /home/appnannerbr/public_html/cron/run.php:11 | request=CLI - | user=- | tenant=-
#0 /home/appnannerbr/public_html/cron/run.php(11): PDOStatement->execute(Array)
#1 {main}

[2026-09-20T08:52:01-03:00] [ERR-20260920-17CCE2] SQLSTATE[22003]: Numeric value out of range: 1264 Out of range value for column 'duration_ms' at row 1 in /home/appnannerbr/public_html/cron/run.php:11 | request=CLI - | user=- | tenant=-
#0 /home/appnannerbr/public_html/cron/run.php(11): PDOStatement->execute(Array)
#1 {main}

[2026-09-20T09:02:01-03:00] [ERR-20260920-5240C5] SQLSTATE[22003]: Numeric value out of range: 1264 Out of range value for column 'duration_ms' at row 1 in /home/appnannerbr/public_html/cron/run.php:11 | request=CLI - | user=- | tenant=-
#0 /home/appnannerbr/public_html/cron/run.php(11): PDOStatement->execute(Array)
#1 {main}

[2026-09-20T09:12:01-03:00] [ERR-20260920-A62162] SQLSTATE[22003]: Numeric value out of range: 1264 Out of range value for column 'duration_ms' at row 1 in /home/appnannerbr/public_html/cron/run.php:11 | request=CLI - | user=- | tenant=-
#0 /home/appnannerbr/public_html/cron/run.php(11): PDOStatement->execute(Array)
#1 {main}

[2026-09-20T09:22:02-03:00] [ERR-20260920-DE30E2] SQLSTATE[22003]: Numeric value out of range: 1264 Out of range value for column 'duration_ms' at row 1 in /home/appnannerbr/public_html/cron/run.php:11 | request=CLI - | user=- | tenant=-
#0 /home/appnannerbr/public_html/cron/run.php(11): PDOStatement->execute(Array)
#1 {main}

[2026-09-20T09:32:01-03:00] [ERR-20260920-2E6F2B] SQLSTATE[22003]: Numeric value out of range: 1264 Out of range value for column 'duration_ms' at row 1 in /home/appnannerbr/public_html/cron/run.php:11 | request=CLI - | user=- | tenant=-
#0 /home/appnannerbr/public_html/cron/run.php(11): PDOStatement->execute(Array)
#1 {main}

[2026-09-20T09:42:01-03:00] [ERR-20260920-A50820] SQLSTATE[22003]: Numeric value out of range: 1264 Out of range value for column 'duration_ms' at row 1 in /home/appnannerbr/public_html/cron/run.php:11 | request=CLI - | user=- | tenant=-
#0 /home/appnannerbr/public_html/cron/run.php(11): PDOStatement->execute(Array)
#1 {main}

[2026-09-20T09:52:01-03:00] [ERR-20260920-C4FA93] SQLSTATE[22003]: Numeric value out of range: 1264 Out of range value for column 'duration_ms' at row 1 in /home/appnannerbr/public_html/cron/run.php:11 | request=CLI - | user=- | tenant=-
#0 /home/appnannerbr/public_html/cron/run.php(11): PDOStatement->execute(Array)
#1 {main}

[2026-09-20T10:02:01-03:00] [ERR-20260920-8C6CF5] SQLSTATE[22003]: Numeric value out of range: 1264 Out of range value for column 'duration_ms' at row 1 in /home/appnannerbr/public_html/cron/run.php:11 | request=CLI - | user=- | tenant=-
#0 /home/appnannerbr/public_html/cron/run.php(11): PDOStatement->execute(Array)
#1 {main}

[2026-09-20T10:12:01-03:00] [ERR-20260920-48C5A3] SQLSTATE[22003]: Numeric value out of range: 1264 Out of range value for column 'duration_ms' at row 1 in /home/appnannerbr/public_html/cron/run.php:11 | request=CLI - | user=- | tenant=-
#0 /home/appnannerbr/public_html/cron/run.php(11): PDOStatement->execute(Array)
#1 {main}

[2026-09-20T10:22:01-03:00] [ERR-20260920-FAE792] SQLSTATE[22003]: Numeric value out of range: 1264 Out of range value for column 'duration_ms' at row 1 in /home/appnannerbr/public_html/cron/run.php:11 | request=CLI - | user=- | tenant=-
#0 /home/appnannerbr/public_html/cron/run.php(11): PDOStatement->execute(Array)
#1 {main}

[2026-09-20T10:32:01-03:00] [ERR-20260920-F39223] SQLSTATE[22003]: Numeric value out of range: 1264 Out of range value for column 'duration_ms' at row 1 in /home/appnannerbr/public_html/cron/run.php:11 | request=CLI - | user=- | tenant=-
#0 /home/appnannerbr/public_html/cron/run.php(11): PDOStatement->execute(Array)
#1 {main}

[2026-09-20T10:42:01-03:00] [ERR-20260920-8F7187] SQLSTATE[22003]: Numeric value out of range: 1264 Out of range value for column 'duration_ms' at row 1 in /home/appnannerbr/public_html/cron/run.php:11 | request=CLI - | user=- | tenant=-
#0 /home/appnannerbr/public_html/cron/run.php(11): PDOStatement->execute(Array)
#1 {main}

[2026-09-20T10:52:01-03:00] [ERR-20260920-170499] SQLSTATE[22003]: Numeric value out of range: 1264 Out of range value for column 'duration_ms' at row 1 in /home/appnannerbr/public_html/cron/run.php:11 | request=CLI - | user=- | tenant=-
#0 /home/appnannerbr/public_html/cron/run.php(11): PDOStatement->execute(Array)
#1 {main}

[2026-09-20T11:02:02-03:00] [ERR-20260920-960763] SQLSTATE[22003]: Numeric value out of range: 1264 Out of range value for column 'duration_ms' at row 1 in /home/appnannerbr/public_html/cron/run.php:11 | request=CLI - | user=- | tenant=-
#0 /home/appnannerbr/public_html/cron/run.php(11): PDOStatement->execute(Array)
#1 {main}

[2026-09-20T11:12:01-03:00] [ERR-20260920-86444A] SQLSTATE[22003]: Numeric value out of range: 1264 Out of range value for column 'duration_ms' at row 1 in /home/appnannerbr/public_html/cron/run.php:11 | request=CLI - | user=- | tenant=-
#0 /home/appnannerbr/public_html/cron/run.php(11): PDOStatement->execute(Array)
#1 {main}

[2026-09-20T11:22:01-03:00] [ERR-20260920-0AF4EF] SQLSTATE[22003]: Numeric value out of range: 1264 Out of range value for column 'duration_ms' at row 1 in /home/appnannerbr/public_html/cron/run.php:11 | request=CLI - | user=- | tenant=-
#0 /home/appnannerbr/public_html/cron/run.php(11): PDOStatement->execute(Array)
#1 {main}

[2026-09-20T11:32:01-03:00] [ERR-20260920-4140D5] SQLSTATE[22003]: Numeric value out of range: 1264 Out of range value for column 'duration_ms' at row 1 in /home/appnannerbr/public_html/cron/run.php:11 | request=CLI - | user=- | tenant=-
#0 /home/appnannerbr/public_html/cron/run.php(11): PDOStatement->execute(Array)
#1 {main}

[2026-09-20T11:42:01-03:00] [ERR-20260920-C9C54E] SQLSTATE[22003]: Numeric value out of range: 1264 Out of range value for column 'duration_ms' at row 1 in /home/appnannerbr/public_html/cron/run.php:11 | request=CLI - | user=- | tenant=-
#0 /home/appnannerbr/public_html/cron/run.php(11): PDOStatement->execute(Array)
#1 {main}

[2026-09-20T11:52:01-03:00] [ERR-20260920-49FD8C] SQLSTATE[22003]: Numeric value out of range: 1264 Out of range value for column 'duration_ms' at row 1 in /home/appnannerbr/public_html/cron/run.php:11 | request=CLI - | user=- | tenant=-
#0 /home/appnannerbr/public_html/cron/run.php(11): PDOStatement->execute(Array)
#1 {main}

[2026-09-20T12:02:01-03:00] [ERR-20260920-25D2A0] SQLSTATE[22003]: Numeric value out of range: 1264 Out of range value for column 'duration_ms' at row 1 in /home/appnannerbr/public_html/cron/run.php:11 | request=CLI - | user=- | tenant=-
#0 /home/appnannerbr/public_html/cron/run.php(11): PDOStatement->execute(Array)
#1 {main}

[2026-09-20T12:12:02-03:00] [ERR-20260920-3207D8] SQLSTATE[22003]: Numeric value out of range: 1264 Out of range value for column 'duration_ms' at row 1 in /home/appnannerbr/public_html/cron/run.php:11 | request=CLI - | user=- | tenant=-
#0 /home/appnannerbr/public_html/cron/run.php(11): PDOStatement->execute(Array)
#1 {main}

[2026-09-20T12:22:02-03:00] [ERR-20260920-79E063] SQLSTATE[22003]: Numeric value out of range: 1264 Out of range value for column 'duration_ms' at row 1 in /home/appnannerbr/public_html/cron/run.php:11 | request=CLI - | user=- | tenant=-
#0 /home/appnannerbr/public_html/cron/run.php(11): PDOStatement->execute(Array)
#1 {main}

[2026-09-20T12:32:01-03:00] [ERR-20260920-2B1368] SQLSTATE[22003]: Numeric value out of range: 1264 Out of range value for column 'duration_ms' at row 1 in /home/appnannerbr/public_html/cron/run.php:11 | request=CLI - | user=- | tenant=-
#0 /home/appnannerbr/public_html/cron/run.php(11): PDOStatement->execute(Array)
#1 {main}

[2026-09-20T12:42:01-03:00] [ERR-20260920-F0C97F] SQLSTATE[22003]: Numeric value out of range: 1264 Out of range value for column 'duration_ms' at row 1 in /home/appnannerbr/public_html/cron/run.php:11 | request=CLI - | user=- | tenant=-
#0 /home/appnannerbr/public_html/cron/run.php(11): PDOStatement->execute(Array)
#1 {main}

[2026-09-20T12:52:01-03:00] [ERR-20260920-4ADD4F] SQLSTATE[22003]: Numeric value out of range: 1264 Out of range value for column 'duration_ms' at row 1 in /home/appnannerbr/public_html/cron/run.php:11 | request=CLI - | user=- | tenant=-
#0 /home/appnannerbr/public_html/cron/run.php(11): PDOStatement->execute(Array)
#1 {main}

[2026-09-20T13:02:01-03:00] [ERR-20260920-6379BA] SQLSTATE[22003]: Numeric value out of range: 1264 Out of range value for column 'duration_ms' at row 1 in /home/appnannerbr/public_html/cron/run.php:11 | request=CLI - | user=- | tenant=-
#0 /home/appnannerbr/public_html/cron/run.php(11): PDOStatement->execute(Array)
#1 {main}

[2026-09-20T13:12:01-03:00] [ERR-20260920-566FE7] SQLSTATE[22003]: Numeric value out of range: 1264 Out of range value for column 'duration_ms' at row 1 in /home/appnannerbr/public_html/cron/run.php:11 | request=CLI - | user=- | tenant=-
#0 /home/appnannerbr/public_html/cron/run.php(11): PDOStatement->execute(Array)
#1 {main}

[2026-09-20T13:22:01-03:00] [ERR-20260920-B33741] SQLSTATE[22003]: Numeric value out of range: 1264 Out of range value for column 'duration_ms' at row 1 in /home/appnannerbr/public_html/cron/run.php:11 | request=CLI - | user=- | tenant=-
#0 /home/appnannerbr/public_html/cron/run.php(11): PDOStatement->execute(Array)
#1 {main}

[2026-09-20T13:32:01-03:00] [ERR-20260920-713CFE] SQLSTATE[22003]: Numeric value out of range: 1264 Out of range value for column 'duration_ms' at row 1 in /home/appnannerbr/public_html/cron/run.php:11 | request=CLI - | user=- | tenant=-
#0 /home/appnannerbr/public_html/cron/run.php(11): PDOStatement->execute(Array)
#1 {main}

[2026-09-20T13:42:01-03:00] [ERR-20260920-F63B1C] SQLSTATE[22003]: Numeric value out of range: 1264 Out of range value for column 'duration_ms' at row 1 in /home/appnannerbr/public_html/cron/run.php:11 | request=CLI - | user=- | tenant=-
#0 /home/appnannerbr/public_html/cron/run.php(11): PDOStatement->execute(Array)
#1 {main}

[2026-09-20T13:52:01-03:00] [ERR-20260920-B22C00] SQLSTATE[22003]: Numeric value out of range: 1264 Out of range value for column 'duration_ms' at row 1 in /home/appnannerbr/public_html/cron/run.php:11 | request=CLI - | user=- | tenant=-
#0 /home/appnannerbr/public_html/cron/run.php(11): PDOStatement->execute(Array)
#1 {main}

[2026-09-20T14:02:01-03:00] [ERR-20260920-EC09E1] SQLSTATE[22003]: Numeric value out of range: 1264 Out of range value for column 'duration_ms' at row 1 in /home/appnannerbr/public_html/cron/run.php:11 | request=CLI - | user=- | tenant=-
#0 /home/appnannerbr/public_html/cron/run.php(11): PDOStatement->execute(Array)
#1 {main}

[2026-09-20T14:12:01-03:00] [ERR-20260920-98D362] SQLSTATE[22003]: Numeric value out of range: 1264 Out of range value for column 'duration_ms' at row 1 in /home/appnannerbr/public_html/cron/run.php:11 | request=CLI - | user=- | tenant=-
#0 /home/appnannerbr/public_html/cron/run.php(11): PDOStatement->execute(Array)
#1 {main}

[2026-09-20T14:22:01-03:00] [ERR-20260920-A52A1E] SQLSTATE[22003]: Numeric value out of range: 1264 Out of range value for column 'duration_ms' at row 1 in /home/appnannerbr/public_html/cron/run.php:11 | request=CLI - | user=- | tenant=-
#0 /home/appnannerbr/public_html/cron/run.php(11): PDOStatement->execute(Array)
#1 {main}

[2026-09-20T14:32:01-03:00] [ERR-20260920-9F6E42] SQLSTATE[22003]: Numeric value out of range: 1264 Out of range value for column 'duration_ms' at row 1 in /home/appnannerbr/public_html/cron/run.php:11 | request=CLI - | user=- | tenant=-
#0 /home/appnannerbr/public_html/cron/run.php(11): PDOStatement->execute(Array)
#1 {main}

[2026-09-20T14:42:02-03:00] [ERR-20260920-BCCB8C] SQLSTATE[22003]: Numeric value out of range: 1264 Out of range value for column 'duration_ms' at row 1 in /home/appnannerbr/public_html/cron/run.php:11 | request=CLI - | user=- | tenant=-
#0 /home/appnannerbr/public_html/cron/run.php(11): PDOStatement->execute(Array)
#1 {main}

[2026-09-20T14:52:02-03:00] [ERR-20260920-2DE573] SQLSTATE[22003]: Numeric value out of range: 1264 Out of range value for column 'duration_ms' at row 1 in /home/appnannerbr/public_html/cron/run.php:11 | request=CLI - | user=- | tenant=-
#0 /home/appnannerbr/public_html/cron/run.php(11): PDOStatement->execute(Array)
#1 {main}

[2026-09-20T15:02:02-03:00] [ERR-20260920-77FF9A] SQLSTATE[22003]: Numeric value out of range: 1264 Out of range value for column 'duration_ms' at row 1 in /home/appnannerbr/public_html/cron/run.php:11 | request=CLI - | user=- | tenant=-
#0 /home/appnannerbr/public_html/cron/run.php(11): PDOStatement->execute(Array)
#1 {main}

[2026-09-20T15:12:01-03:00] [ERR-20260920-D9030D] SQLSTATE[22003]: Numeric value out of range: 1264 Out of range value for column 'duration_ms' at row 1 in /home/appnannerbr/public_html/cron/run.php:11 | request=CLI - | user=- | tenant=-
#0 /home/appnannerbr/public_html/cron/run.php(11): PDOStatement->execute(Array)
#1 {main}

[2026-09-20T15:22:02-03:00] [ERR-20260920-77DD8E] SQLSTATE[22003]: Numeric value out of range: 1264 Out of range value for column 'duration_ms' at row 1 in /home/appnannerbr/public_html/cron/run.php:11 | request=CLI - | user=- | tenant=-
#0 /home/appnannerbr/public_html/cron/run.php(11): PDOStatement->execute(Array)
#1 {main}

[2026-09-20T15:32:01-03:00] [ERR-20260920-D9529D] SQLSTATE[22003]: Numeric value out of range: 1264 Out of range value for column 'duration_ms' at row 1 in /home/appnannerbr/public_html/cron/run.php:11 | request=CLI - | user=- | tenant=-
#0 /home/appnannerbr/public_html/cron/run.php(11): PDOStatement->execute(Array)
#1 {main}

[2026-09-20T15:42:02-03:00] [ERR-20260920-08C284] SQLSTATE[22003]: Numeric value out of range: 1264 Out of range value for column 'duration_ms' at row 1 in /home/appnannerbr/public_html/cron/run.php:11 | request=CLI - | user=- | tenant=-
#0 /home/appnannerbr/public_html/cron/run.php(11): PDOStatement->execute(Array)
#1 {main}

[2026-09-20T15:52:02-03:00] [ERR-20260920-D0B586] SQLSTATE[22003]: Numeric value out of range: 1264 Out of range value for column 'duration_ms' at row 1 in /home/appnannerbr/public_html/cron/run.php:11 | request=CLI - | user=- | tenant=-
#0 /home/appnannerbr/public_html/cron/run.php(11): PDOStatement->execute(Array)
#1 {main}

[2026-09-20T16:02:01-03:00] [ERR-20260920-68DA52] SQLSTATE[22003]: Numeric value out of range: 1264 Out of range value for column 'duration_ms' at row 1 in /home/appnannerbr/public_html/cron/run.php:11 | request=CLI - | user=- | tenant=-
#0 /home/appnannerbr/public_html/cron/run.php(11): PDOStatement->execute(Array)
#1 {main}

[2026-09-20T16:12:02-03:00] [ERR-20260920-4A94EA] SQLSTATE[22003]: Numeric value out of range: 1264 Out of range value for column 'duration_ms' at row 1 in /home/appnannerbr/public_html/cron/run.php:11 | request=CLI - | user=- | tenant=-
#0 /home/appnannerbr/public_html/cron/run.php(11): PDOStatement->execute(Array)
#1 {main}

[2026-09-20T16:22:01-03:00] [ERR-20260920-391CF2] SQLSTATE[22003]: Numeric value out of range: 1264 Out of range value for column 'duration_ms' at row 1 in /home/appnannerbr/public_html/cron/run.php:11 | request=CLI - | user=- | tenant=-
#0 /home/appnannerbr/public_html/cron/run.php(11): PDOStatement->execute(Array)
#1 {main}

[2026-09-20T16:32:01-03:00] [ERR-20260920-C28B8E] SQLSTATE[22003]: Numeric value out of range: 1264 Out of range value for column 'duration_ms' at row 1 in /home/appnannerbr/public_html/cron/run.php:11 | request=CLI - | user=- | tenant=-
#0 /home/appnannerbr/public_html/cron/run.php(11): PDOStatement->execute(Array)
#1 {main}

[2026-09-20T16:42:01-03:00] [ERR-20260920-5277BC] SQLSTATE[22003]: Numeric value out of range: 1264 Out of range value for column 'duration_ms' at row 1 in /home/appnannerbr/public_html/cron/run.php:11 | request=CLI - | user=- | tenant=-
#0 /home/appnannerbr/public_html/cron/run.php(11): PDOStatement->execute(Array)
#1 {main}

[2026-09-20T16:52:01-03:00] [ERR-20260920-2C0C0A] SQLSTATE[22003]: Numeric value out of range: 1264 Out of range value for column 'duration_ms' at row 1 in /home/appnannerbr/public_html/cron/run.php:11 | request=CLI - | user=- | tenant=-
#0 /home/appnannerbr/public_html/cron/run.php(11): PDOStatement->execute(Array)
#1 {main}

[2026-09-20T17:02:01-03:00] [ERR-20260920-14911E] SQLSTATE[22003]: Numeric value out of range: 1264 Out of range value for column 'duration_ms' at row 1 in /home/appnannerbr/public_html/cron/run.php:11 | request=CLI - | user=- | tenant=-
#0 /home/appnannerbr/public_html/cron/run.php(11): PDOStatement->execute(Array)
#1 {main}

[2026-09-20T17:12:01-03:00] [ERR-20260920-CD4F2A] SQLSTATE[22003]: Numeric value out of range: 1264 Out of range value for column 'duration_ms' at row 1 in /home/appnannerbr/public_html/cron/run.php:11 | request=CLI - | user=- | tenant=-
#0 /home/appnannerbr/public_html/cron/run.php(11): PDOStatement->execute(Array)
#1 {main}

[2026-09-20T17:22:01-03:00] [ERR-20260920-3E271E] SQLSTATE[22003]: Numeric value out of range: 1264 Out of range value for column 'duration_ms' at row 1 in /home/appnannerbr/public_html/cron/run.php:11 | request=CLI - | user=- | tenant=-
#0 /home/appnannerbr/public_html/cron/run.php(11): PDOStatement->execute(Array)
#1 {main}

[2026-09-20T17:32:02-03:00] [ERR-20260920-2A7D56] SQLSTATE[22003]: Numeric value out of range: 1264 Out of range value for column 'duration_ms' at row 1 in /home/appnannerbr/public_html/cron/run.php:11 | request=CLI - | user=- | tenant=-
#0 /home/appnannerbr/public_html/cron/run.php(11): PDOStatement->execute(Array)
#1 {main}

[2026-09-20T17:42:01-03:00] [ERR-20260920-755D65] SQLSTATE[22003]: Numeric value out of range: 1264 Out of range value for column 'duration_ms' at row 1 in /home/appnannerbr/public_html/cron/run.php:11 | request=CLI - | user=- | tenant=-
#0 /home/appnannerbr/public_html/cron/run.php(11): PDOStatement->execute(Array)
#1 {main}

[2026-09-20T17:52:02-03:00] [ERR-20260920-D5DB1F] SQLSTATE[22003]: Numeric value out of range: 1264 Out of range value for column 'duration_ms' at row 1 in /home/appnannerbr/public_html/cron/run.php:11 | request=CLI - | user=- | tenant=-
#0 /home/appnannerbr/public_html/cron/run.php(11): PDOStatement->execute(Array)
#1 {main}

[2026-09-20T18:02:01-03:00] [ERR-20260920-0E92BD] SQLSTATE[22003]: Numeric value out of range: 1264 Out of range value for column 'duration_ms' at row 1 in /home/appnannerbr/public_html/cron/run.php:11 | request=CLI - | user=- | tenant=-
#0 /home/appnannerbr/public_html/cron/run.php(11): PDOStatement->execute(Array)
#1 {main}

[2026-09-20T18:12:01-03:00] [ERR-20260920-9A4F1B] SQLSTATE[22003]: Numeric value out of range: 1264 Out of range value for column 'duration_ms' at row 1 in /home/appnannerbr/public_html/cron/run.php:11 | request=CLI - | user=- | tenant=-
#0 /home/appnannerbr/public_html/cron/run.php(11): PDOStatement->execute(Array)
#1 {main}

[2026-09-20T18:22:02-03:00] [ERR-20260920-C280FF] SQLSTATE[22003]: Numeric value out of range: 1264 Out of range value for column 'duration_ms' at row 1 in /home/appnannerbr/public_html/cron/run.php:11 | request=CLI - | user=- | tenant=-
#0 /home/appnannerbr/public_html/cron/run.php(11): PDOStatement->execute(Array)
#1 {main}

[2026-09-20T18:32:02-03:00] [ERR-20260920-6791CB] SQLSTATE[22003]: Numeric value out of range: 1264 Out of range value for column 'duration_ms' at row 1 in /home/appnannerbr/public_html/cron/run.php:11 | request=CLI - | user=- | tenant=-
#0 /home/appnannerbr/public_html/cron/run.php(11): PDOStatement->execute(Array)
#1 {main}

[2026-09-20T18:42:01-03:00] [ERR-20260920-7BD7F8] SQLSTATE[22003]: Numeric value out of range: 1264 Out of range value for column 'duration_ms' at row 1 in /home/appnannerbr/public_html/cron/run.php:11 | request=CLI - | user=- | tenant=-
#0 /home/appnannerbr/public_html/cron/run.php(11): PDOStatement->execute(Array)
#1 {main}

[2026-09-20T18:52:01-03:00] [ERR-20260920-82B01A] SQLSTATE[22003]: Numeric value out of range: 1264 Out of range value for column 'duration_ms' at row 1 in /home/appnannerbr/public_html/cron/run.php:11 | request=CLI - | user=- | tenant=-
#0 /home/appnannerbr/public_html/cron/run.php(11): PDOStatement->execute(Array)
#1 {main}

[2026-09-20T19:02:02-03:00] [ERR-20260920-12AB2C] SQLSTATE[22003]: Numeric value out of range: 1264 Out of range value for column 'duration_ms' at row 1 in /home/appnannerbr/public_html/cron/run.php:11 | request=CLI - | user=- | tenant=-
#0 /home/appnannerbr/public_html/cron/run.php(11): PDOStatement->execute(Array)
#1 {main}

[2026-09-20T19:12:02-03:00] [ERR-20260920-774B1F] SQLSTATE[22003]: Numeric value out of range: 1264 Out of range value for column 'duration_ms' at row 1 in /home/appnannerbr/public_html/cron/run.php:11 | request=CLI - | user=- | tenant=-
#0 /home/appnannerbr/public_html/cron/run.php(11): PDOStatement->execute(Array)
#1 {main}

[2026-09-20T19:22:01-03:00] [ERR-20260920-A5EAD5] SQLSTATE[22003]: Numeric value out of range: 1264 Out of range value for column 'duration_ms' at row 1 in /home/appnannerbr/public_html/cron/run.php:11 | request=CLI - | user=- | tenant=-
#0 /home/appnannerbr/public_html/cron/run.php(11): PDOStatement->execute(Array)
#1 {main}

[2026-09-20T19:32:02-03:00] [ERR-20260920-F45FE5] SQLSTATE[22003]: Numeric value out of range: 1264 Out of range value for column 'duration_ms' at row 1 in /home/appnannerbr/public_html/cron/run.php:11 | request=CLI - | user=- | tenant=-
#0 /home/appnannerbr/public_html/cron/run.php(11): PDOStatement->execute(Array)
#1 {main}

[2026-09-20T19:42:01-03:00] [ERR-20260920-656801] SQLSTATE[22003]: Numeric value out of range: 1264 Out of range value for column 'duration_ms' at row 1 in /home/appnannerbr/public_html/cron/run.php:11 | request=CLI - | user=- | tenant=-
#0 /home/appnannerbr/public_html/cron/run.php(11): PDOStatement->execute(Array)
#1 {main}

[2026-09-20T19:52:01-03:00] [ERR-20260920-58A31B] SQLSTATE[22003]: Numeric value out of range: 1264 Out of range value for column 'duration_ms' at row 1 in /home/appnannerbr/public_html/cron/run.php:11 | request=CLI - | user=- | tenant=-
#0 /home/appnannerbr/public_html/cron/run.php(11): PDOStatement->execute(Array)
#1 {main}

[2026-09-21T08:02:01-03:00] [ERR-20260921-D8863C] SQLSTATE[22003]: Numeric value out of range: 1264 Out of range value for column 'duration_ms' at row 1 in /home/appnannerbr/public_html/cron/run.php:11 | request=CLI - | user=- | tenant=-
#0 /home/appnannerbr/public_html/cron/run.php(11): PDOStatement->execute(Array)
#1 {main}

[2026-09-21T08:12:01-03:00] [ERR-20260921-40AAE5] SQLSTATE[22003]: Numeric value out of range: 1264 Out of range value for column 'duration_ms' at row 1 in /home/appnannerbr/public_html/cron/run.php:11 | request=CLI - | user=- | tenant=-
#0 /home/appnannerbr/public_html/cron/run.php(11): PDOStatement->execute(Array)
#1 {main}

[2026-09-21T08:22:01-03:00] [ERR-20260921-8BFA4A] SQLSTATE[22003]: Numeric value out of range: 1264 Out of range value for column 'duration_ms' at row 1 in /home/appnannerbr/public_html/cron/run.php:11 | request=CLI - | user=- | tenant=-
#0 /home/appnannerbr/public_html/cron/run.php(11): PDOStatement->execute(Array)
#1 {main}

[2026-09-21T08:32:01-03:00] [ERR-20260921-B5D50E] SQLSTATE[22003]: Numeric value out of range: 1264 Out of range value for column 'duration_ms' at row 1 in /home/appnannerbr/public_html/cron/run.php:11 | request=CLI - | user=- | tenant=-
#0 /home/appnannerbr/public_html/cron/run.php(11): PDOStatement->execute(Array)
#1 {main}

[2026-09-21T08:42:01-03:00] [ERR-20260921-D97542] SQLSTATE[22003]: Numeric value out of range: 1264 Out of range value for column 'duration_ms' at row 1 in /home/appnannerbr/public_html/cron/run.php:11 | request=CLI - | user=- | tenant=-
#0 /home/appnannerbr/public_html/cron/run.php(11): PDOStatement->execute(Array)
#1 {main}

[2026-09-21T08:52:01-03:00] [ERR-20260921-D1538E] SQLSTATE[22003]: Numeric value out of range: 1264 Out of range value for column 'duration_ms' at row 1 in /home/appnannerbr/public_html/cron/run.php:11 | request=CLI - | user=- | tenant=-
#0 /home/appnannerbr/public_html/cron/run.php(11): PDOStatement->execute(Array)
#1 {main}

[2026-09-21T09:02:01-03:00] [ERR-20260921-8CB3B1] SQLSTATE[22003]: Numeric value out of range: 1264 Out of range value for column 'duration_ms' at row 1 in /home/appnannerbr/public_html/cron/run.php:11 | request=CLI - | user=- | tenant=-
#0 /home/appnannerbr/public_html/cron/run.php(11): PDOStatement->execute(Array)
#1 {main}

[2026-09-21T09:12:01-03:00] [ERR-20260921-DE2287] SQLSTATE[22003]: Numeric value out of range: 1264 Out of range value for column 'duration_ms' at row 1 in /home/appnannerbr/public_html/cron/run.php:11 | request=CLI - | user=- | tenant=-
#0 /home/appnannerbr/public_html/cron/run.php(11): PDOStatement->execute(Array)
#1 {main}

[2026-09-21T09:22:01-03:00] [ERR-20260921-F0E37C] SQLSTATE[22003]: Numeric value out of range: 1264 Out of range value for column 'duration_ms' at row 1 in /home/appnannerbr/public_html/cron/run.php:11 | request=CLI - | user=- | tenant=-
#0 /home/appnannerbr/public_html/cron/run.php(11): PDOStatement->execute(Array)
#1 {main}

[2026-09-21T09:32:02-03:00] [ERR-20260921-B22A67] SQLSTATE[22003]: Numeric value out of range: 1264 Out of range value for column 'duration_ms' at row 1 in /home/appnannerbr/public_html/cron/run.php:11 | request=CLI - | user=- | tenant=-
#0 /home/appnannerbr/public_html/cron/run.php(11): PDOStatement->execute(Array)
#1 {main}

[2026-09-21T09:42:01-03:00] [ERR-20260921-C9164D] SQLSTATE[22003]: Numeric value out of range: 1264 Out of range value for column 'duration_ms' at row 1 in /home/appnannerbr/public_html/cron/run.php:11 | request=CLI - | user=- | tenant=-
#0 /home/appnannerbr/public_html/cron/run.php(11): PDOStatement->execute(Array)
#1 {main}

[2026-09-21T09:52:01-03:00] [ERR-20260921-8709B3] SQLSTATE[22003]: Numeric value out of range: 1264 Out of range value for column 'duration_ms' at row 1 in /home/appnannerbr/public_html/cron/run.php:11 | request=CLI - | user=- | tenant=-
#0 /home/appnannerbr/public_html/cron/run.php(11): PDOStatement->execute(Array)
#1 {main}

[2026-09-21T10:02:01-03:00] [ERR-20260921-3B5D72] SQLSTATE[22003]: Numeric value out of range: 1264 Out of range value for column 'duration_ms' at row 1 in /home/appnannerbr/public_html/cron/run.php:11 | request=CLI - | user=- | tenant=-
#0 /home/appnannerbr/public_html/cron/run.php(11): PDOStatement->execute(Array)
#1 {main}

[2026-09-21T10:12:02-03:00] [ERR-20260921-FC23E8] SQLSTATE[22003]: Numeric value out of range: 1264 Out of range value for column 'duration_ms' at row 1 in /home/appnannerbr/public_html/cron/run.php:11 | request=CLI - | user=- | tenant=-
#0 /home/appnannerbr/public_html/cron/run.php(11): PDOStatement->execute(Array)
#1 {main}

[2026-09-21T10:22:01-03:00] [ERR-20260921-743D60] SQLSTATE[22003]: Numeric value out of range: 1264 Out of range value for column 'duration_ms' at row 1 in /home/appnannerbr/public_html/cron/run.php:11 | request=CLI - | user=- | tenant=-
#0 /home/appnannerbr/public_html/cron/run.php(11): PDOStatement->execute(Array)
#1 {main}

[2026-09-21T10:32:01-03:00] [ERR-20260921-888137] SQLSTATE[22003]: Numeric value out of range: 1264 Out of range value for column 'duration_ms' at row 1 in /home/appnannerbr/public_html/cron/run.php:11 | request=CLI - | user=- | tenant=-
#0 /home/appnannerbr/public_html/cron/run.php(11): PDOStatement->execute(Array)
#1 {main}

[2026-09-21T10:42:01-03:00] [ERR-20260921-97C21C] SQLSTATE[22003]: Numeric value out of range: 1264 Out of range value for column 'duration_ms' at row 1 in /home/appnannerbr/public_html/cron/run.php:11 | request=CLI - | user=- | tenant=-
#0 /home/appnannerbr/public_html/cron/run.php(11): PDOStatement->execute(Array)
#1 {main}

[2026-09-21T10:52:01-03:00] [ERR-20260921-0D6997] SQLSTATE[22003]: Numeric value out of range: 1264 Out of range value for column 'duration_ms' at row 1 in /home/appnannerbr/public_html/cron/run.php:11 | request=CLI - | user=- | tenant=-
#0 /home/appnannerbr/public_html/cron/run.php(11): PDOStatement->execute(Array)
#1 {main}

[2026-09-21T11:02:01-03:00] [ERR-20260921-09A39E] SQLSTATE[22003]: Numeric value out of range: 1264 Out of range value for column 'duration_ms' at row 1 in /home/appnannerbr/public_html/cron/run.php:11 | request=CLI - | user=- | tenant=-
#0 /home/appnannerbr/public_html/cron/run.php(11): PDOStatement->execute(Array)
#1 {main}

[2026-09-21T11:12:01-03:00] [ERR-20260921-AE3649] SQLSTATE[22003]: Numeric value out of range: 1264 Out of range value for column 'duration_ms' at row 1 in /home/appnannerbr/public_html/cron/run.php:11 | request=CLI - | user=- | tenant=-
#0 /home/appnannerbr/public_html/cron/run.php(11): PDOStatement->execute(Array)
#1 {main}

[2026-09-21T11:22:01-03:00] [ERR-20260921-23538E] SQLSTATE[22003]: Numeric value out of range: 1264 Out of range value for column 'duration_ms' at row 1 in /home/appnannerbr/public_html/cron/run.php:11 | request=CLI - | user=- | tenant=-
#0 /home/appnannerbr/public_html/cron/run.php(11): PDOStatement->execute(Array)
#1 {main}

[2026-09-21T11:32:01-03:00] [ERR-20260921-260E47] SQLSTATE[22003]: Numeric value out of range: 1264 Out of range value for column 'duration_ms' at row 1 in /home/appnannerbr/public_html/cron/run.php:11 | request=CLI - | user=- | tenant=-
#0 /home/appnannerbr/public_html/cron/run.php(11): PDOStatement->execute(Array)
#1 {main}

[2026-09-21T11:42:02-03:00] [ERR-20260921-03876A] SQLSTATE[22003]: Numeric value out of range: 1264 Out of range value for column 'duration_ms' at row 1 in /home/appnannerbr/public_html/cron/run.php:11 | request=CLI - | user=- | tenant=-
#0 /home/appnannerbr/public_html/cron/run.php(11): PDOStatement->execute(Array)
#1 {main}

[2026-09-21T11:52:02-03:00] [ERR-20260921-ADB75E] SQLSTATE[22003]: Numeric value out of range: 1264 Out of range value for column 'duration_ms' at row 1 in /home/appnannerbr/public_html/cron/run.php:11 | request=CLI - | user=- | tenant=-
#0 /home/appnannerbr/public_html/cron/run.php(11): PDOStatement->execute(Array)
#1 {main}

[2026-09-21T12:02:01-03:00] [ERR-20260921-BA6CDD] SQLSTATE[22003]: Numeric value out of range: 1264 Out of range value for column 'duration_ms' at row 1 in /home/appnannerbr/public_html/cron/run.php:11 | request=CLI - | user=- | tenant=-
#0 /home/appnannerbr/public_html/cron/run.php(11): PDOStatement->execute(Array)
#1 {main}

[2026-09-21T12:12:02-03:00] [ERR-20260921-8E6DEE] SQLSTATE[22003]: Numeric value out of range: 1264 Out of range value for column 'duration_ms' at row 1 in /home/appnannerbr/public_html/cron/run.php:11 | request=CLI - | user=- | tenant=-
#0 /home/appnannerbr/public_html/cron/run.php(11): PDOStatement->execute(Array)
#1 {main}

[2026-09-21T12:22:02-03:00] [ERR-20260921-D4EF1A] SQLSTATE[22003]: Numeric value out of range: 1264 Out of range value for column 'duration_ms' at row 1 in /home/appnannerbr/public_html/cron/run.php:11 | request=CLI - | user=- | tenant=-
#0 /home/appnannerbr/public_html/cron/run.php(11): PDOStatement->execute(Array)
#1 {main}

[2026-09-21T12:32:01-03:00] [ERR-20260921-3AB6A4] SQLSTATE[22003]: Numeric value out of range: 1264 Out of range value for column 'duration_ms' at row 1 in /home/appnannerbr/public_html/cron/run.php:11 | request=CLI - | user=- | tenant=-
#0 /home/appnannerbr/public_html/cron/run.php(11): PDOStatement->execute(Array)
#1 {main}

[2026-09-21T12:42:01-03:00] [ERR-20260921-0D7071] SQLSTATE[22003]: Numeric value out of range: 1264 Out of range value for column 'duration_ms' at row 1 in /home/appnannerbr/public_html/cron/run.php:11 | request=CLI - | user=- | tenant=-
#0 /home/appnannerbr/public_html/cron/run.php(11): PDOStatement->execute(Array)
#1 {main}

[2026-09-21T12:52:02-03:00] [ERR-20260921-D656A5] SQLSTATE[22003]: Numeric value out of range: 1264 Out of range value for column 'duration_ms' at row 1 in /home/appnannerbr/public_html/cron/run.php:11 | request=CLI - | user=- | tenant=-
#0 /home/appnannerbr/public_html/cron/run.php(11): PDOStatement->execute(Array)
#1 {main}

[2026-09-21T13:02:02-03:00] [ERR-20260921-C359EF] SQLSTATE[22003]: Numeric value out of range: 1264 Out of range value for column 'duration_ms' at row 1 in /home/appnannerbr/public_html/cron/run.php:11 | request=CLI - | user=- | tenant=-
#0 /home/appnannerbr/public_html/cron/run.php(11): PDOStatement->execute(Array)
#1 {main}

[2026-09-21T13:12:02-03:00] [ERR-20260921-C2D653] SQLSTATE[22003]: Numeric value out of range: 1264 Out of range value for column 'duration_ms' at row 1 in /home/appnannerbr/public_html/cron/run.php:11 | request=CLI - | user=- | tenant=-
#0 /home/appnannerbr/public_html/cron/run.php(11): PDOStatement->execute(Array)
#1 {main}

[2026-09-21T13:22:02-03:00] [ERR-20260921-1F09AD] SQLSTATE[22003]: Numeric value out of range: 1264 Out of range value for column 'duration_ms' at row 1 in /home/appnannerbr/public_html/cron/run.php:11 | request=CLI - | user=- | tenant=-
#0 /home/appnannerbr/public_html/cron/run.php(11): PDOStatement->execute(Array)
#1 {main}

[2026-09-21T13:32:01-03:00] [ERR-20260921-5A2B23] SQLSTATE[22003]: Numeric value out of range: 1264 Out of range value for column 'duration_ms' at row 1 in /home/appnannerbr/public_html/cron/run.php:11 | request=CLI - | user=- | tenant=-
#0 /home/appnannerbr/public_html/cron/run.php(11): PDOStatement->execute(Array)
#1 {main}

