table,column_count,insert_rows,fk_count,columns_and_types,foreign_keys
acquisition_events,20,546,0,"id: bigint(20) UNSIGNED NOT NULL | session_key: char(40) NOT NULL | event_id: char(36) NOT NULL | event_name: varchar(50) NOT NULL | tenant_id: bigint(20) UNSIGNED DEFAULT NULL | user_id: bigint(20) UNSIGNED DEFAULT NULL | segment: varchar(40) DEFAULT NULL | source: varchar(100) DEFAULT NULL | medium: varchar(100) DEFAULT NULL | campaign: varchar(120) DEFAULT NULL | content: varchar(120) DEFAULT NULL | term: varchar(120) DEFAULT NULL | event_url: varchar(500) DEFAULT NULL | referrer: varchar(500) DEFAULT NULL | client_ip_hash: char(64) DEFAULT NULL | user_agent_hash: char(64) DEFAULT NULL | marketing_consent: tinyint(1) NOT NULL DEFAULT 0 | value_amount: decimal(12,2) DEFAULT NULL | currency: char(3) NOT NULL DEFAULT 'BRL' | created_at: datetime NOT NULL DEFAULT current_timestamp()",
appointment_reminder_log,9,0,2,"id: bigint(20) UNSIGNED NOT NULL | tenant_id: bigint(20) UNSIGNED NOT NULL | appointment_id: bigint(20) UNSIGNED NOT NULL | reminder_key: varchar(30) NOT NULL | channel: enum('email','whatsapp') NOT NULL | status: enum('queued','sent','failed','skipped') NOT NULL DEFAULT 'queued' | error_message: varchar(500) DEFAULT NULL | created_at: datetime NOT NULL | sent_at: datetime DEFAULT NULL",appointment_id -> appointments.id | tenant_id -> tenants.id
appointment_reschedule_history,13,0,2,"id: bigint(20) UNSIGNED NOT NULL | tenant_id: bigint(20) UNSIGNED NOT NULL | appointment_id: bigint(20) UNSIGNED NOT NULL | old_professional_id: bigint(20) UNSIGNED DEFAULT NULL | new_professional_id: bigint(20) UNSIGNED DEFAULT NULL | old_starts_at: datetime NOT NULL | old_ends_at: datetime NOT NULL | new_starts_at: datetime NOT NULL | new_ends_at: datetime NOT NULL | reason: varchar(255) DEFAULT NULL | actor_type: enum('customer','user') NOT NULL | actor_user_id: bigint(20) UNSIGNED DEFAULT NULL | created_at: datetime NOT NULL",appointment_id -> appointments.id | tenant_id -> tenants.id
appointments,23,0,6,"id: bigint(20) UNSIGNED NOT NULL | tenant_id: bigint(20) UNSIGNED NOT NULL | customer_id: bigint(20) UNSIGNED NOT NULL | vehicle_id: bigint(20) UNSIGNED DEFAULT NULL | professional_id: bigint(20) UNSIGNED DEFAULT NULL | service_id: bigint(20) UNSIGNED NOT NULL | service_price_snapshot: decimal(10,2) DEFAULT NULL | starts_at: datetime NOT NULL | ends_at: datetime NOT NULL | status: enum('pending','confirmed','waiting','in_progress','completed','cancelled','no_show') NOT NULL DEFAULT 'pending' | source: enum('public','professional_link','internal','whatsapp','campaign','api') NOT NULL DEFAULT 'internal' | notes: text DEFAULT NULL | customer_manage_token_hash: char(64) DEFAULT NULL | customer_manage_token_encrypted: longtext DEFAULT NULL | customer_confirmed_at: datetime DEFAULT NULL | checked_in_at: datetime DEFAULT NULL | service_started_at: datetime DEFAULT NULL | service_completed_at: datetime DEFAULT NULL | reminder_24h_sent_at: datetime DEFAULT NULL | reminder_2h_sent_at: datetime DEFAULT NULL | created_by: bigint(20) UNSIGNED DEFAULT NULL | created_at: datetime NOT NULL | updated_at: datetime NOT NULL",vehicle_id -> customer_vehicles.id | created_by -> users.id | customer_id -> customers.id | professional_id -> professionals.id | service_id -> services.id | tenant_id -> tenants.id
audit_logs,11,274,0,id: bigint(20) UNSIGNED NOT NULL | tenant_id: bigint(20) UNSIGNED DEFAULT NULL | user_id: bigint(20) UNSIGNED DEFAULT NULL | action: varchar(120) NOT NULL | entity_type: varchar(120) DEFAULT NULL | entity_id: bigint(20) UNSIGNED DEFAULT NULL | ip_address: varchar(64) DEFAULT NULL | user_agent: varchar(500) DEFAULT NULL | before_json: longtext CHARACTER SET utf8mb4 COLLATE utf8mb4_bin DEFAULT NULL CHECK (json_valid(`before_json`)) | after_json: longtext CHARACTER SET utf8mb4 COLLATE utf8mb4_bin DEFAULT NULL CHECK (json_valid(`after_json`)) | created_at: datetime NOT NULL,
auto_bay_hours,7,0,2,id: bigint(20) UNSIGNED NOT NULL | tenant_id: bigint(20) UNSIGNED NOT NULL | bay_id: bigint(20) UNSIGNED NOT NULL | weekday: tinyint(3) UNSIGNED NOT NULL | start_time: time NOT NULL | end_time: time NOT NULL | active: tinyint(1) NOT NULL DEFAULT 1,bay_id -> auto_service_bays.id | tenant_id -> tenants.id
auto_bay_services,3,0,3,bay_id: bigint(20) UNSIGNED NOT NULL | service_id: bigint(20) UNSIGNED NOT NULL | tenant_id: bigint(20) UNSIGNED NOT NULL,bay_id -> auto_service_bays.id | service_id -> services.id | tenant_id -> tenants.id
auto_command_items,16,0,6,"id: bigint(20) UNSIGNED NOT NULL | command_id: bigint(20) UNSIGNED NOT NULL | tenant_id: bigint(20) UNSIGNED NOT NULL | item_type: enum('service','product','material','manual') NOT NULL | service_id: bigint(20) UNSIGNED DEFAULT NULL | product_id: bigint(20) UNSIGNED DEFAULT NULL | professional_id: bigint(20) UNSIGNED DEFAULT NULL | description: varchar(190) NOT NULL | quantity: decimal(10,3) NOT NULL DEFAULT 1.000 | unit_price: decimal(12,2) NOT NULL | discount_amount: decimal(12,2) NOT NULL DEFAULT 0.00 | total_amount: decimal(12,2) NOT NULL | cost_snapshot: decimal(12,2) DEFAULT NULL | approved_estimate_id: bigint(20) UNSIGNED DEFAULT NULL | is_primary_service: tinyint(1) NOT NULL DEFAULT 0 | created_at: datetime NOT NULL",command_id -> auto_commands.id | approved_estimate_id -> auto_estimates.id | product_id -> products.id | professional_id -> professionals.id | service_id -> services.id | tenant_id -> tenants.id
auto_command_payments,9,0,3,"id: bigint(20) UNSIGNED NOT NULL | command_id: bigint(20) UNSIGNED NOT NULL | tenant_id: bigint(20) UNSIGNED NOT NULL | payment_method: enum('pix','dinheiro','credito','debito','outro') NOT NULL | amount: decimal(12,2) NOT NULL | provider: varchar(50) DEFAULT NULL | provider_reference: varchar(190) DEFAULT NULL | received_by: bigint(20) UNSIGNED DEFAULT NULL | received_at: datetime NOT NULL",command_id -> auto_commands.id | tenant_id -> tenants.id | received_by -> users.id
auto_commands,16,0,7,"id: bigint(20) UNSIGNED NOT NULL | tenant_id: bigint(20) UNSIGNED NOT NULL | job_id: bigint(20) UNSIGNED NOT NULL | appointment_id: bigint(20) UNSIGNED NOT NULL | customer_id: bigint(20) UNSIGNED NOT NULL | vehicle_id: bigint(20) UNSIGNED NOT NULL | status: enum('open','closed','cancelled') NOT NULL DEFAULT 'open' | subtotal: decimal(12,2) NOT NULL DEFAULT 0.00 | discount_amount: decimal(12,2) NOT NULL DEFAULT 0.00 | surcharge_amount: decimal(12,2) NOT NULL DEFAULT 0.00 | total_amount: decimal(12,2) NOT NULL DEFAULT 0.00 | opened_by: bigint(20) UNSIGNED DEFAULT NULL | opened_at: datetime NOT NULL | closed_by: bigint(20) UNSIGNED DEFAULT NULL | closed_at: datetime DEFAULT NULL | updated_at: datetime NOT NULL",appointment_id -> appointments.id | closed_by -> users.id | customer_id -> customers.id | job_id -> auto_jobs.id | opened_by -> users.id | tenant_id -> tenants.id | vehicle_id -> customer_vehicles.id
auto_crm_events,12,0,3,"id: bigint(20) UNSIGNED NOT NULL | tenant_id: bigint(20) UNSIGNED NOT NULL | vehicle_id: bigint(20) UNSIGNED NOT NULL | customer_id: bigint(20) UNSIGNED NOT NULL | event_type: enum('return_due','warranty_due','inactive','manual') NOT NULL | due_at: date NOT NULL | status: enum('pending','notified','done','cancelled') NOT NULL DEFAULT 'pending' | channel: varchar(30) DEFAULT NULL | notified_at: datetime DEFAULT NULL | notes: varchar(500) DEFAULT NULL | created_at: datetime NOT NULL | updated_at: datetime NOT NULL",customer_id -> customers.id | tenant_id -> tenants.id | vehicle_id -> customer_vehicles.id
auto_delivery_terms,10,0,2,id: bigint(20) UNSIGNED NOT NULL | tenant_id: bigint(20) UNSIGNED NOT NULL | job_id: bigint(20) UNSIGNED NOT NULL | public_token_hash: char(64) NOT NULL | public_token_encrypted: text NOT NULL | terms_snapshot: text NOT NULL | accepted_name: varchar(150) DEFAULT NULL | accepted_ip: varchar(64) DEFAULT NULL | accepted_at: datetime DEFAULT NULL | created_at: datetime NOT NULL,job_id -> auto_jobs.id | tenant_id -> tenants.id
auto_estimate_items,10,0,4,"id: bigint(20) UNSIGNED NOT NULL | estimate_id: bigint(20) UNSIGNED NOT NULL | tenant_id: bigint(20) UNSIGNED NOT NULL | service_id: bigint(20) UNSIGNED DEFAULT NULL | product_id: bigint(20) UNSIGNED DEFAULT NULL | description: varchar(190) NOT NULL | quantity: decimal(10,3) NOT NULL DEFAULT 1.000 | unit_price: decimal(12,2) NOT NULL | total_amount: decimal(12,2) NOT NULL | created_at: datetime NOT NULL",estimate_id -> auto_estimates.id | product_id -> products.id | service_id -> services.id | tenant_id -> tenants.id
auto_estimates,16,0,3,"id: bigint(20) UNSIGNED NOT NULL | tenant_id: bigint(20) UNSIGNED NOT NULL | job_id: bigint(20) UNSIGNED NOT NULL | public_token_hash: char(64) NOT NULL | public_token_encrypted: text NOT NULL | status: enum('draft','sent','approved','rejected','expired','cancelled') NOT NULL DEFAULT 'draft' | subtotal: decimal(12,2) NOT NULL DEFAULT 0.00 | discount_amount: decimal(12,2) NOT NULL DEFAULT 0.00 | total_amount: decimal(12,2) NOT NULL DEFAULT 0.00 | expires_at: datetime DEFAULT NULL | sent_at: datetime DEFAULT NULL | responded_at: datetime DEFAULT NULL | customer_note: varchar(500) DEFAULT NULL | created_by: bigint(20) UNSIGNED DEFAULT NULL | created_at: datetime NOT NULL | updated_at: datetime NOT NULL",job_id -> auto_jobs.id | tenant_id -> tenants.id | created_by -> users.id
auto_job_inspection_items,10,0,3,"id: bigint(20) UNSIGNED NOT NULL | tenant_id: bigint(20) UNSIGNED NOT NULL | job_id: bigint(20) UNSIGNED NOT NULL | phase: enum('checkin','checkout') NOT NULL DEFAULT 'checkin' | area: varchar(80) NOT NULL | item_label: varchar(120) NOT NULL | condition_status: enum('ok','attention','damaged','not_checked') NOT NULL DEFAULT 'not_checked' | notes: varchar(500) DEFAULT NULL | created_by: bigint(20) UNSIGNED DEFAULT NULL | created_at: datetime NOT NULL",job_id -> auto_jobs.id | tenant_id -> tenants.id | created_by -> users.id
auto_job_material_usage,10,0,4,"id: bigint(20) UNSIGNED NOT NULL | tenant_id: bigint(20) UNSIGNED NOT NULL | job_id: bigint(20) UNSIGNED NOT NULL | product_id: bigint(20) UNSIGNED NOT NULL | quantity: decimal(10,3) NOT NULL | dilution: varchar(60) DEFAULT NULL | batch_lot: varchar(100) DEFAULT NULL | notes: varchar(500) DEFAULT NULL | created_by: bigint(20) UNSIGNED DEFAULT NULL | created_at: datetime NOT NULL",job_id -> auto_jobs.id | product_id -> products.id | tenant_id -> tenants.id | created_by -> users.id
auto_job_photos,8,0,3,"id: bigint(20) UNSIGNED NOT NULL | tenant_id: bigint(20) UNSIGNED NOT NULL | job_id: bigint(20) UNSIGNED NOT NULL | phase: enum('before','damage','process','after','delivery') NOT NULL | file_path: varchar(255) NOT NULL | caption: varchar(190) DEFAULT NULL | created_by: bigint(20) UNSIGNED DEFAULT NULL | created_at: datetime NOT NULL",job_id -> auto_jobs.id | tenant_id -> tenants.id | created_by -> users.id
auto_job_status_history,8,0,3,id: bigint(20) UNSIGNED NOT NULL | tenant_id: bigint(20) UNSIGNED NOT NULL | job_id: bigint(20) UNSIGNED NOT NULL | old_status: varchar(40) DEFAULT NULL | new_status: varchar(40) NOT NULL | user_id: bigint(20) UNSIGNED DEFAULT NULL | notes: varchar(500) DEFAULT NULL | created_at: datetime NOT NULL,job_id -> auto_jobs.id | tenant_id -> tenants.id | user_id -> users.id
auto_job_steps,11,0,4,"id: bigint(20) UNSIGNED NOT NULL | tenant_id: bigint(20) UNSIGNED NOT NULL | job_id: bigint(20) UNSIGNED NOT NULL | service_step_id: bigint(20) UNSIGNED DEFAULT NULL | name: varchar(120) NOT NULL | status: enum('pending','in_progress','completed','skipped') NOT NULL DEFAULT 'pending' | started_at: datetime DEFAULT NULL | completed_at: datetime DEFAULT NULL | professional_id: bigint(20) UNSIGNED DEFAULT NULL | notes: varchar(500) DEFAULT NULL | sort_order: smallint(5) UNSIGNED NOT NULL DEFAULT 0",job_id -> auto_jobs.id | professional_id -> professionals.id | service_step_id -> auto_service_steps.id | tenant_id -> tenants.id
auto_job_technical_details,7,0,3,job_id: bigint(20) UNSIGNED NOT NULL | tenant_id: bigint(20) UNSIGNED NOT NULL | return_days: smallint(5) UNSIGNED DEFAULT NULL | warranty_days: smallint(5) UNSIGNED DEFAULT NULL | quality_notes: text DEFAULT NULL | updated_by: bigint(20) UNSIGNED DEFAULT NULL | updated_at: datetime NOT NULL,job_id -> auto_jobs.id | tenant_id -> tenants.id | updated_by -> users.id
auto_jobs,19,0,5,"id: bigint(20) UNSIGNED NOT NULL | tenant_id: bigint(20) UNSIGNED NOT NULL | appointment_id: bigint(20) UNSIGNED NOT NULL | vehicle_id: bigint(20) UNSIGNED NOT NULL | bay_id: bigint(20) UNSIGNED DEFAULT NULL | assigned_professional_id: bigint(20) UNSIGNED DEFAULT NULL | status: enum('scheduled','received','queue','preparation','in_service','drying','curing','ready','delivered','cancelled') NOT NULL DEFAULT 'scheduled' | odometer_in: int(10) UNSIGNED DEFAULT NULL | fuel_level: enum('empty','quarter','half','three_quarters','full','unknown') NOT NULL DEFAULT 'unknown' | keys_received: tinyint(3) UNSIGNED NOT NULL DEFAULT 0 | expected_ready_at: datetime DEFAULT NULL | received_at: datetime DEFAULT NULL | started_at: datetime DEFAULT NULL | ready_at: datetime DEFAULT NULL | delivered_at: datetime DEFAULT NULL | internal_notes: text DEFAULT NULL | public_notes: varchar(500) DEFAULT NULL | created_at: datetime NOT NULL | updated_at: datetime NOT NULL",appointment_id -> appointments.id | bay_id -> auto_service_bays.id | assigned_professional_id -> professionals.id | tenant_id -> tenants.id | vehicle_id -> customer_vehicles.id
auto_membership_vehicle_links,4,0,3,membership_id: bigint(20) UNSIGNED NOT NULL | tenant_id: bigint(20) UNSIGNED NOT NULL | vehicle_id: bigint(20) UNSIGNED NOT NULL | created_at: datetime NOT NULL,membership_id -> customer_memberships.id | tenant_id -> tenants.id | vehicle_id -> customer_vehicles.id
auto_service_bays,11,0,1,"id: bigint(20) UNSIGNED NOT NULL | tenant_id: bigint(20) UNSIGNED NOT NULL | name: varchar(120) NOT NULL | bay_type: enum('box','vaga','elevador','lavagem','detailing','secagem','outro') NOT NULL DEFAULT 'box' | capacity: tinyint(3) UNSIGNED NOT NULL DEFAULT 1 | buffer_minutes: smallint(5) UNSIGNED NOT NULL DEFAULT 0 | notes: varchar(500) DEFAULT NULL | active: tinyint(1) NOT NULL DEFAULT 1 | sort_order: smallint(5) UNSIGNED NOT NULL DEFAULT 0 | created_at: datetime NOT NULL | updated_at: datetime NOT NULL",tenant_id -> tenants.id
auto_service_materials,4,0,3,"tenant_id: bigint(20) UNSIGNED NOT NULL | service_id: bigint(20) UNSIGNED NOT NULL | product_id: bigint(20) UNSIGNED NOT NULL | quantity: decimal(10,3) NOT NULL",product_id -> products.id | service_id -> services.id | tenant_id -> tenants.id
auto_service_steps,8,0,2,"id: bigint(20) UNSIGNED NOT NULL | tenant_id: bigint(20) UNSIGNED NOT NULL | service_id: bigint(20) UNSIGNED NOT NULL | name: varchar(120) NOT NULL | step_type: enum('preparation','service','drying','curing','quality','delivery','other') NOT NULL DEFAULT 'service' | expected_minutes: smallint(5) UNSIGNED DEFAULT NULL | sort_order: smallint(5) UNSIGNED NOT NULL DEFAULT 0 | active: tinyint(1) NOT NULL DEFAULT 1",service_id -> services.id | tenant_id -> tenants.id
auto_settings,10,0,1,tenant_id: bigint(20) UNSIGNED NOT NULL | public_enabled: tinyint(1) NOT NULL DEFAULT 1 | slot_interval_minutes: smallint(5) UNSIGNED NOT NULL DEFAULT 30 | default_buffer_minutes: smallint(5) UNSIGNED NOT NULL DEFAULT 10 | require_checkin_photos: tinyint(1) NOT NULL DEFAULT 0 | require_delivery_acceptance: tinyint(1) NOT NULL DEFAULT 0 | crm_default_return_days: smallint(5) UNSIGNED NOT NULL DEFAULT 30 | terms_text: text DEFAULT NULL | created_at: datetime NOT NULL | updated_at: datetime NOT NULL,tenant_id -> tenants.id
auto_vehicle_maintenance,10,0,3,id: bigint(20) UNSIGNED NOT NULL | tenant_id: bigint(20) UNSIGNED NOT NULL | vehicle_id: bigint(20) UNSIGNED NOT NULL | source_job_id: bigint(20) UNSIGNED DEFAULT NULL | title: varchar(150) NOT NULL | performed_at: date NOT NULL | next_due_at: date DEFAULT NULL | warranty_until: date DEFAULT NULL | notes: varchar(500) DEFAULT NULL | created_at: datetime NOT NULL,source_job_id -> auto_jobs.id | tenant_id -> tenants.id | vehicle_id -> customer_vehicles.id
auto_vehicle_package_links,4,0,3,customer_package_id: bigint(20) UNSIGNED NOT NULL | tenant_id: bigint(20) UNSIGNED NOT NULL | vehicle_id: bigint(20) UNSIGNED NOT NULL | created_at: datetime NOT NULL,customer_package_id -> customer_packages.id | tenant_id -> tenants.id | vehicle_id -> customer_vehicles.id
auto_vehicle_profiles,12,0,2,"vehicle_id: bigint(20) UNSIGNED NOT NULL | tenant_id: bigint(20) UNSIGNED NOT NULL | vehicle_type: varchar(50) DEFAULT NULL | fuel_type: varchar(40) DEFAULT NULL | vin: varchar(40) DEFAULT NULL | current_odometer: int(10) UNSIGNED DEFAULT NULL | size_class: enum('compact','medium','large','pickup','motorcycle','other') DEFAULT NULL | preferred_notes: varchar(500) DEFAULT NULL | last_service_at: datetime DEFAULT NULL | next_recommended_at: date DEFAULT NULL | warranty_until: date DEFAULT NULL | updated_at: datetime NOT NULL",tenant_id -> tenants.id | vehicle_id -> customer_vehicles.id
backup_verifications,10,3,2,"id: bigint(20) UNSIGNED NOT NULL | backup_id: bigint(20) UNSIGNED NOT NULL | verification_type: enum('integrity','restore') NOT NULL DEFAULT 'integrity' | status: enum('passed','failed') NOT NULL | checksum_sha256: char(64) DEFAULT NULL | details: varchar(500) DEFAULT NULL | restored_database: varchar(190) DEFAULT NULL | verified_by: bigint(20) UNSIGNED NOT NULL | verified_at: datetime NOT NULL | completed_at: datetime DEFAULT NULL",backup_id -> backups.id | verified_by -> users.id
backups,14,44,0,"id: bigint(20) UNSIGNED NOT NULL | type: enum('database','files','full') NOT NULL | scope: enum('database','database_uploads') NOT NULL DEFAULT 'database' | status: enum('running','completed','failed','expired') NOT NULL | destination: varchar(190) NOT NULL | size_bytes: bigint(20) UNSIGNED DEFAULT NULL | checksum_sha256: char(64) DEFAULT NULL | encrypted: tinyint(1) NOT NULL DEFAULT 0 | encryption_method: varchar(60) DEFAULT NULL | path: varchar(500) DEFAULT NULL | started_at: datetime NOT NULL | completed_at: datetime DEFAULT NULL | expires_at: datetime DEFAULT NULL | error_message: varchar(500) DEFAULT NULL",
barber_command_items,17,0,5,"id: bigint(20) UNSIGNED NOT NULL | command_id: bigint(20) UNSIGNED NOT NULL | tenant_id: bigint(20) UNSIGNED NOT NULL | item_type: enum('service','product','manual') NOT NULL | service_id: bigint(20) UNSIGNED DEFAULT NULL | product_id: bigint(20) UNSIGNED DEFAULT NULL | professional_id: bigint(20) UNSIGNED DEFAULT NULL | description: varchar(190) NOT NULL | quantity: decimal(12,3) NOT NULL DEFAULT 1.000 | unit_price: decimal(12,2) NOT NULL | discount_amount: decimal(12,2) NOT NULL DEFAULT 0.00 | total_amount: decimal(12,2) NOT NULL | cost_snapshot: decimal(12,2) NOT NULL DEFAULT 0.00 | commission_amount_snapshot: decimal(12,2) DEFAULT NULL | is_primary_service: tinyint(1) NOT NULL DEFAULT 0 | covered_by_package: tinyint(1) NOT NULL DEFAULT 0 | created_at: datetime NOT NULL",command_id -> barber_commands.id | product_id -> products.id | professional_id -> professionals.id | service_id -> services.id | tenant_id -> tenants.id
barber_command_payments,7,0,3,"id: bigint(20) UNSIGNED NOT NULL | command_id: bigint(20) UNSIGNED NOT NULL | tenant_id: bigint(20) UNSIGNED NOT NULL | method: varchar(40) NOT NULL | amount: decimal(12,2) NOT NULL | user_id: bigint(20) UNSIGNED NOT NULL | received_at: datetime NOT NULL",command_id -> barber_commands.id | tenant_id -> tenants.id | user_id -> users.id
barber_commands,18,0,7,"id: bigint(20) UNSIGNED NOT NULL | tenant_id: bigint(20) UNSIGNED NOT NULL | appointment_id: bigint(20) UNSIGNED DEFAULT NULL | customer_id: bigint(20) UNSIGNED DEFAULT NULL | professional_id: bigint(20) UNSIGNED DEFAULT NULL | status: enum('open','closed','cancelled') NOT NULL DEFAULT 'open' | subtotal: decimal(12,2) NOT NULL DEFAULT 0.00 | discount_amount: decimal(12,2) NOT NULL DEFAULT 0.00 | surcharge_amount: decimal(12,2) NOT NULL DEFAULT 0.00 | tip_amount: decimal(12,2) NOT NULL DEFAULT 0.00 | tip_professional_id: bigint(20) UNSIGNED DEFAULT NULL | total_amount: decimal(12,2) NOT NULL DEFAULT 0.00 | notes: varchar(500) DEFAULT NULL | opened_by: bigint(20) UNSIGNED NOT NULL | opened_at: datetime NOT NULL | closed_by: bigint(20) UNSIGNED DEFAULT NULL | closed_at: datetime DEFAULT NULL | updated_at: datetime NOT NULL",appointment_id -> appointments.id | closed_by -> users.id | customer_id -> customers.id | opened_by -> users.id | professional_id -> professionals.id | tenant_id -> tenants.id | tip_professional_id -> professionals.id
barber_queue_entries,17,0,6,"id: bigint(20) UNSIGNED NOT NULL | tenant_id: bigint(20) UNSIGNED NOT NULL | customer_id: bigint(20) UNSIGNED DEFAULT NULL | customer_name: varchar(150) NOT NULL | customer_phone: varchar(32) DEFAULT NULL | service_id: bigint(20) UNSIGNED NOT NULL | preferred_professional_id: bigint(20) UNSIGNED DEFAULT NULL | assigned_professional_id: bigint(20) UNSIGNED DEFAULT NULL | appointment_id: bigint(20) UNSIGNED DEFAULT NULL | status: enum('waiting','called','in_service','completed','cancelled','no_show') NOT NULL DEFAULT 'waiting' | priority: smallint(6) NOT NULL DEFAULT 0 | notes: varchar(255) DEFAULT NULL | joined_at: datetime NOT NULL | called_at: datetime DEFAULT NULL | started_at: datetime DEFAULT NULL | completed_at: datetime DEFAULT NULL | updated_at: datetime NOT NULL",appointment_id -> appointments.id | assigned_professional_id -> professionals.id | customer_id -> customers.id | preferred_professional_id -> professionals.id | service_id -> services.id | tenant_id -> tenants.id
behavior_events,7,0,2,"id: bigint(20) UNSIGNED NOT NULL | tenant_id: bigint(20) UNSIGNED NOT NULL | customer_id: bigint(20) UNSIGNED NOT NULL | event_type: varchar(60) NOT NULL | score: decimal(8,2) DEFAULT NULL | payload_json: longtext CHARACTER SET utf8mb4 COLLATE utf8mb4_bin DEFAULT NULL CHECK (json_valid(`payload_json`)) | created_at: datetime NOT NULL",customer_id -> customers.id | tenant_id -> tenants.id
behavior_profiles,12,0,2,"id: bigint(20) UNSIGNED NOT NULL | tenant_id: bigint(20) UNSIGNED NOT NULL | customer_id: bigint(20) UNSIGNED NOT NULL | avg_interval_days: decimal(8,2) DEFAULT NULL | median_interval_days: decimal(8,2) DEFAULT NULL | std_deviation_days: decimal(8,2) DEFAULT NULL | last_visit_at: datetime DEFAULT NULL | next_expected_date: date DEFAULT NULL | confidence_score: tinyint(3) UNSIGNED NOT NULL DEFAULT 0 | visits_count: int(10) UNSIGNED NOT NULL DEFAULT 0 | intervals_json: longtext CHARACTER SET utf8mb4 COLLATE utf8mb4_bin DEFAULT NULL CHECK (json_valid(`intervals_json`)) | updated_at: datetime NOT NULL",customer_id -> customers.id | tenant_id -> tenants.id
behavior_service_profiles,13,0,3,"id: bigint(20) UNSIGNED NOT NULL | tenant_id: bigint(20) UNSIGNED NOT NULL | customer_id: bigint(20) UNSIGNED NOT NULL | service_id: bigint(20) UNSIGNED NOT NULL | avg_interval_days: decimal(8,2) DEFAULT NULL | median_interval_days: decimal(8,2) DEFAULT NULL | std_deviation_days: decimal(8,2) DEFAULT NULL | last_visit_at: datetime DEFAULT NULL | next_expected_date: date DEFAULT NULL | confidence_score: tinyint(3) UNSIGNED NOT NULL DEFAULT 0 | visits_count: int(10) UNSIGNED NOT NULL DEFAULT 0 | intervals_json: longtext CHARACTER SET utf8mb4 COLLATE utf8mb4_bin DEFAULT NULL CHECK (json_valid(`intervals_json`)) | updated_at: datetime NOT NULL",customer_id -> customers.id | service_id -> services.id | tenant_id -> tenants.id
billing_support_requests,14,0,5,"id: bigint(20) UNSIGNED NOT NULL | tenant_id: bigint(20) UNSIGNED NOT NULL | user_id: bigint(20) UNSIGNED NOT NULL | ticket_id: bigint(20) UNSIGNED NOT NULL | request_type: enum('account_deletion','invoice') NOT NULL | status: enum('pending','approved','completed','rejected','cancelled') NOT NULL DEFAULT 'pending' | reference_period: varchar(20) DEFAULT NULL | deadline_at: datetime DEFAULT NULL | attachment_message_id: bigint(20) UNSIGNED DEFAULT NULL | reviewed_by: bigint(20) UNSIGNED DEFAULT NULL | reviewed_at: datetime DEFAULT NULL | completed_at: datetime DEFAULT NULL | created_at: datetime NOT NULL | updated_at: datetime NOT NULL",attachment_message_id -> support_messages.id | reviewed_by -> users.id | tenant_id -> tenants.id | ticket_id -> support_tickets.id | user_id -> users.id
blog_posts,14,2,1,"id: bigint(20) UNSIGNED NOT NULL | title: varchar(180) NOT NULL | slug: varchar(190) NOT NULL | excerpt: varchar(320) NOT NULL | content: longtext NOT NULL | cover_path: varchar(255) DEFAULT NULL | status: enum('draft','published','archived') NOT NULL DEFAULT 'draft' | featured: tinyint(1) NOT NULL DEFAULT 0 | meta_title: varchar(180) DEFAULT NULL | meta_description: varchar(320) DEFAULT NULL | author_id: bigint(20) UNSIGNED NOT NULL | published_at: datetime DEFAULT NULL | created_at: datetime NOT NULL | updated_at: datetime NOT NULL",author_id -> users.id
campaign_recipients,7,0,2,"id: bigint(20) UNSIGNED NOT NULL | tenant_id: bigint(20) UNSIGNED NOT NULL | campaign_id: bigint(20) UNSIGNED NOT NULL | customer_id: bigint(20) UNSIGNED NOT NULL | status: enum('queued','sent','delivered','clicked','converted','failed','opted_out','skipped') NOT NULL DEFAULT 'queued' | sent_at: datetime DEFAULT NULL | converted_at: datetime DEFAULT NULL",campaign_id -> campaigns.id | customer_id -> customers.id
campaigns,10,0,2,"id: bigint(20) UNSIGNED NOT NULL | tenant_id: bigint(20) UNSIGNED NOT NULL | name: varchar(150) NOT NULL | type: enum('return','idle','inactive','birthday','promotion') NOT NULL | channel: enum('email','whatsapp') NOT NULL | status: enum('draft','queued','running','completed','cancelled') NOT NULL DEFAULT 'draft' | message: text NOT NULL | created_by: bigint(20) UNSIGNED DEFAULT NULL | created_at: datetime NOT NULL | updated_at: datetime NOT NULL",tenant_id -> tenants.id | created_by -> users.id
cash_sessions,13,0,1,"id: bigint(20) UNSIGNED NOT NULL | tenant_id: bigint(20) UNSIGNED NOT NULL | unit_id: bigint(20) UNSIGNED DEFAULT NULL | opened_by: bigint(20) UNSIGNED NOT NULL | opening_amount: decimal(12,2) NOT NULL DEFAULT 0.00 | opened_at: datetime NOT NULL | closed_by: bigint(20) UNSIGNED DEFAULT NULL | closing_amount: decimal(12,2) DEFAULT NULL | expected_amount: decimal(12,2) DEFAULT NULL | difference_amount: decimal(12,2) DEFAULT NULL | closed_at: datetime DEFAULT NULL | status: enum('open','closed') NOT NULL DEFAULT 'open' | notes: varchar(500) DEFAULT NULL",tenant_id -> tenants.id
checkout_sessions,16,0,2,"id: bigint(20) UNSIGNED NOT NULL | public_id: char(32) NOT NULL | tenant_id: bigint(20) UNSIGNED DEFAULT NULL | plan_id: bigint(20) UNSIGNED NOT NULL | billing_cycle: enum('monthly','quarterly','semiannual','annual') NOT NULL | subtotal: decimal(10,2) NOT NULL | discount: decimal(10,2) NOT NULL DEFAULT 0.00 | total: decimal(10,2) NOT NULL | base_total: decimal(10,2) DEFAULT NULL | addon_total: decimal(10,2) NOT NULL DEFAULT 0.00 | coupon_code: varchar(60) DEFAULT NULL | status: enum('started','awaiting_payment','paid','expired','abandoned','failed') NOT NULL DEFAULT 'started' | idempotency_key: char(64) NOT NULL | expires_at: datetime NOT NULL | created_at: datetime NOT NULL | updated_at: datetime NOT NULL",plan_id -> plans.id | tenant_id -> tenants.id
commercial_commissions,14,1,3,"id: bigint(20) UNSIGNED NOT NULL | commercial_user_id: bigint(20) UNSIGNED NOT NULL | tenant_id: bigint(20) UNSIGNED NOT NULL | payment_id: bigint(20) UNSIGNED DEFAULT NULL | base_amount: decimal(10,2) NOT NULL DEFAULT 0.00 | commission_percent: decimal(5,2) NOT NULL DEFAULT 0.00 | commission_amount: decimal(10,2) NOT NULL DEFAULT 0.00 | status: enum('projected','approved','reversed','paid') NOT NULL DEFAULT 'projected' | approved_at: datetime DEFAULT NULL | hold_until: datetime DEFAULT NULL | reversed_at: datetime DEFAULT NULL | paid_at: datetime DEFAULT NULL | created_at: datetime NOT NULL | updated_at: datetime NOT NULL",payment_id -> payments.id | tenant_id -> tenants.id | commercial_user_id -> users.id
commercial_lead_history,8,2,4,"id: bigint(20) UNSIGNED NOT NULL | lead_id: bigint(20) UNSIGNED NOT NULL | from_user_id: bigint(20) UNSIGNED DEFAULT NULL | to_user_id: bigint(20) UNSIGNED DEFAULT NULL | action: enum('created','claimed','transferred','status_changed') NOT NULL | notes: varchar(500) DEFAULT NULL | actor_user_id: bigint(20) UNSIGNED DEFAULT NULL | created_at: datetime NOT NULL",actor_user_id -> users.id | from_user_id -> users.id | lead_id -> commercial_leads.id | to_user_id -> users.id
commercial_leads,27,1,2,"id: bigint(20) UNSIGNED NOT NULL | name: varchar(160) NOT NULL | phone: varchar(30) NOT NULL | email: varchar(190) NOT NULL | business_type: varchar(100) NOT NULL | estimated_value: decimal(10,2) DEFAULT NULL | source: varchar(80) NOT NULL DEFAULT 'public_interest_form' | status: enum('new','in_service','contacted','qualified','converted','lost') NOT NULL DEFAULT 'new' | assigned_to: bigint(20) UNSIGNED DEFAULT NULL | assigned_at: datetime DEFAULT NULL | next_contact_at: datetime DEFAULT NULL | contact_deadline_at: datetime DEFAULT NULL | last_transferred_by: bigint(20) UNSIGNED DEFAULT NULL | last_transferred_at: datetime DEFAULT NULL | notes: text DEFAULT NULL | loss_reason: varchar(255) DEFAULT NULL | ip_hash: char(64) DEFAULT NULL | consent_granted: tinyint(1) NOT NULL DEFAULT 0 | consent_version: varchar(30) DEFAULT NULL | consent_purpose: varchar(255) DEFAULT NULL | consent_at: datetime DEFAULT NULL | consent_user_agent: varchar(500) DEFAULT NULL | retention_until: datetime DEFAULT NULL | anonymized_at: datetime DEFAULT NULL | do_not_contact: tinyint(1) NOT NULL DEFAULT 0 | created_at: datetime NOT NULL | updated_at: datetime NOT NULL",assigned_to -> users.id | last_transferred_by -> users.id
commercial_profiles,7,2,1,"user_id: bigint(20) UNSIGNED NOT NULL | commission_percent: decimal(5,2) NOT NULL DEFAULT 0.00 | max_discount_percent: decimal(5,2) NOT NULL DEFAULT 0.00 | active: tinyint(1) NOT NULL DEFAULT 1 | support_enabled: tinyint(1) NOT NULL DEFAULT 0 | created_at: datetime NOT NULL | updated_at: datetime NOT NULL",user_id -> users.id
commercial_proposals,23,2,5,"id: bigint(20) UNSIGNED NOT NULL | commercial_user_id: bigint(20) UNSIGNED NOT NULL | plan_id: bigint(20) UNSIGNED NOT NULL | base_plan_id: bigint(20) UNSIGNED DEFAULT NULL | title: varchar(160) NOT NULL | customer_name: varchar(160) DEFAULT NULL | customer_email: varchar(190) DEFAULT NULL | discount_percent: decimal(5,2) NOT NULL DEFAULT 0.00 | final_price: decimal(10,2) NOT NULL | notes: text DEFAULT NULL | modules_json: longtext CHARACTER SET utf8mb4 COLLATE utf8mb4_bin DEFAULT NULL CHECK (json_valid(`modules_json`)) | features_json: longtext CHARACTER SET utf8mb4 COLLATE utf8mb4_bin DEFAULT NULL CHECK (json_valid(`features_json`)) | public_token: char(32) NOT NULL | status: enum('draft','sent','viewed','converted','expired','cancelled') NOT NULL DEFAULT 'draft' | approval_status: enum('not_required','pending','approved','rejected') NOT NULL DEFAULT 'not_required' | approved_by: bigint(20) UNSIGNED DEFAULT NULL | approved_at: datetime DEFAULT NULL | accepted_at: datetime DEFAULT NULL | accepted_ip_hash: char(64) DEFAULT NULL | tenant_id: bigint(20) UNSIGNED DEFAULT NULL | expires_at: datetime DEFAULT NULL | created_at: datetime NOT NULL | updated_at: datetime NOT NULL",base_plan_id -> plans.id | plan_id -> plans.id | tenant_id -> tenants.id | commercial_user_id -> users.id | approved_by -> users.id
coupons,11,0,0,"id: bigint(20) UNSIGNED NOT NULL | code: varchar(60) NOT NULL | type: enum('percent','fixed') NOT NULL | value: decimal(10,2) NOT NULL | valid_from: datetime DEFAULT NULL | valid_until: datetime DEFAULT NULL | max_uses: int(10) UNSIGNED DEFAULT NULL | uses_count: int(10) UNSIGNED NOT NULL DEFAULT 0 | active: tinyint(1) NOT NULL DEFAULT 1 | created_at: datetime NOT NULL | updated_at: datetime NOT NULL",
cron_alert_log,7,0,0,"id: bigint(20) UNSIGNED NOT NULL | alert_key: varchar(190) NOT NULL | channel: varchar(20) NOT NULL | status: enum('sent','failed','skipped') NOT NULL | message: varchar(500) NOT NULL | error_message: varchar(500) DEFAULT NULL | created_at: datetime NOT NULL DEFAULT current_timestamp()",
cron_heartbeats,9,18014,0,"id: bigint(20) UNSIGNED NOT NULL | cron_key: varchar(80) NOT NULL | started_at: datetime NOT NULL | finished_at: datetime DEFAULT NULL | status: enum('running','ok','warning','failed') NOT NULL DEFAULT 'running' | duration_ms: int(10) UNSIGNED DEFAULT NULL | details: varchar(500) DEFAULT NULL | host_name: varchar(190) DEFAULT NULL | created_at: datetime NOT NULL DEFAULT current_timestamp()",
customer_consents,9,0,1,id: bigint(20) UNSIGNED NOT NULL | tenant_id: bigint(20) UNSIGNED NOT NULL | customer_id: bigint(20) UNSIGNED NOT NULL | type: varchar(60) NOT NULL | granted: tinyint(1) NOT NULL | version: varchar(30) NOT NULL | source: varchar(40) NOT NULL | ip_address: varchar(64) DEFAULT NULL | created_at: datetime NOT NULL,customer_id -> customers.id
customer_memberships,16,0,3,"id: bigint(20) UNSIGNED NOT NULL | tenant_id: bigint(20) UNSIGNED NOT NULL | customer_id: bigint(20) UNSIGNED NOT NULL | package_id: bigint(20) UNSIGNED NOT NULL | cycle: enum('monthly','quarterly') NOT NULL DEFAULT 'monthly' | recurring_amount: decimal(12,2) NOT NULL | billing_mode: enum('manual','provider') NOT NULL DEFAULT 'manual' | provider_status: varchar(40) DEFAULT NULL | provider_subscription_id: varchar(190) DEFAULT NULL | provider_checkout_url: varchar(1000) DEFAULT NULL | status: enum('active','paused','cancelled') NOT NULL DEFAULT 'active' | started_at: date NOT NULL | next_due_at: date NOT NULL | last_billed_at: date DEFAULT NULL | created_at: datetime NOT NULL | updated_at: datetime NOT NULL",customer_id -> customers.id | package_id -> service_packages.id | tenant_id -> tenants.id
customer_package_usage,6,0,3,id: bigint(20) UNSIGNED NOT NULL | customer_package_id: bigint(20) UNSIGNED NOT NULL | service_id: bigint(20) UNSIGNED NOT NULL | appointment_id: bigint(20) UNSIGNED DEFAULT NULL | quantity: int(10) UNSIGNED NOT NULL DEFAULT 1 | created_at: datetime NOT NULL,appointment_id -> appointments.id | customer_package_id -> customer_packages.id | service_id -> services.id
customer_packages,11,0,3,"id: bigint(20) UNSIGNED NOT NULL | tenant_id: bigint(20) UNSIGNED NOT NULL | customer_id: bigint(20) UNSIGNED NOT NULL | package_id: bigint(20) UNSIGNED NOT NULL | purchased_at: datetime NOT NULL | expires_at: datetime DEFAULT NULL | status: enum('active','used','expired','cancelled') NOT NULL DEFAULT 'active' | paid_amount: decimal(12,2) NOT NULL | membership_id: bigint(20) UNSIGNED DEFAULT NULL | financial_transaction_id: bigint(20) UNSIGNED DEFAULT NULL | created_at: datetime NOT NULL",customer_id -> customers.id | package_id -> service_packages.id | tenant_id -> tenants.id
customer_vehicles,12,0,2,id: bigint(20) UNSIGNED NOT NULL | tenant_id: bigint(20) UNSIGNED NOT NULL | customer_id: bigint(20) UNSIGNED NOT NULL | plate: varchar(12) DEFAULT NULL | make: varchar(80) DEFAULT NULL | model: varchar(100) NOT NULL | year: smallint(5) UNSIGNED DEFAULT NULL | color: varchar(60) DEFAULT NULL | notes: varchar(500) DEFAULT NULL | active: tinyint(1) NOT NULL DEFAULT 1 | created_at: datetime NOT NULL | updated_at: datetime NOT NULL,customer_id -> customers.id | tenant_id -> tenants.id
customers,10,0,1,"id: bigint(20) UNSIGNED NOT NULL | tenant_id: bigint(20) UNSIGNED NOT NULL | name: varchar(150) NOT NULL | phone: varchar(32) DEFAULT NULL | email: varchar(190) DEFAULT NULL | birth_date: date DEFAULT NULL | consent_marketing: tinyint(1) NOT NULL DEFAULT 0 | status: enum('active','inactive','blocked') NOT NULL DEFAULT 'active' | created_at: datetime NOT NULL | updated_at: datetime NOT NULL",tenant_id -> tenants.id
data_import_jobs,10,0,1,"id: bigint(20) UNSIGNED NOT NULL | tenant_id: bigint(20) UNSIGNED NOT NULL | user_id: bigint(20) UNSIGNED NOT NULL | source: varchar(40) NOT NULL DEFAULT 'appbarber' | original_name: varchar(255) NOT NULL | status: enum('processing','completed','failed') NOT NULL | summary_json: longtext CHARACTER SET utf8mb4 COLLATE utf8mb4_bin DEFAULT NULL CHECK (json_valid(`summary_json`)) | error_message: varchar(500) DEFAULT NULL | created_at: datetime NOT NULL | completed_at: datetime DEFAULT NULL",tenant_id -> tenants.id
email_verification_tokens,6,2,1,id: bigint(20) UNSIGNED NOT NULL | user_id: bigint(20) UNSIGNED NOT NULL | token_hash: char(64) NOT NULL | expires_at: datetime NOT NULL | used_at: datetime DEFAULT NULL | created_at: datetime NOT NULL,user_id -> users.id
financial_categories,6,0,1,"id: bigint(20) UNSIGNED NOT NULL | tenant_id: bigint(20) UNSIGNED NOT NULL | name: varchar(120) NOT NULL | type: enum('income','expense','both') NOT NULL DEFAULT 'both' | active: tinyint(1) NOT NULL DEFAULT 1 | created_at: datetime NOT NULL",tenant_id -> tenants.id
financial_transactions,17,0,2,"id: bigint(20) UNSIGNED NOT NULL | tenant_id: bigint(20) UNSIGNED NOT NULL | appointment_id: bigint(20) UNSIGNED DEFAULT NULL | category_id: bigint(20) UNSIGNED DEFAULT NULL | source_type: varchar(40) DEFAULT NULL | source_id: bigint(20) UNSIGNED DEFAULT NULL | type: enum('income','expense') NOT NULL | description: varchar(190) NOT NULL | amount: decimal(12,2) NOT NULL | payment_method: varchar(40) DEFAULT NULL | competence_at: date DEFAULT NULL | status: enum('pending','paid','cancelled') NOT NULL DEFAULT 'pending' | idempotency_key: varchar(100) DEFAULT NULL | due_at: date DEFAULT NULL | paid_at: datetime DEFAULT NULL | created_at: datetime NOT NULL | updated_at: datetime NOT NULL",appointment_id -> appointments.id | tenant_id -> tenants.id
homologation_runs,6,1,1,"id: bigint(20) UNSIGNED NOT NULL | status: enum('passed','warning','blocked') NOT NULL | score: decimal(5,2) NOT NULL | results_json: longtext CHARACTER SET utf8mb4 COLLATE utf8mb4_bin NOT NULL CHECK (json_valid(`results_json`)) | executed_by: bigint(20) UNSIGNED NOT NULL | created_at: datetime NOT NULL",executed_by -> users.id
invoices,12,0,3,"id: bigint(20) UNSIGNED NOT NULL | tenant_id: bigint(20) UNSIGNED NOT NULL | subscription_id: bigint(20) UNSIGNED NOT NULL | checkout_session_id: bigint(20) UNSIGNED DEFAULT NULL | number: varchar(60) NOT NULL | amount: decimal(10,2) NOT NULL | currency: char(3) NOT NULL DEFAULT 'BRL' | status: enum('pending','paid','overdue','cancelled','refunded') NOT NULL DEFAULT 'pending' | due_at: datetime NOT NULL | paid_at: datetime DEFAULT NULL | created_at: datetime NOT NULL | updated_at: datetime NOT NULL",checkout_session_id -> checkout_sessions.id | subscription_id -> subscriptions.id | tenant_id -> tenants.id
jobs,12,1292,1,"id: bigint(20) UNSIGNED NOT NULL | tenant_id: bigint(20) UNSIGNED DEFAULT NULL | type: varchar(100) NOT NULL | payload_encrypted: longtext NOT NULL | status: enum('queued','processing','completed','failed') NOT NULL DEFAULT 'queued' | attempts: tinyint(3) UNSIGNED NOT NULL DEFAULT 0 | available_at: datetime NOT NULL | locked_at: datetime DEFAULT NULL | failed_at: datetime DEFAULT NULL | last_error: varchar(500) DEFAULT NULL | created_at: datetime NOT NULL | updated_at: datetime NOT NULL",tenant_id -> tenants.id
jobs_failed_archive,11,1,0,"id: bigint(20) UNSIGNED NOT NULL | tenant_id: bigint(20) UNSIGNED DEFAULT NULL | type: varchar(100) NOT NULL | payload_encrypted: longtext NOT NULL | status: enum('queued','processing','completed','failed') NOT NULL DEFAULT 'queued' | attempts: tinyint(3) UNSIGNED NOT NULL DEFAULT 0 | available_at: datetime NOT NULL | locked_at: datetime DEFAULT NULL | failed_at: datetime DEFAULT NULL | created_at: datetime NOT NULL | updated_at: datetime NOT NULL",
lead_privacy_events,7,19,2,"id: bigint(20) UNSIGNED NOT NULL | lead_id: bigint(20) UNSIGNED NOT NULL | action: enum('created','viewed','exported','consent_updated','do_not_contact','anonymized','deleted') NOT NULL | actor_user_id: bigint(20) UNSIGNED DEFAULT NULL | ip_hash: char(64) DEFAULT NULL | metadata_json: longtext CHARACTER SET utf8mb4 COLLATE utf8mb4_bin DEFAULT NULL CHECK (json_valid(`metadata_json`)) | created_at: datetime NOT NULL",lead_id -> commercial_leads.id | actor_user_id -> users.id
legal_acceptances,7,6,3,id: bigint(20) UNSIGNED NOT NULL | document_id: bigint(20) UNSIGNED NOT NULL | tenant_id: bigint(20) UNSIGNED DEFAULT NULL | user_id: bigint(20) UNSIGNED NOT NULL | ip_address: varchar(64) DEFAULT NULL | user_agent: varchar(500) DEFAULT NULL | accepted_at: datetime NOT NULL,document_id -> legal_documents.id | tenant_id -> tenants.id | user_id -> users.id
legal_documents,10,2,1,"id: bigint(20) UNSIGNED NOT NULL | type: enum('terms','privacy') NOT NULL | version: varchar(30) NOT NULL | title: varchar(190) NOT NULL | content: longtext NOT NULL | status: enum('draft','published','archived') NOT NULL DEFAULT 'draft' | published_at: datetime DEFAULT NULL | created_by: bigint(20) UNSIGNED DEFAULT NULL | created_at: datetime NOT NULL | updated_at: datetime NOT NULL",created_by -> users.id
login_audit,11,83,0,id: bigint(20) UNSIGNED NOT NULL | tenant_id: bigint(20) UNSIGNED DEFAULT NULL | user_id: bigint(20) UNSIGNED DEFAULT NULL | email_attempted: varchar(190) NOT NULL | event_type: varchar(40) NOT NULL | result: varchar(20) NOT NULL | ip_address: varchar(64) DEFAULT NULL | user_agent: varchar(500) DEFAULT NULL | device_info: varchar(255) DEFAULT NULL | failure_reason_code: varchar(60) DEFAULT NULL | created_at: datetime NOT NULL,
login_history,7,85,1,id: bigint(20) UNSIGNED NOT NULL | user_id: bigint(20) UNSIGNED DEFAULT NULL | email: varchar(190) NOT NULL | successful: tinyint(1) NOT NULL | ip_address: varchar(64) DEFAULT NULL | user_agent: varchar(500) DEFAULT NULL | created_at: datetime NOT NULL,user_id -> users.id
loyalty_accounts,4,0,1,tenant_id: bigint(20) UNSIGNED NOT NULL | customer_id: bigint(20) UNSIGNED NOT NULL | points: int(11) NOT NULL DEFAULT 0 | updated_at: datetime NOT NULL,customer_id -> customers.id
loyalty_referrals,8,0,2,"id: bigint(20) UNSIGNED NOT NULL | tenant_id: bigint(20) UNSIGNED NOT NULL | referrer_customer_id: bigint(20) UNSIGNED NOT NULL | referred_customer_id: bigint(20) UNSIGNED NOT NULL | status: enum('pending','completed','cancelled') NOT NULL DEFAULT 'pending' | reward_points: int(10) UNSIGNED NOT NULL | completed_at: datetime DEFAULT NULL | created_at: datetime NOT NULL",referred_customer_id -> customers.id | referrer_customer_id -> customers.id
loyalty_rewards,9,0,1,"id: bigint(20) UNSIGNED NOT NULL | tenant_id: bigint(20) UNSIGNED NOT NULL | customer_id: bigint(20) UNSIGNED NOT NULL | points_spent: int(10) UNSIGNED NOT NULL | reward_value: decimal(10,2) NOT NULL | status: enum('available','redeemed','cancelled') NOT NULL DEFAULT 'available' | issued_at: datetime NOT NULL | redeemed_at: datetime DEFAULT NULL | redeemed_by: bigint(20) UNSIGNED DEFAULT NULL",customer_id -> customers.id
loyalty_transactions,10,0,1,"id: bigint(20) UNSIGNED NOT NULL | tenant_id: bigint(20) UNSIGNED NOT NULL | customer_id: bigint(20) UNSIGNED NOT NULL | type: enum('earn','redeem','adjust','reverse') NOT NULL | points: int(11) NOT NULL | source_type: varchar(40) DEFAULT NULL | source_id: bigint(20) UNSIGNED DEFAULT NULL | note: varchar(255) DEFAULT NULL | user_id: bigint(20) UNSIGNED DEFAULT NULL | created_at: datetime NOT NULL",customer_id -> customers.id
marketing_campaign_referrers,3,4,2,campaign_id: bigint(20) UNSIGNED NOT NULL | referrer_user_id: bigint(20) UNSIGNED NOT NULL | created_at: datetime NOT NULL,campaign_id -> marketing_campaigns.id | referrer_user_id -> users.id
marketing_campaigns,21,4,1,"id: bigint(20) UNSIGNED NOT NULL | subject: varchar(190) NOT NULL | body: longtext NOT NULL | image_path: varchar(500) DEFAULT NULL | image_url: varchar(700) DEFAULT NULL | image_alt: varchar(190) DEFAULT NULL | card_link_url: varchar(700) DEFAULT NULL | active: tinyint(1) NOT NULL DEFAULT 1 | updated_at: datetime DEFAULT NULL | deleted_at: datetime DEFAULT NULL | source_campaign_id: bigint(20) UNSIGNED DEFAULT NULL | resend_number: int(10) UNSIGNED NOT NULL DEFAULT 0 | resent_at: datetime DEFAULT NULL | status: enum('queued','sending','completed','cancelled') NOT NULL DEFAULT 'queued' | total_count: int(10) UNSIGNED NOT NULL DEFAULT 0 | sent_count: int(10) UNSIGNED NOT NULL DEFAULT 0 | failed_count: int(10) UNSIGNED NOT NULL DEFAULT 0 | created_by: bigint(20) UNSIGNED NOT NULL | created_at: datetime NOT NULL | queued_at: datetime DEFAULT NULL | completed_at: datetime DEFAULT NULL",created_by -> users.id
marketing_deliveries,8,1284,2,"id: bigint(20) UNSIGNED NOT NULL | campaign_id: bigint(20) UNSIGNED NOT NULL | lead_id: bigint(20) UNSIGNED NOT NULL | status: enum('queued','sent','failed','skipped') NOT NULL DEFAULT 'queued' | error_message: varchar(500) DEFAULT NULL | sent_at: datetime DEFAULT NULL | created_at: datetime NOT NULL | updated_at: datetime NOT NULL",campaign_id -> marketing_campaigns.id | lead_id -> marketing_leads.id
marketing_leads,10,1209,0,"id: bigint(20) UNSIGNED NOT NULL | name: varchar(160) NOT NULL | email: varchar(190) NOT NULL | status: enum('active','unsubscribed','bounced') NOT NULL DEFAULT 'active' | source: enum('manual','list','csv') NOT NULL DEFAULT 'manual' | unsubscribe_token: char(64) NOT NULL | consent_at: datetime DEFAULT NULL | unsubscribed_at: datetime DEFAULT NULL | created_at: datetime NOT NULL | updated_at: datetime NOT NULL",
marketing_referral_profiles,6,3,1,id: bigint(20) UNSIGNED NOT NULL | user_id: bigint(20) UNSIGNED NOT NULL | referral_code: varchar(32) NOT NULL | active: tinyint(1) NOT NULL DEFAULT 1 | created_at: datetime NOT NULL | updated_at: datetime NOT NULL,user_id -> users.id
marketing_referral_visits,10,35,4,id: bigint(20) UNSIGNED NOT NULL | referrer_user_id: bigint(20) UNSIGNED NOT NULL | campaign_id: bigint(20) UNSIGNED DEFAULT NULL | lead_id: bigint(20) UNSIGNED DEFAULT NULL | visit_token_hash: char(64) NOT NULL | ip_hash: char(64) DEFAULT NULL | user_agent: varchar(500) DEFAULT NULL | clicked_at: datetime NOT NULL | converted_tenant_id: bigint(20) UNSIGNED DEFAULT NULL | converted_at: datetime DEFAULT NULL,campaign_id -> marketing_campaigns.id | lead_id -> marketing_leads.id | converted_tenant_id -> tenants.id | referrer_user_id -> users.id
medical_record_entries,10,0,5,"id: bigint(20) UNSIGNED NOT NULL | tenant_id: bigint(20) UNSIGNED NOT NULL | customer_id: bigint(20) UNSIGNED NOT NULL | professional_id: bigint(20) UNSIGNED NOT NULL | appointment_id: bigint(20) UNSIGNED DEFAULT NULL | record_type: enum('evolution','anamnesis','procedure','observation','follow_up') NOT NULL DEFAULT 'evolution' | title: varchar(190) NOT NULL | content_encrypted: text NOT NULL | created_by: bigint(20) UNSIGNED NOT NULL | created_at: datetime NOT NULL",appointment_id -> appointments.id | customer_id -> customers.id | professional_id -> professionals.id | tenant_id -> tenants.id | created_by -> users.id
meta_conversion_log,10,0,0,"id: bigint(20) UNSIGNED NOT NULL | event_id: char(36) NOT NULL | event_name: varchar(50) NOT NULL | status: enum('queued','sent','failed','skipped') NOT NULL DEFAULT 'queued' | http_status: smallint(6) DEFAULT NULL | response_excerpt: varchar(500) DEFAULT NULL | attempts: tinyint(3) UNSIGNED NOT NULL DEFAULT 0 | sent_at: datetime DEFAULT NULL | created_at: datetime NOT NULL DEFAULT current_timestamp() | updated_at: datetime DEFAULT NULL",
migrations,4,49,0,id: bigint(20) UNSIGNED NOT NULL | migration: varchar(190) NOT NULL | batch: int(10) UNSIGNED NOT NULL | executed_at: datetime NOT NULL,
module_requests,14,0,4,"id: bigint(20) UNSIGNED NOT NULL | public_id: char(32) NOT NULL | tenant_id: bigint(20) UNSIGNED NOT NULL | module_id: bigint(20) UNSIGNED NOT NULL | requested_by: bigint(20) UNSIGNED NOT NULL | quoted_monthly_price: decimal(10,2) NOT NULL | status: enum('pending','approved','awaiting_payment','active','payment_failed','rejected','cancelled') NOT NULL DEFAULT 'pending' | tenant_note: varchar(500) DEFAULT NULL | master_note: varchar(500) DEFAULT NULL | reviewed_by: bigint(20) UNSIGNED DEFAULT NULL | reviewed_at: datetime DEFAULT NULL | provider_reference: varchar(190) DEFAULT NULL | created_at: datetime NOT NULL | updated_at: datetime NOT NULL",module_id -> modules.id | reviewed_by -> users.id | tenant_id -> tenants.id | requested_by -> users.id
modules,8,17,0,"id: bigint(20) UNSIGNED NOT NULL | slug: varchar(80) NOT NULL | name: varchar(120) NOT NULL | description: varchar(500) DEFAULT NULL | addon_monthly_price: decimal(10,2) DEFAULT NULL | addon_sellable: tinyint(1) NOT NULL DEFAULT 0 | sort_order: smallint(6) NOT NULL DEFAULT 0 | active: tinyint(1) NOT NULL DEFAULT 1",
notifications,15,0,2,"id: bigint(20) UNSIGNED NOT NULL | tenant_id: bigint(20) UNSIGNED NOT NULL | customer_id: bigint(20) UNSIGNED DEFAULT NULL | channel: enum('email','whatsapp','sms','push','internal') NOT NULL | template_key: varchar(100) DEFAULT NULL | destination: varchar(190) DEFAULT NULL | payload_json: longtext CHARACTER SET utf8mb4 COLLATE utf8mb4_bin DEFAULT NULL CHECK (json_valid(`payload_json`)) | status: enum('queued','sent','failed','cancelled','skipped') NOT NULL DEFAULT 'queued' | provider_reference: varchar(190) DEFAULT NULL | scheduled_at: datetime DEFAULT NULL | sent_at: datetime DEFAULT NULL | delivered_at: datetime DEFAULT NULL | clicked_at: datetime DEFAULT NULL | error_message: varchar(500) DEFAULT NULL | created_at: datetime NOT NULL",customer_id -> customers.id | tenant_id -> tenants.id
operational_incidents,17,3,2,"id: bigint(20) UNSIGNED NOT NULL | fingerprint: char(64) NOT NULL | category: enum('application','webhook','job','cron','email','whatsapp','payment','disk','database','backup','privacy') NOT NULL | severity: enum('info','warning','critical') NOT NULL | title: varchar(190) NOT NULL | details: text DEFAULT NULL | status: enum('open','acknowledged','resolved') NOT NULL DEFAULT 'open' | occurrence_count: int(10) UNSIGNED NOT NULL DEFAULT 1 | first_seen_at: datetime NOT NULL | last_seen_at: datetime NOT NULL | acknowledged_by: bigint(20) UNSIGNED DEFAULT NULL | acknowledged_at: datetime DEFAULT NULL | resolved_by: bigint(20) UNSIGNED DEFAULT NULL | resolved_at: datetime DEFAULT NULL | alert_sent_at: datetime DEFAULT NULL | created_at: datetime NOT NULL | updated_at: datetime NOT NULL",acknowledged_by -> users.id | resolved_by -> users.id
password_reset_tokens,6,3,1,id: bigint(20) UNSIGNED NOT NULL | user_id: bigint(20) UNSIGNED NOT NULL | token_hash: char(64) NOT NULL | expires_at: datetime NOT NULL | used_at: datetime DEFAULT NULL | created_at: datetime NOT NULL,user_id -> users.id
payment_gateways,10,2,0,"id: bigint(20) UNSIGNED NOT NULL | provider: varchar(40) NOT NULL | environment: enum('sandbox','production') NOT NULL DEFAULT 'sandbox' | public_key: varchar(255) DEFAULT NULL | access_token_encrypted: longtext DEFAULT NULL | webhook_secret_encrypted: longtext DEFAULT NULL | active: tinyint(1) NOT NULL DEFAULT 0 | last_tested_at: datetime DEFAULT NULL | last_test_status: varchar(30) DEFAULT NULL | updated_at: datetime NOT NULL",
payments,17,0,2,"id: bigint(20) UNSIGNED NOT NULL | tenant_id: bigint(20) UNSIGNED NOT NULL | subscription_id: bigint(20) UNSIGNED DEFAULT NULL | purpose: varchar(40) NOT NULL DEFAULT 'subscription' | reference_id: bigint(20) UNSIGNED DEFAULT NULL | provider: varchar(60) DEFAULT NULL | environment: varchar(20) NOT NULL DEFAULT 'unknown' | provider_reference: varchar(190) DEFAULT NULL | idempotency_key: varchar(100) DEFAULT NULL | amount: decimal(10,2) NOT NULL | status: enum('pending','paid','failed','refunded','cancelled') NOT NULL DEFAULT 'pending' | due_at: datetime DEFAULT NULL | paid_at: datetime DEFAULT NULL | created_at: datetime NOT NULL | updated_at: datetime NOT NULL | provider_status: varchar(80) DEFAULT NULL | provider_payment_id: varchar(190) DEFAULT NULL",subscription_id -> subscriptions.id | tenant_id -> tenants.id
permissions,3,104,0,id: bigint(20) UNSIGNED NOT NULL | slug: varchar(120) NOT NULL | name: varchar(150) NOT NULL,
pix_charges,17,0,4,"id: bigint(20) UNSIGNED NOT NULL | public_id: char(32) NOT NULL | tenant_id: bigint(20) UNSIGNED NOT NULL | subscription_id: bigint(20) UNSIGNED NOT NULL | checkout_session_id: bigint(20) UNSIGNED NOT NULL | payment_id: bigint(20) UNSIGNED NOT NULL | provider_order_id: varchar(190) NOT NULL | provider_payment_id: varchar(190) DEFAULT NULL | amount: decimal(10,2) NOT NULL | qr_code: mediumtext DEFAULT NULL | qr_code_base64: mediumtext DEFAULT NULL | ticket_url: varchar(1000) DEFAULT NULL | status: enum('pending','paid','expired','cancelled','failed') NOT NULL DEFAULT 'pending' | expires_at: datetime NOT NULL | paid_at: datetime DEFAULT NULL | created_at: datetime NOT NULL | updated_at: datetime NOT NULL",checkout_session_id -> checkout_sessions.id | payment_id -> payments.id | subscription_id -> subscriptions.id | tenant_id -> tenants.id
plan_modules,3,50,2,plan_id: bigint(20) UNSIGNED NOT NULL | module_id: bigint(20) UNSIGNED NOT NULL | enabled: tinyint(1) NOT NULL DEFAULT 1,module_id -> modules.id | plan_id -> plans.id
plans,19,7,1,"id: bigint(20) UNSIGNED NOT NULL | name: varchar(100) NOT NULL | description: varchar(500) DEFAULT NULL | slug: varchar(80) NOT NULL | monthly_price: decimal(10,2) NOT NULL DEFAULT 0.00 | quarterly_price: decimal(10,2) DEFAULT NULL | semiannual_price: decimal(10,2) DEFAULT NULL | annual_price: decimal(10,2) DEFAULT NULL | trial_days: smallint(5) UNSIGNED NOT NULL DEFAULT 14 | trial_without_card: tinyint(1) NOT NULL DEFAULT 1 | active: tinyint(1) NOT NULL DEFAULT 1 | public_visible: tinyint(1) NOT NULL DEFAULT 1 | is_custom: tinyint(1) NOT NULL DEFAULT 0 | created_by_user_id: bigint(20) UNSIGNED DEFAULT NULL | featured: tinyint(1) NOT NULL DEFAULT 0 | sort_order: smallint(6) NOT NULL DEFAULT 0 | features_json: longtext CHARACTER SET utf8mb4 COLLATE utf8mb4_bin DEFAULT NULL CHECK (json_valid(`features_json`)) | created_at: datetime NOT NULL | updated_at: datetime NOT NULL",created_by_user_id -> users.id
platform_automation_log,8,0,2,"id: bigint(20) UNSIGNED NOT NULL | tenant_id: bigint(20) UNSIGNED NOT NULL | customer_id: bigint(20) UNSIGNED NOT NULL | event_type: varchar(60) NOT NULL | channel: enum('email','whatsapp') NOT NULL | scheduled_for: date NOT NULL | status: enum('queued','sent','failed','skipped') NOT NULL DEFAULT 'queued' | created_at: datetime NOT NULL",customer_id -> customers.id | tenant_id -> tenants.id
platform_bank_accounts,22,0,1,"id: bigint(20) UNSIGNED NOT NULL | bank_name: varchar(120) NOT NULL | bank_code: varchar(10) NOT NULL | ispb: varchar(20) DEFAULT NULL | account_type: enum('checking','savings','payment','business') NOT NULL | agency_encrypted: longtext NOT NULL | agency_digit: varchar(3) DEFAULT NULL | account_encrypted: longtext NOT NULL | account_digit: varchar(3) DEFAULT NULL | holder_name: varchar(150) NOT NULL | holder_document_encrypted: longtext NOT NULL | person_type: enum('individual','company') NOT NULL | pix_key_encrypted: longtext DEFAULT NULL | pix_key_type: enum('cpf','cnpj','email','phone','random') DEFAULT NULL | currency: char(3) NOT NULL DEFAULT 'BRL' | notes_encrypted: longtext DEFAULT NULL | is_default: tinyint(1) NOT NULL DEFAULT 0 | status: enum('active','inactive') NOT NULL DEFAULT 'active' | created_by: bigint(20) UNSIGNED DEFAULT NULL | created_at: datetime NOT NULL | updated_at: datetime NOT NULL | deleted_at: datetime DEFAULT NULL",created_by -> users.id
platform_finance_categories,6,5,0,"id: bigint(20) UNSIGNED NOT NULL | name: varchar(120) NOT NULL | type: enum('income','expense','both') NOT NULL DEFAULT 'both' | active: tinyint(1) NOT NULL DEFAULT 1 | created_at: datetime NOT NULL | updated_at: datetime NOT NULL",
platform_financial_transactions,12,0,2,"id: bigint(20) UNSIGNED NOT NULL | category_id: bigint(20) UNSIGNED DEFAULT NULL | type: enum('income','expense') NOT NULL | description: varchar(190) NOT NULL | amount: decimal(12,2) NOT NULL | status: enum('pending','paid','cancelled') NOT NULL DEFAULT 'pending' | due_at: date DEFAULT NULL | paid_at: datetime DEFAULT NULL | notes: varchar(500) DEFAULT NULL | created_by: bigint(20) UNSIGNED DEFAULT NULL | created_at: datetime NOT NULL | updated_at: datetime NOT NULL",category_id -> platform_finance_categories.id | created_by -> users.id
platform_operation_settings,12,1,1,id: tinyint(3) UNSIGNED NOT NULL DEFAULT 1 | backup_retention_days: smallint(5) UNSIGNED NOT NULL DEFAULT 30 | backup_include_uploads: tinyint(1) NOT NULL DEFAULT 1 | backup_encrypt: tinyint(1) NOT NULL DEFAULT 1 | backup_before_update: tinyint(1) NOT NULL DEFAULT 1 | lead_retention_days: smallint(5) UNSIGNED NOT NULL DEFAULT 730 | critical_alert_email: varchar(190) DEFAULT NULL | critical_alerts_enabled: tinyint(1) NOT NULL DEFAULT 0 | cron_stale_minutes: smallint(5) UNSIGNED NOT NULL DEFAULT 15 | disk_min_free_mb: int(10) UNSIGNED NOT NULL DEFAULT 1024 | updated_by: bigint(20) UNSIGNED DEFAULT NULL | updated_at: datetime NOT NULL,updated_by -> users.id
product_events,6,1610,0,id: bigint(20) UNSIGNED NOT NULL | tenant_id: bigint(20) UNSIGNED DEFAULT NULL | user_id: bigint(20) UNSIGNED DEFAULT NULL | event_type: varchar(80) NOT NULL | metadata_json: longtext CHARACTER SET utf8mb4 COLLATE utf8mb4_bin DEFAULT NULL CHECK (json_valid(`metadata_json`)) | created_at: datetime NOT NULL,
product_stock_movements,10,0,2,"id: bigint(20) UNSIGNED NOT NULL | tenant_id: bigint(20) UNSIGNED NOT NULL | product_id: bigint(20) UNSIGNED NOT NULL | sale_id: bigint(20) UNSIGNED DEFAULT NULL | type: enum('sale','sale_reversal','adjustment','entry','command','command_reversal') NOT NULL | quantity: decimal(12,3) NOT NULL | balance_after: decimal(12,3) NOT NULL | user_id: bigint(20) UNSIGNED NOT NULL | reason: varchar(500) DEFAULT NULL | created_at: datetime NOT NULL",product_id -> products.id | sale_id -> sales.id
products,18,0,2,"id: bigint(20) UNSIGNED NOT NULL | tenant_id: bigint(20) UNSIGNED NOT NULL | unit_id: bigint(20) UNSIGNED DEFAULT NULL | name: varchar(150) NOT NULL | sku: varchar(80) DEFAULT NULL | code: varchar(80) DEFAULT NULL | category: varchar(100) DEFAULT NULL | description: text DEFAULT NULL | cost_price: decimal(10,2) NOT NULL DEFAULT 0.00 | sale_price: decimal(10,2) NOT NULL | stock: decimal(12,3) NOT NULL DEFAULT 0.000 | minimum_stock: decimal(12,3) NOT NULL DEFAULT 0.000 | unit: varchar(20) NOT NULL DEFAULT 'un' | commission_type: enum('none','percent','fixed') NOT NULL DEFAULT 'none' | commission_value: decimal(10,2) NOT NULL DEFAULT 0.00 | active: tinyint(1) NOT NULL DEFAULT 1 | created_at: datetime NOT NULL | updated_at: datetime NOT NULL",tenant_id -> tenants.id | unit_id -> units.id
professional_availability,9,0,2,id: bigint(20) UNSIGNED NOT NULL | tenant_id: bigint(20) UNSIGNED NOT NULL | professional_id: bigint(20) UNSIGNED NOT NULL | weekday: tinyint(3) UNSIGNED NOT NULL | start_time: time NOT NULL | end_time: time NOT NULL | active: tinyint(1) NOT NULL DEFAULT 1 | created_at: datetime NOT NULL | updated_at: datetime NOT NULL,professional_id -> professionals.id | tenant_id -> tenants.id
professional_breaks,10,0,2,id: bigint(20) UNSIGNED NOT NULL | tenant_id: bigint(20) UNSIGNED NOT NULL | professional_id: bigint(20) UNSIGNED NOT NULL | weekday: tinyint(3) UNSIGNED NOT NULL | start_time: time NOT NULL | end_time: time NOT NULL | label: varchar(100) DEFAULT NULL | active: tinyint(1) NOT NULL DEFAULT 1 | created_at: datetime NOT NULL | updated_at: datetime NOT NULL,professional_id -> professionals.id | tenant_id -> tenants.id
professional_commissions,13,0,2,"id: bigint(20) UNSIGNED NOT NULL | tenant_id: bigint(20) UNSIGNED NOT NULL | professional_id: bigint(20) UNSIGNED NOT NULL | source_type: enum('service','product','command_service','command_product','tip','auto_service','auto_product') NOT NULL | source_id: bigint(20) UNSIGNED NOT NULL | gross_amount: decimal(12,2) NOT NULL | rate_percent: decimal(5,2) DEFAULT NULL | commission_amount: decimal(12,2) NOT NULL | status: enum('pending','paid','reversed') NOT NULL DEFAULT 'pending' | paid_at: datetime DEFAULT NULL | paid_by: bigint(20) UNSIGNED DEFAULT NULL | created_at: datetime NOT NULL | updated_at: datetime NOT NULL",professional_id -> professionals.id | tenant_id -> tenants.id
professional_compensation_models,9,0,2,"professional_id: bigint(20) UNSIGNED NOT NULL | tenant_id: bigint(20) UNSIGNED NOT NULL | model: enum('commission','chair_rent','daily_rent','hybrid') NOT NULL DEFAULT 'commission' | monthly_rent: decimal(12,2) NOT NULL DEFAULT 0.00 | daily_rent: decimal(12,2) NOT NULL DEFAULT 0.00 | rent_due_day: tinyint(3) UNSIGNED NOT NULL DEFAULT 5 | service_commission_percent: decimal(5,2) DEFAULT NULL | notes: varchar(500) DEFAULT NULL | updated_at: datetime NOT NULL",professional_id -> professionals.id | tenant_id -> tenants.id
professional_goals,11,0,2,"id: bigint(20) UNSIGNED NOT NULL | tenant_id: bigint(20) UNSIGNED NOT NULL | professional_id: bigint(20) UNSIGNED NOT NULL | year: smallint(5) UNSIGNED NOT NULL | month: tinyint(3) UNSIGNED NOT NULL | revenue_target: decimal(12,2) NOT NULL DEFAULT 0.00 | services_target: int(10) UNSIGNED NOT NULL DEFAULT 0 | products_target: decimal(12,2) NOT NULL DEFAULT 0.00 | ticket_target: decimal(12,2) NOT NULL DEFAULT 0.00 | created_at: datetime NOT NULL | updated_at: datetime NOT NULL",professional_id -> professionals.id | tenant_id -> tenants.id
professional_service_commissions,9,0,3,"id: bigint(20) UNSIGNED NOT NULL | tenant_id: bigint(20) UNSIGNED NOT NULL | professional_id: bigint(20) UNSIGNED NOT NULL | service_id: bigint(20) UNSIGNED NOT NULL | commission_type: enum('percent','fixed') NOT NULL DEFAULT 'percent' | commission_value: decimal(10,2) NOT NULL DEFAULT 0.00 | active: tinyint(1) NOT NULL DEFAULT 1 | created_at: datetime NOT NULL | updated_at: datetime NOT NULL",professional_id -> professionals.id | service_id -> services.id | tenant_id -> tenants.id
professional_services,2,0,2,professional_id: bigint(20) UNSIGNED NOT NULL | service_id: bigint(20) UNSIGNED NOT NULL,professional_id -> professionals.id | service_id -> services.id
professional_time_off,11,0,3,"id: bigint(20) UNSIGNED NOT NULL | tenant_id: bigint(20) UNSIGNED NOT NULL | professional_id: bigint(20) UNSIGNED NOT NULL | type: enum('break','day_off','vacation','meeting','personal','other') NOT NULL DEFAULT 'other' | starts_at: datetime NOT NULL | ends_at: datetime NOT NULL | reason: varchar(255) DEFAULT NULL | status: enum('active','cancelled') NOT NULL DEFAULT 'active' | created_by: bigint(20) UNSIGNED NOT NULL | created_at: datetime NOT NULL | updated_at: datetime NOT NULL",professional_id -> professionals.id | tenant_id -> tenants.id | created_by -> users.id
professionals,14,0,3,"id: bigint(20) UNSIGNED NOT NULL | tenant_id: bigint(20) UNSIGNED NOT NULL | unit_id: bigint(20) UNSIGNED DEFAULT NULL | user_id: bigint(20) UNSIGNED DEFAULT NULL | name: varchar(150) NOT NULL | public_slug: varchar(120) DEFAULT NULL | email: varchar(190) DEFAULT NULL | phone: varchar(32) DEFAULT NULL | specialty: varchar(150) DEFAULT NULL | photo_path: varchar(255) DEFAULT NULL | commission_percent: decimal(5,2) DEFAULT NULL | active: tinyint(1) NOT NULL DEFAULT 1 | created_at: datetime NOT NULL | updated_at: datetime NOT NULL",tenant_id -> tenants.id | unit_id -> units.id | user_id -> users.id
proposal_acceptances,7,2,1,id: bigint(20) UNSIGNED NOT NULL | proposal_id: bigint(20) UNSIGNED NOT NULL | document_hash: char(64) NOT NULL | proposal_snapshot_json: longtext CHARACTER SET utf8mb4 COLLATE utf8mb4_bin NOT NULL CHECK (json_valid(`proposal_snapshot_json`)) | ip_hash: char(64) DEFAULT NULL | user_agent: varchar(500) DEFAULT NULL | accepted_at: datetime NOT NULL,proposal_id -> commercial_proposals.id
provider_events,9,0,0,"id: bigint(20) UNSIGNED NOT NULL | provider: varchar(40) NOT NULL | event_id: varchar(190) NOT NULL | event_type: varchar(100) DEFAULT NULL | payload_hash: char(64) NOT NULL | status: enum('received','processed','failed') NOT NULL DEFAULT 'received' | error_message: varchar(500) DEFAULT NULL | received_at: datetime NOT NULL | processed_at: datetime DEFAULT NULL",
public_content_translations,6,0,1,id: bigint(20) UNSIGNED NOT NULL | tenant_id: bigint(20) UNSIGNED NOT NULL | locale: varchar(10) NOT NULL | content_key: varchar(80) NOT NULL | content_value: text DEFAULT NULL | updated_at: datetime NOT NULL,tenant_id -> tenants.id
public_reviews,7,0,1,id: bigint(20) UNSIGNED NOT NULL | tenant_id: bigint(20) UNSIGNED NOT NULL | customer_name: varchar(120) NOT NULL | rating: tinyint(3) UNSIGNED NOT NULL | comment: varchar(500) NOT NULL | active: tinyint(1) NOT NULL DEFAULT 1 | created_at: datetime NOT NULL,tenant_id -> tenants.id
revenue_attributions,6,0,2,"id: bigint(20) UNSIGNED NOT NULL | tenant_id: bigint(20) UNSIGNED NOT NULL | campaign_recipient_id: bigint(20) UNSIGNED NOT NULL | appointment_id: bigint(20) UNSIGNED NOT NULL | amount: decimal(12,2) NOT NULL DEFAULT 0.00 | attributed_at: datetime NOT NULL",appointment_id -> appointments.id | campaign_recipient_id -> campaign_recipients.id
role_permissions,2,223,2,role_id: bigint(20) UNSIGNED NOT NULL | permission_id: bigint(20) UNSIGNED NOT NULL,permission_id -> permissions.id | role_id -> roles.id
roles,3,7,0,id: bigint(20) UNSIGNED NOT NULL | slug: varchar(60) NOT NULL | name: varchar(100) NOT NULL,
sale_items,9,0,2,"id: bigint(20) UNSIGNED NOT NULL | sale_id: bigint(20) UNSIGNED NOT NULL | product_id: bigint(20) UNSIGNED NOT NULL | quantity: decimal(12,3) NOT NULL | unit_price: decimal(10,2) NOT NULL | discount: decimal(10,2) NOT NULL DEFAULT 0.00 | total: decimal(10,2) NOT NULL | cost_snapshot: decimal(10,2) NOT NULL | commission_amount_snapshot: decimal(12,2) DEFAULT NULL",product_id -> products.id | sale_id -> sales.id
sales,15,0,4,"id: bigint(20) UNSIGNED NOT NULL | tenant_id: bigint(20) UNSIGNED NOT NULL | unit_id: bigint(20) UNSIGNED DEFAULT NULL | professional_id: bigint(20) UNSIGNED DEFAULT NULL | customer_id: bigint(20) UNSIGNED DEFAULT NULL | user_id: bigint(20) UNSIGNED NOT NULL | subtotal: decimal(10,2) NOT NULL | discount: decimal(10,2) NOT NULL DEFAULT 0.00 | total: decimal(10,2) NOT NULL | payment_method: varchar(40) NOT NULL | status: enum('completed','cancelled') NOT NULL DEFAULT 'completed' | cancel_reason: varchar(500) DEFAULT NULL | cancelled_by: bigint(20) UNSIGNED DEFAULT NULL | cancelled_at: datetime DEFAULT NULL | created_at: datetime NOT NULL",customer_id -> customers.id | professional_id -> professionals.id | tenant_id -> tenants.id | user_id -> users.id
security_events,9,0,0,"id: bigint(20) UNSIGNED NOT NULL | tenant_id: bigint(20) UNSIGNED DEFAULT NULL | user_id: bigint(20) UNSIGNED DEFAULT NULL | event_type: varchar(80) NOT NULL | severity: enum('low','medium','high','critical') NOT NULL | ip_address: varchar(64) DEFAULT NULL | user_agent: varchar(500) DEFAULT NULL | metadata_json: longtext CHARACTER SET utf8mb4 COLLATE utf8mb4_bin DEFAULT NULL CHECK (json_valid(`metadata_json`)) | created_at: datetime NOT NULL",
service_package_items,3,0,2,package_id: bigint(20) UNSIGNED NOT NULL | service_id: bigint(20) UNSIGNED NOT NULL | quantity: int(10) UNSIGNED NOT NULL,package_id -> service_packages.id | service_id -> services.id
service_packages,8,0,1,"id: bigint(20) UNSIGNED NOT NULL | tenant_id: bigint(20) UNSIGNED NOT NULL | name: varchar(150) NOT NULL | price: decimal(12,2) NOT NULL | validity_days: smallint(5) UNSIGNED DEFAULT NULL | active: tinyint(1) NOT NULL DEFAULT 1 | created_at: datetime NOT NULL | updated_at: datetime NOT NULL",tenant_id -> tenants.id
services,9,0,1,"id: bigint(20) UNSIGNED NOT NULL | tenant_id: bigint(20) UNSIGNED NOT NULL | name: varchar(150) NOT NULL | description: text DEFAULT NULL | duration_minutes: smallint(5) UNSIGNED NOT NULL | price: decimal(10,2) NOT NULL DEFAULT 0.00 | active: tinyint(1) NOT NULL DEFAULT 1 | created_at: datetime NOT NULL | updated_at: datetime NOT NULL",tenant_id -> tenants.id
settings,6,19,0,id: bigint(20) UNSIGNED NOT NULL | tenant_id: bigint(20) UNSIGNED DEFAULT NULL | setting_key: varchar(150) NOT NULL | setting_value: longtext DEFAULT NULL | is_secret: tinyint(1) NOT NULL DEFAULT 0 | updated_at: datetime NOT NULL,
sports_arena_settings,29,0,1,"tenant_id: bigint(20) UNSIGNED NOT NULL | payment_deadline_minutes: smallint(5) UNSIGNED NOT NULL DEFAULT 10 | waitlist_offer_minutes: smallint(5) UNSIGNED NOT NULL DEFAULT 10 | allow_waitlist: tinyint(1) NOT NULL DEFAULT 1 | waitlist_email_enabled: tinyint(1) NOT NULL DEFAULT 1 | waitlist_whatsapp_enabled: tinyint(1) NOT NULL DEFAULT 0 | allow_games: tinyint(1) NOT NULL DEFAULT 1 | reservation_reminder_enabled: tinyint(1) NOT NULL DEFAULT 1 | reservation_reminder_hours: smallint(5) UNSIGNED NOT NULL DEFAULT 24 | crm_return_enabled: tinyint(1) NOT NULL DEFAULT 0 | crm_return_days: smallint(5) UNSIGNED NOT NULL DEFAULT 30 | idle_slot_campaign_enabled: tinyint(1) NOT NULL DEFAULT 0 | idle_slot_hours_before: smallint(5) UNSIGNED NOT NULL DEFAULT 24 | dynamic_pricing_enabled: tinyint(1) NOT NULL DEFAULT 0 | dynamic_min_multiplier: decimal(6,3) NOT NULL DEFAULT 0.800 | dynamic_max_multiplier: decimal(6,3) NOT NULL DEFAULT 1.300 | dynamic_last_minute_hours: smallint(5) UNSIGNED NOT NULL DEFAULT 4 | dynamic_last_minute_discount_percent: decimal(6,2) NOT NULL DEFAULT 10.00 | dynamic_high_occupancy_threshold: decimal(6,2) NOT NULL DEFAULT 70.00 | dynamic_high_occupancy_surcharge_percent: decimal(6,2) NOT NULL DEFAULT 10.00 | dynamic_low_occupancy_threshold: decimal(6,2) NOT NULL DEFAULT 30.00 | dynamic_low_occupancy_discount_percent: decimal(6,2) NOT NULL DEFAULT 5.00 | dynamic_low_demand_window_hours: smallint(5) UNSIGNED NOT NULL DEFAULT 24 | dynamic_weekend_surcharge_percent: decimal(6,2) NOT NULL DEFAULT 0.00 | dynamic_rounding_step: decimal(8,2) NOT NULL DEFAULT 0.01 | amenities_json: longtext DEFAULT NULL | public_rules: text DEFAULT NULL | cancellation_policy: text DEFAULT NULL | updated_at: datetime NOT NULL",tenant_id -> tenants.id
sports_automation_logs,9,0,1,"id: bigint(20) UNSIGNED NOT NULL | tenant_id: bigint(20) UNSIGNED NOT NULL | automation_key: varchar(80) NOT NULL | entity_type: varchar(60) DEFAULT NULL | entity_id: bigint(20) UNSIGNED DEFAULT NULL | channel: varchar(20) DEFAULT NULL | status: enum('skipped','queued','sent','failed') NOT NULL | detail: varchar(500) DEFAULT NULL | created_at: datetime NOT NULL",tenant_id -> tenants.id
sports_class_attendance,8,0,3,"id: bigint(20) UNSIGNED NOT NULL | tenant_id: bigint(20) UNSIGNED NOT NULL | class_id: bigint(20) UNSIGNED NOT NULL | student_id: bigint(20) UNSIGNED NOT NULL | class_date: date NOT NULL | status: enum('present','absent','excused','replacement') NOT NULL | notes: varchar(300) DEFAULT NULL | created_at: datetime NOT NULL",class_id -> sports_classes.id | student_id -> sports_class_students.id | tenant_id -> tenants.id
sports_class_billing_log,8,0,3,"id: bigint(20) UNSIGNED NOT NULL | tenant_id: bigint(20) UNSIGNED NOT NULL | student_id: bigint(20) UNSIGNED NOT NULL | competence_month: char(7) NOT NULL | amount: decimal(12,2) NOT NULL | financial_transaction_id: bigint(20) UNSIGNED DEFAULT NULL | status: enum('generated','skipped','cancelled') NOT NULL DEFAULT 'generated' | created_at: datetime NOT NULL",financial_transaction_id -> financial_transactions.id | student_id -> sports_class_students.id | tenant_id -> tenants.id
sports_class_makeups,12,0,5,"id: bigint(20) UNSIGNED NOT NULL | tenant_id: bigint(20) UNSIGNED NOT NULL | student_id: bigint(20) UNSIGNED NOT NULL | original_class_id: bigint(20) UNSIGNED NOT NULL | original_date: date NOT NULL | replacement_class_id: bigint(20) UNSIGNED DEFAULT NULL | replacement_date: date DEFAULT NULL | status: enum('credit','scheduled','used','cancelled') NOT NULL DEFAULT 'credit' | notes: varchar(300) DEFAULT NULL | created_by: bigint(20) UNSIGNED DEFAULT NULL | created_at: datetime NOT NULL | updated_at: datetime NOT NULL",original_class_id -> sports_classes.id | replacement_class_id -> sports_classes.id | student_id -> sports_class_students.id | tenant_id -> tenants.id | created_by -> users.id
sports_class_students,12,0,3,"id: bigint(20) UNSIGNED NOT NULL | tenant_id: bigint(20) UNSIGNED NOT NULL | class_id: bigint(20) UNSIGNED NOT NULL | customer_id: bigint(20) UNSIGNED NOT NULL | responsible_name: varchar(160) DEFAULT NULL | responsible_phone: varchar(30) DEFAULT NULL | monthly_amount_override: decimal(12,2) DEFAULT NULL | billing_day: tinyint(3) UNSIGNED DEFAULT NULL | status: enum('active','paused','cancelled') NOT NULL DEFAULT 'active' | joined_at: date NOT NULL | created_at: datetime NOT NULL | updated_at: datetime NOT NULL",class_id -> sports_classes.id | customer_id -> customers.id | tenant_id -> tenants.id
sports_classes,15,0,3,"id: bigint(20) UNSIGNED NOT NULL | tenant_id: bigint(20) UNSIGNED NOT NULL | court_id: bigint(20) UNSIGNED NOT NULL | modality_id: bigint(20) UNSIGNED DEFAULT NULL | teacher_name: varchar(160) NOT NULL | name: varchar(160) NOT NULL | level: varchar(100) DEFAULT NULL | weekday: tinyint(3) UNSIGNED NOT NULL | start_time: time NOT NULL | duration_minutes: smallint(5) UNSIGNED NOT NULL DEFAULT 60 | capacity: smallint(5) UNSIGNED NOT NULL DEFAULT 1 | monthly_amount: decimal(12,2) NOT NULL DEFAULT 0.00 | status: enum('active','paused','cancelled') NOT NULL DEFAULT 'active' | created_at: datetime NOT NULL | updated_at: datetime NOT NULL",court_id -> sports_courts.id | modality_id -> sports_modalities.id | tenant_id -> tenants.id
sports_command_items,10,0,3,"id: bigint(20) UNSIGNED NOT NULL | command_id: bigint(20) UNSIGNED NOT NULL | tenant_id: bigint(20) UNSIGNED NOT NULL | product_id: bigint(20) UNSIGNED DEFAULT NULL | description: varchar(190) NOT NULL | quantity: decimal(12,3) NOT NULL | unit_price: decimal(12,2) NOT NULL | cost_snapshot: decimal(12,2) NOT NULL DEFAULT 0.00 | total: decimal(12,2) NOT NULL | created_at: datetime NOT NULL",command_id -> sports_commands.id | product_id -> products.id | tenant_id -> tenants.id
sports_command_stock_movements,8,0,3,"id: bigint(20) UNSIGNED NOT NULL | tenant_id: bigint(20) UNSIGNED NOT NULL | command_id: bigint(20) UNSIGNED NOT NULL | product_id: bigint(20) UNSIGNED NOT NULL | quantity: decimal(12,3) NOT NULL | balance_after: decimal(12,3) NOT NULL | movement_type: enum('command_close','command_reversal') NOT NULL | created_at: datetime NOT NULL",command_id -> sports_commands.id | product_id -> products.id | tenant_id -> tenants.id
sports_commands,18,0,5,"id: bigint(20) UNSIGNED NOT NULL | public_id: char(32) NOT NULL | tenant_id: bigint(20) UNSIGNED NOT NULL | reservation_id: bigint(20) UNSIGNED DEFAULT NULL | customer_id: bigint(20) UNSIGNED DEFAULT NULL | status: enum('open','closed','cancelled') NOT NULL DEFAULT 'open' | subtotal: decimal(12,2) NOT NULL DEFAULT 0.00 | discount: decimal(12,2) NOT NULL DEFAULT 0.00 | surcharge: decimal(12,2) NOT NULL DEFAULT 0.00 | total: decimal(12,2) NOT NULL DEFAULT 0.00 | payment_method: varchar(40) DEFAULT NULL | payment_status: enum('pending','paid','partial','cancelled') NOT NULL DEFAULT 'pending' | notes: varchar(500) DEFAULT NULL | opened_by: bigint(20) UNSIGNED DEFAULT NULL | closed_by: bigint(20) UNSIGNED DEFAULT NULL | opened_at: datetime NOT NULL | closed_at: datetime DEFAULT NULL | updated_at: datetime NOT NULL",closed_by -> users.id | customer_id -> customers.id | opened_by -> users.id | reservation_id -> sports_reservations.id | tenant_id -> tenants.id
sports_court_blocks,10,0,3,"id: bigint(20) UNSIGNED NOT NULL | tenant_id: bigint(20) UNSIGNED NOT NULL | court_id: bigint(20) UNSIGNED NOT NULL | starts_at: datetime NOT NULL | ends_at: datetime NOT NULL | reason: varchar(300) DEFAULT NULL | status: enum('active','cancelled') NOT NULL DEFAULT 'active' | created_by: bigint(20) UNSIGNED DEFAULT NULL | created_at: datetime NOT NULL | updated_at: datetime NOT NULL",court_id -> sports_courts.id | tenant_id -> tenants.id | created_by -> users.id
sports_court_hours,9,0,2,id: bigint(20) UNSIGNED NOT NULL | tenant_id: bigint(20) UNSIGNED NOT NULL | court_id: bigint(20) UNSIGNED NOT NULL | weekday: tinyint(3) UNSIGNED NOT NULL | start_time: time NOT NULL | end_time: time NOT NULL | active: tinyint(1) NOT NULL DEFAULT 1 | created_at: datetime NOT NULL | updated_at: datetime NOT NULL,court_id -> sports_courts.id | tenant_id -> tenants.id
sports_court_modalities,2,0,2,court_id: bigint(20) UNSIGNED NOT NULL | modality_id: bigint(20) UNSIGNED NOT NULL,court_id -> sports_courts.id | modality_id -> sports_modalities.id
sports_courts,18,0,2,id: bigint(20) UNSIGNED NOT NULL | tenant_id: bigint(20) UNSIGNED NOT NULL | unit_id: bigint(20) UNSIGNED DEFAULT NULL | name: varchar(150) NOT NULL | slug: varchar(170) NOT NULL | description: text DEFAULT NULL | photo_path: varchar(500) DEFAULT NULL | surface: varchar(100) DEFAULT NULL | indoor: tinyint(1) NOT NULL DEFAULT 0 | lighting: tinyint(1) NOT NULL DEFAULT 0 | capacity: smallint(5) UNSIGNED DEFAULT NULL | minimum_minutes: smallint(5) UNSIGNED NOT NULL DEFAULT 60 | maximum_minutes: smallint(5) UNSIGNED NOT NULL DEFAULT 180 | interval_minutes: smallint(5) UNSIGNED NOT NULL DEFAULT 0 | active: tinyint(1) NOT NULL DEFAULT 1 | sort_order: int(11) NOT NULL DEFAULT 0 | created_at: datetime NOT NULL | updated_at: datetime NOT NULL,tenant_id -> tenants.id | unit_id -> units.id
sports_customer_metrics,14,0,4,"tenant_id: bigint(20) UNSIGNED NOT NULL | customer_id: bigint(20) UNSIGNED NOT NULL | last_reservation_at: datetime DEFAULT NULL | reservation_count: int(10) UNSIGNED NOT NULL DEFAULT 0 | cancellation_count: int(10) UNSIGNED NOT NULL DEFAULT 0 | no_show_count: int(10) UNSIGNED NOT NULL DEFAULT 0 | total_spent: decimal(14,2) NOT NULL DEFAULT 0.00 | average_ticket: decimal(12,2) NOT NULL DEFAULT 0.00 | favorite_court_id: bigint(20) UNSIGNED DEFAULT NULL | favorite_modality_id: bigint(20) UNSIGNED DEFAULT NULL | is_membership: tinyint(1) NOT NULL DEFAULT 0 | game_count: int(10) UNSIGNED NOT NULL DEFAULT 0 | segment: enum('new','recurring','vip','inactive','churn_risk') NOT NULL DEFAULT 'new' | updated_at: datetime NOT NULL",customer_id -> customers.id | tenant_id -> tenants.id | favorite_court_id -> sports_courts.id | favorite_modality_id -> sports_modalities.id
sports_dynamic_pricing_audit,8,0,2,"id: bigint(20) UNSIGNED NOT NULL | tenant_id: bigint(20) UNSIGNED NOT NULL | reservation_id: bigint(20) UNSIGNED NOT NULL | base_total: decimal(12,2) NOT NULL | final_total: decimal(12,2) NOT NULL | multiplier: decimal(8,4) NOT NULL | details_json: longtext DEFAULT NULL | created_at: datetime NOT NULL",reservation_id -> sports_reservations.id | tenant_id -> tenants.id
sports_game_players,18,0,3,"id: bigint(20) UNSIGNED NOT NULL | game_id: bigint(20) UNSIGNED NOT NULL | tenant_id: bigint(20) UNSIGNED NOT NULL | customer_id: bigint(20) UNSIGNED DEFAULT NULL | name: varchar(160) NOT NULL | phone: varchar(30) NOT NULL | email: varchar(190) DEFAULT NULL | share_amount: decimal(12,2) NOT NULL DEFAULT 0.00 | amount_paid: decimal(12,2) NOT NULL DEFAULT 0.00 | participation_status: enum('invited','confirmed','cancelled') NOT NULL DEFAULT 'confirmed' | payment_status: enum('pending','paid','cancelled','refunded') NOT NULL DEFAULT 'pending' | manage_token_hash: char(64) NOT NULL | provider: varchar(40) DEFAULT NULL | provider_reference: varchar(190) DEFAULT NULL | confirmed_at: datetime DEFAULT NULL | paid_at: datetime DEFAULT NULL | created_at: datetime NOT NULL | updated_at: datetime NOT NULL",customer_id -> customers.id | game_id -> sports_games.id | tenant_id -> tenants.id
sports_games,18,0,5,"id: bigint(20) UNSIGNED NOT NULL | public_token: char(32) NOT NULL | tenant_id: bigint(20) UNSIGNED NOT NULL | reservation_id: bigint(20) UNSIGNED DEFAULT NULL | court_id: bigint(20) UNSIGNED NOT NULL | modality_id: bigint(20) UNSIGNED DEFAULT NULL | name: varchar(160) NOT NULL | starts_at: datetime NOT NULL | ends_at: datetime NOT NULL | total_amount: decimal(12,2) NOT NULL DEFAULT 0.00 | max_players: smallint(5) UNSIGNED NOT NULL | minimum_players: smallint(5) UNSIGNED NOT NULL DEFAULT 1 | split_payment: tinyint(1) NOT NULL DEFAULT 1 | status: enum('draft','open','confirmed','completed','cancelled') NOT NULL DEFAULT 'open' | rules: varchar(1000) DEFAULT NULL | created_by: bigint(20) UNSIGNED DEFAULT NULL | created_at: datetime NOT NULL | updated_at: datetime NOT NULL",court_id -> sports_courts.id | modality_id -> sports_modalities.id | reservation_id -> sports_reservations.id | tenant_id -> tenants.id | created_by -> users.id
sports_membership_conflicts,8,0,2,id: bigint(20) UNSIGNED NOT NULL | membership_id: bigint(20) UNSIGNED NOT NULL | tenant_id: bigint(20) UNSIGNED NOT NULL | occurrence_date: date NOT NULL | starts_at: datetime NOT NULL | reason: varchar(300) NOT NULL | resolved_at: datetime DEFAULT NULL | created_at: datetime NOT NULL,membership_id -> sports_memberships.id | tenant_id -> tenants.id
sports_membership_reservations,5,0,3,membership_id: bigint(20) UNSIGNED NOT NULL | reservation_id: bigint(20) UNSIGNED NOT NULL | tenant_id: bigint(20) UNSIGNED NOT NULL | occurrence_date: date NOT NULL | created_at: datetime NOT NULL,membership_id -> sports_memberships.id | reservation_id -> sports_reservations.id | tenant_id -> tenants.id
sports_memberships,21,0,5,"id: bigint(20) UNSIGNED NOT NULL | tenant_id: bigint(20) UNSIGNED NOT NULL | customer_id: bigint(20) UNSIGNED NOT NULL | court_id: bigint(20) UNSIGNED NOT NULL | modality_id: bigint(20) UNSIGNED DEFAULT NULL | name: varchar(160) NOT NULL | frequency: enum('weekly','biweekly','monthly') NOT NULL DEFAULT 'weekly' | weekday: tinyint(3) UNSIGNED DEFAULT NULL | day_of_month: tinyint(3) UNSIGNED DEFAULT NULL | start_time: time NOT NULL | duration_minutes: smallint(5) UNSIGNED NOT NULL DEFAULT 60 | monthly_amount: decimal(12,2) NOT NULL DEFAULT 0.00 | start_date: date NOT NULL | end_date: date DEFAULT NULL | next_generation_date: date DEFAULT NULL | generate_days_ahead: smallint(5) UNSIGNED NOT NULL DEFAULT 60 | status: enum('active','paused','cancelled') NOT NULL DEFAULT 'active' | notes: varchar(1000) DEFAULT NULL | created_by: bigint(20) UNSIGNED DEFAULT NULL | created_at: datetime NOT NULL | updated_at: datetime NOT NULL",court_id -> sports_courts.id | customer_id -> customers.id | modality_id -> sports_modalities.id | tenant_id -> tenants.id | created_by -> users.id
sports_modalities,8,0,1,id: bigint(20) UNSIGNED NOT NULL | tenant_id: bigint(20) UNSIGNED NOT NULL | name: varchar(120) NOT NULL | description: varchar(500) DEFAULT NULL | active: tinyint(1) NOT NULL DEFAULT 1 | sort_order: int(11) NOT NULL DEFAULT 0 | created_at: datetime NOT NULL | updated_at: datetime NOT NULL,tenant_id -> tenants.id
sports_price_rule_extensions,11,0,2,"price_rule_id: bigint(20) UNSIGNED NOT NULL | tenant_id: bigint(20) UNSIGNED NOT NULL | rule_type: enum('standard','holiday','special') NOT NULL DEFAULT 'standard' | specific_date: date DEFAULT NULL | valid_from: date DEFAULT NULL | valid_to: date DEFAULT NULL | minimum_duration_minutes: smallint(5) UNSIGNED DEFAULT NULL | maximum_duration_minutes: smallint(5) UNSIGNED DEFAULT NULL | label: varchar(160) DEFAULT NULL | created_at: datetime NOT NULL | updated_at: datetime NOT NULL",price_rule_id -> sports_price_rules.id | tenant_id -> tenants.id
sports_price_rules,12,0,3,"id: bigint(20) UNSIGNED NOT NULL | tenant_id: bigint(20) UNSIGNED NOT NULL | court_id: bigint(20) UNSIGNED NOT NULL | modality_id: bigint(20) UNSIGNED DEFAULT NULL | weekday: tinyint(3) UNSIGNED DEFAULT NULL | start_time: time DEFAULT NULL | end_time: time DEFAULT NULL | price_per_hour: decimal(10,2) NOT NULL | priority: smallint(6) NOT NULL DEFAULT 0 | active: tinyint(1) NOT NULL DEFAULT 1 | created_at: datetime NOT NULL | updated_at: datetime NOT NULL",court_id -> sports_courts.id | modality_id -> sports_modalities.id | tenant_id -> tenants.id
sports_reservation_finance,17,0,2,"reservation_id: bigint(20) UNSIGNED NOT NULL | tenant_id: bigint(20) UNSIGNED NOT NULL | payment_state: enum('not_required','pending','partial','paid','expired','cancelled','refunded','partially_refunded','failed') NOT NULL DEFAULT 'not_required' | gross_amount: decimal(12,2) NOT NULL DEFAULT 0.00 | deposit_due: decimal(12,2) NOT NULL DEFAULT 0.00 | amount_paid: decimal(12,2) NOT NULL DEFAULT 0.00 | amount_refunded: decimal(12,2) NOT NULL DEFAULT 0.00 | fee_amount: decimal(12,2) NOT NULL DEFAULT 0.00 | net_amount: decimal(12,2) NOT NULL DEFAULT 0.00 | provider: varchar(40) DEFAULT NULL | external_reference: varchar(190) DEFAULT NULL | transaction_id: varchar(190) DEFAULT NULL | expires_at: datetime DEFAULT NULL | paid_at: datetime DEFAULT NULL | reconciled_at: datetime DEFAULT NULL | updated_at: datetime NOT NULL | created_at: datetime NOT NULL",reservation_id -> sports_reservations.id | tenant_id -> tenants.id
sports_reservation_history,8,0,2,id: bigint(20) UNSIGNED NOT NULL | reservation_id: bigint(20) UNSIGNED NOT NULL | action: varchar(60) NOT NULL | old_status: varchar(40) DEFAULT NULL | new_status: varchar(40) DEFAULT NULL | notes: varchar(500) DEFAULT NULL | actor_user_id: bigint(20) UNSIGNED DEFAULT NULL | created_at: datetime NOT NULL,reservation_id -> sports_reservations.id | actor_user_id -> users.id
sports_reservations,32,0,5,"id: bigint(20) UNSIGNED NOT NULL | public_id: char(32) NOT NULL | tenant_id: bigint(20) UNSIGNED NOT NULL | court_id: bigint(20) UNSIGNED NOT NULL | modality_id: bigint(20) UNSIGNED DEFAULT NULL | customer_id: bigint(20) UNSIGNED DEFAULT NULL | customer_name: varchar(160) NOT NULL | customer_phone: varchar(30) NOT NULL | customer_email: varchar(190) DEFAULT NULL | starts_at: datetime NOT NULL | ends_at: datetime NOT NULL | duration_minutes: smallint(5) UNSIGNED NOT NULL | price_per_hour: decimal(10,2) NOT NULL | total_amount: decimal(10,2) NOT NULL | base_total_amount: decimal(12,2) DEFAULT NULL | pricing_multiplier: decimal(8,4) NOT NULL DEFAULT 1.0000 | pricing_details_json: longtext DEFAULT NULL | deposit_amount: decimal(10,2) NOT NULL DEFAULT 0.00 | status: enum('pending_payment','confirmed','completed','cancelled','no_show') NOT NULL DEFAULT 'confirmed' | payment_method: enum('pix','onsite') NOT NULL DEFAULT 'onsite' | payment_status: enum('not_required','pending','paid','refunded','cancelled') NOT NULL DEFAULT 'not_required' | manage_token_hash: char(64) NOT NULL | recurrence_group: char(32) DEFAULT NULL | tournament_match_id: bigint(20) UNSIGNED DEFAULT NULL | source: enum('public','internal','recurring') NOT NULL DEFAULT 'public' | notes: varchar(1000) DEFAULT NULL | terms_accepted_at: datetime DEFAULT NULL | confirmed_at: datetime DEFAULT NULL | cancelled_at: datetime DEFAULT NULL | created_by: bigint(20) UNSIGNED DEFAULT NULL | created_at: datetime NOT NULL | updated_at: datetime NOT NULL",court_id -> sports_courts.id | customer_id -> customers.id | modality_id -> sports_modalities.id | tenant_id -> tenants.id | created_by -> users.id
sports_settings,13,0,1,"tenant_id: bigint(20) UNSIGNED NOT NULL | public_enabled: tinyint(1) NOT NULL DEFAULT 1 | default_slot_minutes: smallint(5) UNSIGNED NOT NULL DEFAULT 60 | minimum_notice_minutes: int(10) UNSIGNED NOT NULL DEFAULT 60 | maximum_days_ahead: smallint(5) UNSIGNED NOT NULL DEFAULT 90 | cancellation_notice_minutes: int(10) UNSIGNED NOT NULL DEFAULT 720 | require_deposit: tinyint(1) NOT NULL DEFAULT 0 | deposit_type: enum('fixed','percent') NOT NULL DEFAULT 'percent' | deposit_value: decimal(10,2) NOT NULL DEFAULT 0.00 | pix_key: varchar(190) DEFAULT NULL | pix_holder: varchar(190) DEFAULT NULL | booking_terms: text DEFAULT NULL | updated_at: datetime NOT NULL",tenant_id -> tenants.id
sports_tournament_events,7,0,3,id: bigint(20) UNSIGNED NOT NULL | tenant_id: bigint(20) UNSIGNED NOT NULL | tournament_id: bigint(20) UNSIGNED NOT NULL | event_type: varchar(50) NOT NULL | detail: varchar(500) DEFAULT NULL | created_by: bigint(20) UNSIGNED DEFAULT NULL | created_at: datetime NOT NULL,tenant_id -> tenants.id | tournament_id -> sports_tournaments.id | created_by -> users.id
sports_tournament_matches,16,0,5,"id: bigint(20) UNSIGNED NOT NULL | tournament_id: bigint(20) UNSIGNED NOT NULL | tenant_id: bigint(20) UNSIGNED NOT NULL | court_id: bigint(20) UNSIGNED DEFAULT NULL | home_team_id: bigint(20) UNSIGNED DEFAULT NULL | away_team_id: bigint(20) UNSIGNED DEFAULT NULL | phase: varchar(80) NOT NULL | round_number: smallint(5) UNSIGNED DEFAULT NULL | group_name: varchar(40) DEFAULT NULL | starts_at: datetime DEFAULT NULL | reservation_id: bigint(20) UNSIGNED DEFAULT NULL | home_score: smallint(6) DEFAULT NULL | away_score: smallint(6) DEFAULT NULL | status: enum('scheduled','running','completed','cancelled') NOT NULL DEFAULT 'scheduled' | created_at: datetime NOT NULL | updated_at: datetime NOT NULL",away_team_id -> sports_tournament_teams.id | court_id -> sports_courts.id | home_team_id -> sports_tournament_teams.id | tenant_id -> tenants.id | tournament_id -> sports_tournaments.id
sports_tournament_team_players,5,0,3,team_id: bigint(20) UNSIGNED NOT NULL | customer_id: bigint(20) UNSIGNED NOT NULL | tenant_id: bigint(20) UNSIGNED NOT NULL | jersey_number: smallint(5) UNSIGNED DEFAULT NULL | created_at: datetime NOT NULL,customer_id -> customers.id | team_id -> sports_tournament_teams.id | tenant_id -> tenants.id
sports_tournament_teams,9,0,3,"id: bigint(20) UNSIGNED NOT NULL | tournament_id: bigint(20) UNSIGNED NOT NULL | tenant_id: bigint(20) UNSIGNED NOT NULL | name: varchar(160) NOT NULL | group_name: varchar(40) DEFAULT NULL | captain_customer_id: bigint(20) UNSIGNED DEFAULT NULL | payment_status: enum('pending','paid','cancelled','refunded') NOT NULL DEFAULT 'pending' | amount_paid: decimal(12,2) NOT NULL DEFAULT 0.00 | created_at: datetime NOT NULL",captain_customer_id -> customers.id | tenant_id -> tenants.id | tournament_id -> sports_tournaments.id
sports_tournaments,13,0,2,"id: bigint(20) UNSIGNED NOT NULL | tenant_id: bigint(20) UNSIGNED NOT NULL | modality_id: bigint(20) UNSIGNED DEFAULT NULL | name: varchar(160) NOT NULL | category: varchar(120) DEFAULT NULL | format: enum('groups','knockout','groups_knockout') NOT NULL DEFAULT 'groups_knockout' | registration_amount: decimal(12,2) NOT NULL DEFAULT 0.00 | starts_on: date NOT NULL | ends_on: date DEFAULT NULL | status: enum('draft','registration','running','completed','cancelled') NOT NULL DEFAULT 'draft' | champion_team_id: bigint(20) UNSIGNED DEFAULT NULL | created_at: datetime NOT NULL | updated_at: datetime NOT NULL",modality_id -> sports_modalities.id | tenant_id -> tenants.id
sports_waitlist,27,0,5,"id: bigint(20) UNSIGNED NOT NULL | public_token: char(32) NOT NULL | tenant_id: bigint(20) UNSIGNED NOT NULL | customer_id: bigint(20) UNSIGNED DEFAULT NULL | court_id: bigint(20) UNSIGNED DEFAULT NULL | modality_id: bigint(20) UNSIGNED DEFAULT NULL | customer_name: varchar(160) NOT NULL | customer_phone: varchar(30) NOT NULL | customer_email: varchar(190) DEFAULT NULL | notify_email: tinyint(1) NOT NULL DEFAULT 1 | notify_whatsapp: tinyint(1) NOT NULL DEFAULT 0 | preferred_date: date NOT NULL | preferred_start: time DEFAULT NULL | preferred_end: time DEFAULT NULL | flexibility_minutes: smallint(5) UNSIGNED NOT NULL DEFAULT 0 | duration_minutes: smallint(5) UNSIGNED NOT NULL DEFAULT 60 | status: enum('waiting','offered','converted','expired','cancelled') NOT NULL DEFAULT 'waiting' | offer_expires_at: datetime DEFAULT NULL | offered_at: datetime DEFAULT NULL | offered_starts_at: datetime DEFAULT NULL | offered_total: decimal(12,2) DEFAULT NULL | notification_queued_at: datetime DEFAULT NULL | last_notification_at: datetime DEFAULT NULL | converted_reservation_id: bigint(20) UNSIGNED DEFAULT NULL | notes: varchar(500) DEFAULT NULL | created_at: datetime NOT NULL | updated_at: datetime NOT NULL",court_id -> sports_courts.id | customer_id -> customers.id | modality_id -> sports_modalities.id | converted_reservation_id -> sports_reservations.id | tenant_id -> tenants.id
subscription_exemptions,13,1,4,"id: bigint(20) UNSIGNED NOT NULL | tenant_id: bigint(20) UNSIGNED NOT NULL | subscription_id: bigint(20) UNSIGNED DEFAULT NULL | exemption_type: enum('temporary','permanent') NOT NULL DEFAULT 'temporary' | starts_at: datetime NOT NULL | ends_at: datetime DEFAULT NULL | reason: varchar(500) NOT NULL | status: enum('active','revoked','expired') NOT NULL DEFAULT 'active' | granted_by: bigint(20) UNSIGNED DEFAULT NULL | revoked_by: bigint(20) UNSIGNED DEFAULT NULL | revoked_at: datetime DEFAULT NULL | created_at: datetime NOT NULL | updated_at: datetime NOT NULL",granted_by -> users.id | revoked_by -> users.id | subscription_id -> subscriptions.id | tenant_id -> tenants.id
subscription_history,9,0,1,id: bigint(20) UNSIGNED NOT NULL | subscription_id: bigint(20) UNSIGNED NOT NULL | tenant_id: bigint(20) UNSIGNED NOT NULL | from_plan_id: bigint(20) UNSIGNED DEFAULT NULL | to_plan_id: bigint(20) UNSIGNED DEFAULT NULL | from_status: varchar(30) DEFAULT NULL | to_status: varchar(30) DEFAULT NULL | reason: varchar(120) DEFAULT NULL | created_at: datetime NOT NULL,subscription_id -> subscriptions.id
subscription_module_adjustments,19,0,5,"id: bigint(20) UNSIGNED NOT NULL | public_id: char(32) NOT NULL | tenant_id: bigint(20) UNSIGNED NOT NULL | subscription_id: bigint(20) UNSIGNED NOT NULL | module_request_id: bigint(20) UNSIGNED DEFAULT NULL | module_addon_id: bigint(20) UNSIGNED DEFAULT NULL | action: enum('add','remove','consolidate') NOT NULL | previous_amount: decimal(10,2) NOT NULL | new_amount: decimal(10,2) NOT NULL | addon_monthly_price: decimal(10,2) NOT NULL DEFAULT 0.00 | provider: varchar(40) DEFAULT NULL | provider_reference: varchar(190) DEFAULT NULL | idempotency_key: char(64) NOT NULL | status: enum('pending','applied','failed','sync_required') NOT NULL DEFAULT 'pending' | error_code: varchar(120) DEFAULT NULL | created_by: bigint(20) UNSIGNED DEFAULT NULL | applied_at: datetime DEFAULT NULL | created_at: datetime NOT NULL | updated_at: datetime NOT NULL",module_addon_id -> tenant_module_addons.id | module_request_id -> module_requests.id | subscription_id -> subscriptions.id | tenant_id -> tenants.id | created_by -> users.id
subscription_notice_log,5,2,2,id: bigint(20) UNSIGNED NOT NULL | tenant_id: bigint(20) UNSIGNED NOT NULL | subscription_id: bigint(20) UNSIGNED NOT NULL | notice_key: varchar(40) NOT NULL | created_at: datetime NOT NULL,subscription_id -> subscriptions.id | tenant_id -> tenants.id
subscriptions,19,1,2,"id: bigint(20) UNSIGNED NOT NULL | tenant_id: bigint(20) UNSIGNED NOT NULL | plan_id: bigint(20) UNSIGNED NOT NULL | billing_cycle: enum('monthly','quarterly','semiannual','annual') NOT NULL DEFAULT 'monthly' | contracted_price: decimal(10,2) DEFAULT NULL | base_contracted_price: decimal(10,2) DEFAULT NULL | addon_contracted_price: decimal(10,2) NOT NULL DEFAULT 0.00 | status: enum('trial','active','past_due','suspended','cancelled') NOT NULL DEFAULT 'trial' | started_at: datetime NOT NULL | trial_started_at: datetime DEFAULT NULL | trial_ends_at: datetime DEFAULT NULL | trial_days_snapshot: smallint(5) UNSIGNED DEFAULT NULL | next_billing_at: datetime DEFAULT NULL | cancelled_at: datetime DEFAULT NULL | created_at: datetime NOT NULL | updated_at: datetime NOT NULL | provider_customer_id: varchar(190) DEFAULT NULL | provider_subscription_id: varchar(190) DEFAULT NULL | provider_plan_id: varchar(190) DEFAULT NULL",plan_id -> plans.id | tenant_id -> tenants.id
support_access_sessions,9,0,0,id: bigint(20) UNSIGNED NOT NULL | ticket_id: bigint(20) UNSIGNED NOT NULL | tenant_id: bigint(20) UNSIGNED NOT NULL | master_user_id: bigint(20) UNSIGNED NOT NULL | impersonated_user_id: bigint(20) UNSIGNED DEFAULT NULL | started_at: datetime NOT NULL | ended_at: datetime DEFAULT NULL | ip_address: varchar(64) DEFAULT NULL | actions_json: longtext CHARACTER SET utf8mb4 COLLATE utf8mb4_bin DEFAULT NULL CHECK (json_valid(`actions_json`)),
support_messages,6,0,1,id: bigint(20) UNSIGNED NOT NULL | ticket_id: bigint(20) UNSIGNED NOT NULL | user_id: bigint(20) UNSIGNED NOT NULL | message: text NOT NULL | attachment_path: varchar(255) DEFAULT NULL | created_at: datetime NOT NULL,ticket_id -> support_tickets.id
support_tickets,19,0,2,"id: bigint(20) UNSIGNED NOT NULL | protocol: varchar(30) NOT NULL | tenant_id: bigint(20) UNSIGNED NOT NULL | user_id: bigint(20) UNSIGNED NOT NULL | category: varchar(40) NOT NULL | subject: varchar(190) NOT NULL | description: text NOT NULL | source_url: varchar(500) DEFAULT NULL | browser_context: varchar(500) DEFAULT NULL | app_version: varchar(40) DEFAULT NULL | error_id: varchar(60) DEFAULT NULL | priority: enum('low','normal','high','urgent') NOT NULL DEFAULT 'normal' | status: enum('open','in_progress','waiting_user','resolved','closed') NOT NULL DEFAULT 'open' | assigned_to: bigint(20) UNSIGNED DEFAULT NULL | remote_access_allowed: tinyint(1) NOT NULL DEFAULT 0 | remote_access_allowed_at: datetime DEFAULT NULL | remote_access_revoked_at: datetime DEFAULT NULL | created_at: datetime NOT NULL | updated_at: datetime NOT NULL",tenant_id -> tenants.id | user_id -> users.id
tenant_domains,8,0,1,"id: bigint(20) UNSIGNED NOT NULL | tenant_id: bigint(20) UNSIGNED NOT NULL | domain: varchar(190) NOT NULL | status: enum('pending','verified','failed','disabled') NOT NULL DEFAULT 'pending' | verification_token: varchar(64) NOT NULL | verified_at: datetime DEFAULT NULL | created_at: datetime NOT NULL | updated_at: datetime NOT NULL",tenant_id -> tenants.id
tenant_loyalty_settings,7,0,1,"tenant_id: bigint(20) UNSIGNED NOT NULL | enabled: tinyint(1) NOT NULL DEFAULT 0 | points_per_currency: decimal(8,2) NOT NULL DEFAULT 1.00 | reward_points: int(10) UNSIGNED NOT NULL DEFAULT 100 | reward_value: decimal(10,2) NOT NULL DEFAULT 10.00 | referral_points: int(10) UNSIGNED NOT NULL DEFAULT 50 | updated_at: datetime NOT NULL",tenant_id -> tenants.id
tenant_module_addons,14,0,3,"id: bigint(20) UNSIGNED NOT NULL | tenant_id: bigint(20) UNSIGNED NOT NULL | module_id: bigint(20) UNSIGNED NOT NULL | module_request_id: bigint(20) UNSIGNED DEFAULT NULL | monthly_price: decimal(10,2) NOT NULL | status: enum('pending','active','past_due','cancelled') NOT NULL DEFAULT 'pending' | billing_mode: enum('separate','merged_subscription') NOT NULL DEFAULT 'separate' | provider: varchar(40) DEFAULT NULL | provider_reference: varchar(190) DEFAULT NULL | started_at: datetime DEFAULT NULL | next_billing_at: datetime DEFAULT NULL | cancelled_at: datetime DEFAULT NULL | created_at: datetime NOT NULL | updated_at: datetime NOT NULL",module_id -> modules.id | module_request_id -> module_requests.id | tenant_id -> tenants.id
tenant_modules,3,0,2,tenant_id: bigint(20) UNSIGNED NOT NULL | module_id: bigint(20) UNSIGNED NOT NULL | enabled: tinyint(1) NOT NULL,module_id -> modules.id | tenant_id -> tenants.id
tenant_onboarding,11,1,1,tenant_id: bigint(20) UNSIGNED NOT NULL | company_done: tinyint(1) NOT NULL DEFAULT 0 | branding_done: tinyint(1) NOT NULL DEFAULT 0 | unit_done: tinyint(1) NOT NULL DEFAULT 0 | professional_done: tinyint(1) NOT NULL DEFAULT 0 | service_done: tinyint(1) NOT NULL DEFAULT 0 | schedule_done: tinyint(1) NOT NULL DEFAULT 0 | payment_done: tinyint(1) NOT NULL DEFAULT 0 | public_page_done: tinyint(1) NOT NULL DEFAULT 0 | completed_at: datetime DEFAULT NULL | updated_at: datetime NOT NULL,tenant_id -> tenants.id
tenant_payment_connections,15,0,2,"id: bigint(20) UNSIGNED NOT NULL | tenant_id: bigint(20) UNSIGNED NOT NULL | provider: varchar(40) NOT NULL | display_name: varchar(120) NOT NULL | environment: enum('sandbox','production') NOT NULL DEFAULT 'sandbox' | auth_type: enum('oauth','api_credentials','manual') NOT NULL DEFAULT 'api_credentials' | credentials_encrypted: longtext DEFAULT NULL | metadata_json: longtext DEFAULT NULL | status: enum('pending','connected','error','disabled') NOT NULL DEFAULT 'pending' | last_tested_at: datetime DEFAULT NULL | last_sync_at: datetime DEFAULT NULL | last_error_code: varchar(80) DEFAULT NULL | created_by: bigint(20) UNSIGNED DEFAULT NULL | created_at: datetime NOT NULL | updated_at: datetime NOT NULL",tenant_id -> tenants.id | created_by -> users.id
tenant_payment_transactions,21,0,2,"id: bigint(20) UNSIGNED NOT NULL | tenant_id: bigint(20) UNSIGNED NOT NULL | connection_id: bigint(20) UNSIGNED NOT NULL | reference_type: varchar(40) NOT NULL | reference_id: bigint(20) UNSIGNED NOT NULL | external_reference: varchar(190) NOT NULL | provider_transaction_id: varchar(190) DEFAULT NULL | method: varchar(40) NOT NULL | gross_amount: decimal(12,2) NOT NULL | fee_amount: decimal(12,2) NOT NULL DEFAULT 0.00 | net_amount: decimal(12,2) NOT NULL DEFAULT 0.00 | status: enum('created','pending','paid','failed','cancelled','expired','refunded','partially_refunded') NOT NULL DEFAULT 'created' | pix_qr_code: longtext DEFAULT NULL | pix_copy_paste: longtext DEFAULT NULL | checkout_url: varchar(1000) DEFAULT NULL | expires_at: datetime DEFAULT NULL | paid_at: datetime DEFAULT NULL | reconciled_at: datetime DEFAULT NULL | idempotency_key: varchar(100) NOT NULL | created_at: datetime NOT NULL | updated_at: datetime NOT NULL",connection_id -> tenant_payment_connections.id | tenant_id -> tenants.id
tenant_payment_webhook_events,11,0,2,"id: bigint(20) UNSIGNED NOT NULL | connection_id: bigint(20) UNSIGNED NOT NULL | tenant_id: bigint(20) UNSIGNED NOT NULL | provider: varchar(40) NOT NULL | event_id: varchar(190) NOT NULL | payload_hash: char(64) NOT NULL | signature_valid: tinyint(1) NOT NULL DEFAULT 0 | status: enum('received','processed','ignored','failed') NOT NULL DEFAULT 'received' | error_code: varchar(80) DEFAULT NULL | received_at: datetime NOT NULL | processed_at: datetime DEFAULT NULL",connection_id -> tenant_payment_connections.id | tenant_id -> tenants.id
tenant_recurring_subscriptions,15,0,2,"id: bigint(20) UNSIGNED NOT NULL | tenant_id: bigint(20) UNSIGNED NOT NULL | connection_id: bigint(20) UNSIGNED NOT NULL | reference_type: varchar(40) NOT NULL | reference_id: bigint(20) UNSIGNED NOT NULL | external_reference: varchar(190) NOT NULL | provider_subscription_id: varchar(190) DEFAULT NULL | amount: decimal(12,2) NOT NULL | cycle_months: tinyint(3) UNSIGNED NOT NULL DEFAULT 1 | status: enum('pending','authorized','paused','cancelled','error') NOT NULL DEFAULT 'pending' | checkout_url: varchar(1000) DEFAULT NULL | idempotency_key: varchar(100) NOT NULL | last_payment_at: datetime DEFAULT NULL | created_at: datetime NOT NULL | updated_at: datetime NOT NULL",connection_id -> tenant_payment_connections.id | tenant_id -> tenants.id
tenant_schedule_settings,11,0,1,tenant_id: bigint(20) UNSIGNED NOT NULL | minimum_notice_minutes: int(10) UNSIGNED NOT NULL DEFAULT 30 | maximum_days_ahead: smallint(5) UNSIGNED NOT NULL DEFAULT 90 | slot_interval_minutes: smallint(5) UNSIGNED NOT NULL DEFAULT 15 | buffer_minutes: smallint(5) UNSIGNED NOT NULL DEFAULT 0 | customer_can_cancel: tinyint(1) NOT NULL DEFAULT 1 | customer_can_reschedule: tinyint(1) NOT NULL DEFAULT 1 | cancel_notice_minutes: int(10) UNSIGNED NOT NULL DEFAULT 120 | reminder_24h_enabled: tinyint(1) NOT NULL DEFAULT 1 | reminder_2h_enabled: tinyint(1) NOT NULL DEFAULT 0 | updated_at: datetime NOT NULL,tenant_id -> tenants.id
tenant_status_history,7,1,0,id: bigint(20) UNSIGNED NOT NULL | tenant_id: bigint(20) UNSIGNED NOT NULL | from_status: varchar(40) NOT NULL | to_status: varchar(40) NOT NULL | reason: varchar(500) NOT NULL | changed_by: bigint(20) UNSIGNED NOT NULL | created_at: datetime NOT NULL,
tenants,40,1,0,"id: bigint(20) UNSIGNED NOT NULL | name: varchar(150) NOT NULL | slug: varchar(120) NOT NULL | public_slug: varchar(120) DEFAULT NULL | public_short_code: varchar(16) DEFAULT NULL | public_booking_enabled: tinyint(1) NOT NULL DEFAULT 1 | document: varchar(32) DEFAULT NULL | email: varchar(190) DEFAULT NULL | phone: varchar(32) DEFAULT NULL | description: text DEFAULT NULL | category: varchar(60) DEFAULT NULL | default_locale: varchar(10) NOT NULL DEFAULT 'pt_BR' | logo_path: varchar(255) DEFAULT NULL | cover_path: varchar(255) DEFAULT NULL | primary_color: char(7) NOT NULL DEFAULT '#2563eb' | menu_color: char(7) NOT NULL DEFAULT '#17213b' | menu_text_color: char(7) NOT NULL DEFAULT '#dce3f7' | background_color: char(7) NOT NULL DEFAULT '#f4f6fb' | text_color: char(7) NOT NULL DEFAULT '#17213b' | font_family: varchar(40) NOT NULL DEFAULT 'Inter' | font_size: tinyint(3) UNSIGNED NOT NULL DEFAULT 15 | accepted_payment_methods: longtext CHARACTER SET utf8mb4 COLLATE utf8mb4_bin DEFAULT NULL CHECK (json_valid(`accepted_payment_methods`)) | public_sections: longtext CHARACTER SET utf8mb4 COLLATE utf8mb4_bin DEFAULT NULL CHECK (json_valid(`public_sections`)) | public_layout: varchar(24) NOT NULL DEFAULT 'editorial' | public_headline: varchar(120) DEFAULT NULL | public_subheadline: varchar(300) DEFAULT NULL | public_cta_label: varchar(60) DEFAULT NULL | public_announcement: varchar(160) DEFAULT NULL | public_accent_color: varchar(7) DEFAULT NULL | public_section_order: longtext CHARACTER SET utf8mb4 COLLATE utf8mb4_bin DEFAULT NULL CHECK (json_valid(`public_section_order`)) | public_seo_title: varchar(70) DEFAULT NULL | public_seo_description: varchar(180) DEFAULT NULL | public_instagram: varchar(120) DEFAULT NULL | public_enabled: tinyint(1) NOT NULL DEFAULT 0 | onboarding_step: tinyint(3) UNSIGNED NOT NULL DEFAULT 1 | status: enum('trial','active','suspended','cancelled') NOT NULL DEFAULT 'trial' | created_at: datetime NOT NULL | updated_at: datetime NOT NULL | deleted_at: datetime DEFAULT NULL | is_demo: tinyint(1) NOT NULL DEFAULT 0",
terms_acceptances,6,1,2,id: bigint(20) UNSIGNED NOT NULL | tenant_id: bigint(20) UNSIGNED NOT NULL | user_id: bigint(20) UNSIGNED NOT NULL | terms_version: varchar(30) NOT NULL | ip_address: varchar(64) DEFAULT NULL | accepted_at: datetime NOT NULL,tenant_id -> tenants.id | user_id -> users.id
two_factor_recovery_codes,5,8,1,id: bigint(20) UNSIGNED NOT NULL | user_id: bigint(20) UNSIGNED NOT NULL | code_hash: char(64) NOT NULL | used_at: datetime DEFAULT NULL | created_at: datetime NOT NULL,user_id -> users.id
two_factor_trusted_devices,12,2,1,id: bigint(20) UNSIGNED NOT NULL | user_id: bigint(20) UNSIGNED NOT NULL | selector: char(24) NOT NULL | validator_hash: char(64) NOT NULL | session_version: int(10) UNSIGNED NOT NULL | device_label: varchar(120) DEFAULT NULL | user_agent: varchar(500) DEFAULT NULL | ip_address: varchar(64) DEFAULT NULL | last_used_at: datetime DEFAULT NULL | expires_at: datetime NOT NULL | revoked_at: datetime DEFAULT NULL | created_at: datetime NOT NULL,user_id -> users.id
units,28,1,1,"id: bigint(20) UNSIGNED NOT NULL | tenant_id: bigint(20) UNSIGNED NOT NULL | name: varchar(150) NOT NULL | address: varchar(255) DEFAULT NULL | address_number: varchar(20) DEFAULT NULL | address_complement: varchar(120) DEFAULT NULL | district: varchar(100) DEFAULT NULL | city: varchar(100) DEFAULT NULL | state: char(2) DEFAULT NULL | postal_code: varchar(10) DEFAULT NULL | latitude: decimal(10,7) DEFAULT NULL | longitude: decimal(10,7) DEFAULT NULL | geocoded_at: datetime DEFAULT NULL | phone: varchar(32) DEFAULT NULL | whatsapp: varchar(30) DEFAULT NULL | email: varchar(190) DEFAULT NULL | instagram: varchar(190) DEFAULT NULL | facebook: varchar(255) DEFAULT NULL | tiktok: varchar(190) DEFAULT NULL | website: varchar(255) DEFAULT NULL | map_url: varchar(500) DEFAULT NULL | amenities: longtext CHARACTER SET utf8mb4 COLLATE utf8mb4_bin DEFAULT NULL CHECK (json_valid(`amenities`)) | payment_methods: longtext CHARACTER SET utf8mb4 COLLATE utf8mb4_bin DEFAULT NULL CHECK (json_valid(`payment_methods`)) | public_notes: varchar(500) DEFAULT NULL | is_primary: tinyint(1) NOT NULL DEFAULT 0 | active: tinyint(1) NOT NULL DEFAULT 1 | created_at: datetime NOT NULL | updated_at: datetime NOT NULL",tenant_id -> tenants.id
user_blocks,10,0,1,id: bigint(20) UNSIGNED NOT NULL | user_id: bigint(20) UNSIGNED NOT NULL | tenant_id: bigint(20) UNSIGNED DEFAULT NULL | reason_code: varchar(40) NOT NULL | reason_text: varchar(500) DEFAULT NULL | blocked_by: bigint(20) UNSIGNED DEFAULT NULL | blocked_at: datetime NOT NULL | expires_at: datetime DEFAULT NULL | unblocked_by: bigint(20) UNSIGNED DEFAULT NULL | unblocked_at: datetime DEFAULT NULL,user_id -> users.id
user_notifications,10,11,1,"id: bigint(20) UNSIGNED NOT NULL | tenant_id: bigint(20) UNSIGNED DEFAULT NULL | user_id: bigint(20) UNSIGNED NOT NULL | type: varchar(60) NOT NULL | title: varchar(190) NOT NULL | message: varchar(500) NOT NULL | action_url: varchar(255) DEFAULT NULL | severity: enum('info','success','warning','danger') NOT NULL DEFAULT 'info' | read_at: datetime DEFAULT NULL | created_at: datetime NOT NULL",user_id -> users.id
user_roles,2,4,2,user_id: bigint(20) UNSIGNED NOT NULL | role_id: bigint(20) UNSIGNED NOT NULL,role_id -> roles.id | user_id -> users.id
users,17,4,1,"id: bigint(20) UNSIGNED NOT NULL | tenant_id: bigint(20) UNSIGNED DEFAULT NULL | name: varchar(150) NOT NULL | email: varchar(190) NOT NULL | password_hash: varchar(255) NOT NULL | must_change_password: tinyint(1) NOT NULL DEFAULT 0 | password_changed_at: datetime DEFAULT NULL | status: enum('active','pending','blocked','inactive') NOT NULL DEFAULT 'active' | locale: varchar(10) NOT NULL DEFAULT 'pt_BR' | last_login_at: datetime DEFAULT NULL | email_verified_at: datetime DEFAULT NULL | session_version: int(10) UNSIGNED NOT NULL DEFAULT 1 | two_factor_secret: longtext DEFAULT NULL | two_factor_enabled_at: datetime DEFAULT NULL | two_factor_last_step: bigint(20) DEFAULT NULL | created_at: datetime NOT NULL | updated_at: datetime NOT NULL",tenant_id -> tenants.id
waitlist_entries,12,0,3,"id: bigint(20) UNSIGNED NOT NULL | tenant_id: bigint(20) UNSIGNED NOT NULL | customer_id: bigint(20) UNSIGNED NOT NULL | service_id: bigint(20) UNSIGNED NOT NULL | professional_id: bigint(20) UNSIGNED DEFAULT NULL | preferred_date: date DEFAULT NULL | period: enum('any','morning','afternoon','evening') NOT NULL DEFAULT 'any' | status: enum('waiting','matched','booked','cancelled','expired') NOT NULL DEFAULT 'waiting' | notes: varchar(255) DEFAULT NULL | created_at: datetime NOT NULL | updated_at: datetime NOT NULL | last_notified_at: datetime DEFAULT NULL",customer_id -> customers.id | professional_id -> professionals.id | service_id -> services.id
webhook_events,8,0,0,"id: bigint(20) UNSIGNED NOT NULL | provider: varchar(60) NOT NULL | event_id: varchar(190) NOT NULL | signature_valid: tinyint(1) NOT NULL | payload_hash: char(64) NOT NULL | status: enum('received','processed','rejected','failed') NOT NULL | received_at: datetime NOT NULL | processed_at: datetime DEFAULT NULL",
whatsapp_conversations,12,0,3,"id: bigint(20) UNSIGNED NOT NULL | tenant_id: bigint(20) UNSIGNED NOT NULL | customer_id: bigint(20) UNSIGNED DEFAULT NULL | wa_id: varchar(32) NOT NULL | contact_name: varchar(150) DEFAULT NULL | status: enum('bot','waiting_human','human','closed') NOT NULL DEFAULT 'bot' | bot_state: varchar(60) NOT NULL DEFAULT 'welcome' | assigned_to: bigint(20) UNSIGNED DEFAULT NULL | context_json: longtext CHARACTER SET utf8mb4 COLLATE utf8mb4_bin DEFAULT NULL CHECK (json_valid(`context_json`)) | last_message_at: datetime NOT NULL | created_at: datetime NOT NULL | updated_at: datetime NOT NULL",assigned_to -> users.id | customer_id -> customers.id | tenant_id -> tenants.id
whatsapp_messages,13,0,3,"id: bigint(20) UNSIGNED NOT NULL | conversation_id: bigint(20) UNSIGNED NOT NULL | tenant_id: bigint(20) UNSIGNED NOT NULL | provider_message_id: varchar(190) DEFAULT NULL | direction: enum('in','out') NOT NULL | sender_type: enum('customer','bot','user','system') NOT NULL | user_id: bigint(20) UNSIGNED DEFAULT NULL | message_type: varchar(30) NOT NULL DEFAULT 'text' | body: text DEFAULT NULL | status: enum('received','queued','sent','delivered','read','failed') NOT NULL | error_message: varchar(500) DEFAULT NULL | created_at: datetime NOT NULL | sent_at: datetime DEFAULT NULL",conversation_id -> whatsapp_conversations.id | tenant_id -> tenants.id | user_id -> users.id
